-- phpMyAdmin SQL Dump
-- version 4.9.7
-- https://www.phpmyadmin.net/
--
-- Host: localhost:3306
-- Generation Time: Sep 07, 2022 at 09:59 AM
-- Server version: 10.3.35-MariaDB-cll-lve
-- PHP Version: 7.4.30

SET SQL_MODE = "NO_AUTO_VALUE_ON_ZERO";
SET AUTOCOMMIT = 0;
START TRANSACTION;
SET time_zone = "+00:00";


/*!40101 SET @OLD_CHARACTER_SET_CLIENT=@@CHARACTER_SET_CLIENT */;
/*!40101 SET @OLD_CHARACTER_SET_RESULTS=@@CHARACTER_SET_RESULTS */;
/*!40101 SET @OLD_COLLATION_CONNECTION=@@COLLATION_CONNECTION */;
/*!40101 SET NAMES utf8mb4 */;

--
-- Database: `roadnstay_roadnstays`
--

-- --------------------------------------------------------

--
-- Table structure for table `admins`
--

CREATE TABLE `admins` (
  `id` bigint(20) UNSIGNED NOT NULL,
  `name` varchar(255) COLLATE utf8mb4_unicode_ci NOT NULL,
  `email` varchar(255) COLLATE utf8mb4_unicode_ci NOT NULL,
  `email_verified_at` timestamp NULL DEFAULT NULL,
  `password` varchar(255) COLLATE utf8mb4_unicode_ci NOT NULL,
  `remember_token` varchar(100) COLLATE utf8mb4_unicode_ci DEFAULT NULL,
  `admin_address` varchar(100) COLLATE utf8mb4_unicode_ci DEFAULT NULL,
  `admin_city` varchar(100) COLLATE utf8mb4_unicode_ci DEFAULT NULL,
  `admin_state` varchar(100) COLLATE utf8mb4_unicode_ci DEFAULT NULL,
  `admin_country` varchar(100) COLLATE utf8mb4_unicode_ci DEFAULT NULL,
  `admin_postal_code` varchar(100) COLLATE utf8mb4_unicode_ci DEFAULT NULL,
  `admin_number` varchar(100) COLLATE utf8mb4_unicode_ci DEFAULT NULL,
  `tour_op_name` varchar(100) COLLATE utf8mb4_unicode_ci DEFAULT NULL,
  `tour_op_contact_name` varchar(100) COLLATE utf8mb4_unicode_ci DEFAULT NULL,
  `num_dialcode_2` varchar(100) COLLATE utf8mb4_unicode_ci DEFAULT NULL,
  `country_iso2_code2` varchar(100) COLLATE utf8mb4_unicode_ci DEFAULT NULL,
  `tour_op_contact_num` varchar(100) COLLATE utf8mb4_unicode_ci DEFAULT NULL,
  `tour_op_email` varchar(100) COLLATE utf8mb4_unicode_ci DEFAULT NULL,
  `num_dialcode_3` varchar(100) COLLATE utf8mb4_unicode_ci DEFAULT NULL,
  `country_iso2_code3` varchar(100) COLLATE utf8mb4_unicode_ci DEFAULT NULL,
  `tour_op_booking_num` int(11) DEFAULT NULL,
  `tour_office_address` varchar(100) COLLATE utf8mb4_unicode_ci DEFAULT NULL,
  `tour_op_instagram` varchar(100) COLLATE utf8mb4_unicode_ci DEFAULT NULL,
  `tour_op_facebook` varchar(100) COLLATE utf8mb4_unicode_ci DEFAULT NULL,
  `tour_op_web_add` varchar(100) COLLATE utf8mb4_unicode_ci DEFAULT NULL,
  `tour_op_tiktok` varchar(100) COLLATE utf8mb4_unicode_ci DEFAULT NULL,
  `tour_op_youtube` varchar(100) COLLATE utf8mb4_unicode_ci DEFAULT NULL,
  `tour_op_bank_name` varchar(100) COLLATE utf8mb4_unicode_ci DEFAULT NULL,
  `tour_op_account_title` varchar(100) COLLATE utf8mb4_unicode_ci DEFAULT NULL,
  `tour_op_account_num` int(11) DEFAULT NULL,
  `tour_op_branch` varchar(100) COLLATE utf8mb4_unicode_ci DEFAULT NULL,
  `tour_op_easypaisa_num` varchar(100) COLLATE utf8mb4_unicode_ci DEFAULT NULL,
  `tour_op_easypaisa_name` varchar(100) COLLATE utf8mb4_unicode_ci DEFAULT NULL,
  `tour_op_jazzcash_num` varchar(100) COLLATE utf8mb4_unicode_ci DEFAULT NULL,
  `tour_op_jazzcash_name` varchar(100) COLLATE utf8mb4_unicode_ci DEFAULT NULL,
  `tour_op_notes` text COLLATE utf8mb4_unicode_ci DEFAULT NULL,
  `tour_contract_date` date DEFAULT NULL,
  `tour_contract_terms` varchar(100) COLLATE utf8mb4_unicode_ci DEFAULT NULL,
  `tour_op_document` varchar(100) COLLATE utf8mb4_unicode_ci DEFAULT NULL,
  `tour_op_img` varchar(100) COLLATE utf8mb4_unicode_ci DEFAULT NULL,
  `tour_op_id_front_img` varchar(100) COLLATE utf8mb4_unicode_ci DEFAULT NULL,
  `tour_op_id_back_img` varchar(100) COLLATE utf8mb4_unicode_ci DEFAULT NULL,
  `tour_op_id_number` varchar(100) COLLATE utf8mb4_unicode_ci DEFAULT NULL,
  `created_at` timestamp NULL DEFAULT NULL,
  `updated_at` timestamp NULL DEFAULT NULL
) ENGINE=InnoDB DEFAULT CHARSET=utf8mb4 COLLATE=utf8mb4_unicode_ci;

--
-- Dumping data for table `admins`
--

INSERT INTO `admins` (`id`, `name`, `email`, `email_verified_at`, `password`, `remember_token`, `admin_address`, `admin_city`, `admin_state`, `admin_country`, `admin_postal_code`, `admin_number`, `tour_op_name`, `tour_op_contact_name`, `num_dialcode_2`, `country_iso2_code2`, `tour_op_contact_num`, `tour_op_email`, `num_dialcode_3`, `country_iso2_code3`, `tour_op_booking_num`, `tour_office_address`, `tour_op_instagram`, `tour_op_facebook`, `tour_op_web_add`, `tour_op_tiktok`, `tour_op_youtube`, `tour_op_bank_name`, `tour_op_account_title`, `tour_op_account_num`, `tour_op_branch`, `tour_op_easypaisa_num`, `tour_op_easypaisa_name`, `tour_op_jazzcash_num`, `tour_op_jazzcash_name`, `tour_op_notes`, `tour_contract_date`, `tour_contract_terms`, `tour_op_document`, `tour_op_img`, `tour_op_id_front_img`, `tour_op_id_back_img`, `tour_op_id_number`, `created_at`, `updated_at`) VALUES
(1, 'RoadnStays Admin', 'admin@gmail.com', NULL, '$2y$10$MhWnBFhDk2ruulwlWeEni.JfhPOTqhsAnePBs/E9aZqErI9B6At7q', NULL, 'Lahore', 'Lahore', 'Panjab', 'Pakistan', '05499', '+92 342 4514629', 'Gilgit Baltistan Tourism Club', 'Admin', '92', 'pk', '+92 342 4514629', 'admin@gmail.com', '1', 'us', 2147483647, 'Vijay Nagar', 'instagram.com', 'https://vm.tiktok.com/gbtourism786', 'https://vm.tiktok.com/gbtourism786', 'https://vm.tiktok.com/gbtourism786', 'https://www.youtube.com', 'Habib Bank Limited', 'Jumail haider', 2147483647, 'indore', '4564654454', 'Jumail Haider', '4564654454', 'Jumail Haider', 'sdfsdf', '2022-08-27', 'dfsdf', NULL, '1655969332_pexels-naim-benjelloun-2029722-1661409093.jpg', '1655969332_pexels-naim-benjelloun-2029722-1661409093.jpg', '1655294814_monte-1661409093.jpg', '546654SDFSD', '2022-05-19 01:44:25', '2022-05-19 01:44:25');

-- --------------------------------------------------------

--
-- Table structure for table `amenities_type`
--

CREATE TABLE `amenities_type` (
  `id` int(11) NOT NULL,
  `name` varchar(255) COLLATE utf8_unicode_ci NOT NULL,
  `amenity_name_type` varchar(255) COLLATE utf8_unicode_ci DEFAULT NULL,
  `status` tinyint(2) NOT NULL DEFAULT 1
) ENGINE=InnoDB DEFAULT CHARSET=utf8 COLLATE=utf8_unicode_ci;

--
-- Dumping data for table `amenities_type`
--

INSERT INTO `amenities_type` (`id`, `name`, `amenity_name_type`, `status`) VALUES
(1, 'Room Amenitie', 'Room_Amenities', 1),
(2, 'Bathroom', 'Bathroom', 1),
(3, 'Media and Technology', 'Media_and_Technology', 1),
(4, 'Food & drink', 'Food_&_drink', 1),
(5, 'Outdoor and view', 'Outdoor_and_view', 1);

-- --------------------------------------------------------

--
-- Table structure for table `booking`
--

CREATE TABLE `booking` (
  `id` int(11) NOT NULL,
  `user_id` int(11) NOT NULL,
  `hotel_id` int(11) NOT NULL,
  `room_id` int(11) DEFAULT NULL,
  `check_in` date DEFAULT NULL,
  `check_out` date DEFAULT NULL,
  `total_days` int(11) DEFAULT NULL,
  `total_room` int(11) DEFAULT NULL,
  `total_member` int(11) DEFAULT NULL,
  `coupon_code` varchar(255) COLLATE utf8_unicode_ci DEFAULT NULL,
  `discount` varchar(255) COLLATE utf8_unicode_ci DEFAULT NULL,
  `cleaning_fee` double(10,2) DEFAULT NULL,
  `city_fee` double(10,2) DEFAULT NULL,
  `tax_percentage` double(10,2) DEFAULT NULL,
  `total_amount` double(10,2) DEFAULT NULL,
  `booking_status` enum('pending','processing','canceled','confirmed') COLLATE utf8_unicode_ci DEFAULT NULL,
  `cancel_reason` varchar(255) COLLATE utf8_unicode_ci DEFAULT NULL,
  `cancel_details` text COLLATE utf8_unicode_ci DEFAULT NULL,
  `payment_id` varchar(255) COLLATE utf8_unicode_ci DEFAULT NULL,
  `payment_token` varchar(255) COLLATE utf8_unicode_ci DEFAULT NULL,
  `payer_id` varchar(255) COLLATE utf8_unicode_ci DEFAULT NULL,
  `payment_type` varchar(255) COLLATE utf8_unicode_ci DEFAULT NULL,
  `payment_status` varchar(255) COLLATE utf8_unicode_ci DEFAULT NULL,
  `created_at` datetime NOT NULL DEFAULT '0000-00-00 00:00:00' ON UPDATE current_timestamp(),
  `updated_at` timestamp NOT NULL DEFAULT current_timestamp() ON UPDATE current_timestamp()
) ENGINE=InnoDB DEFAULT CHARSET=utf8 COLLATE=utf8_unicode_ci;

--
-- Dumping data for table `booking`
--

INSERT INTO `booking` (`id`, `user_id`, `hotel_id`, `room_id`, `check_in`, `check_out`, `total_days`, `total_room`, `total_member`, `coupon_code`, `discount`, `cleaning_fee`, `city_fee`, `tax_percentage`, `total_amount`, `booking_status`, `cancel_reason`, `cancel_details`, `payment_id`, `payment_token`, `payer_id`, `payment_type`, `payment_status`, `created_at`, `updated_at`) VALUES
(1, 678, 100, 55, '2022-06-28', '2022-06-28', 1, 1, 2, NULL, NULL, NULL, NULL, NULL, 610.00, 'canceled', NULL, NULL, 'PAYID-MK5MDVA81A50106HU238121H', 'EC-9SR43850K62596739', 'ER72HMHPHXM3S', 'paypal', 'successful', '2022-07-15 08:17:56', '2022-07-15 08:17:56'),
(2, 678, 118, 109, '2022-07-15', '2022-07-17', 3, 1, 2, NULL, NULL, NULL, NULL, NULL, 120.00, 'canceled', NULL, NULL, 'PAYID-MK5P6CI74U00161R3810583J', 'EC-9RP38088J5741813M', 'ER72HMHPHXM3S', 'paypal', 'successful', '2022-07-15 08:18:20', '2022-07-15 08:18:20'),
(3, 678, 100, 55, '2022-06-30', '2022-06-30', 1, 1, 2, NULL, NULL, NULL, NULL, NULL, 610.00, 'pending', NULL, NULL, 'PAYID-MK6XVQI37M84890HR7113208', 'EC-0K850409FP8628944', 'ER72HMHPHXM3S', 'paypal', 'successful', '2022-06-30 10:29:06', '2022-06-30 10:29:06'),
(4, 678, 100, 55, '2022-06-30', '2022-07-01', 1, 1, 2, NULL, NULL, NULL, NULL, NULL, 610.00, 'pending', NULL, NULL, 'PAYID-MK6ZBOI3U773578B6822941D', 'EC-5EB90005AY755401R', 'ER72HMHPHXM3S', 'paypal', 'successful', '2022-06-30 12:02:46', '2022-06-30 12:02:46'),
(5, 678, 100, 55, '2022-06-30', '2022-07-01', 1, 1, 2, NULL, NULL, NULL, NULL, NULL, 610.00, 'pending', NULL, NULL, 'PAYID-MK6ZC7Q09143371K53849932', 'EC-9UR163189J926324A', 'ER72HMHPHXM3S', 'paypal', 'successful', '2022-06-30 12:05:41', '2022-06-30 12:05:41'),
(6, 678, 100, 55, '2022-06-30', '2022-07-01', 1, 1, 2, NULL, NULL, NULL, NULL, NULL, 610.00, 'pending', NULL, NULL, 'PAYID-MK6ZC7Q09143371K53849932', 'EC-9UR163189J926324A', 'ER72HMHPHXM3S', 'paypal', 'successful', '2022-06-30 12:13:46', '2022-06-30 12:13:46'),
(7, 678, 100, 55, '2022-06-30', '2022-07-01', 1, 1, 2, NULL, NULL, NULL, NULL, NULL, 610.00, 'pending', NULL, NULL, 'PAYID-MK6ZC7Q09143371K53849932', 'EC-9UR163189J926324A', 'ER72HMHPHXM3S', 'paypal', 'successful', '2022-06-30 12:14:57', '2022-06-30 12:14:57'),
(8, 678, 100, 55, '2022-06-30', '2022-07-01', 1, 1, 2, NULL, NULL, NULL, NULL, NULL, 610.00, 'pending', NULL, NULL, 'PAYID-MK6ZC7Q09143371K53849932', 'EC-9UR163189J926324A', 'ER72HMHPHXM3S', 'paypal', 'successful', '2022-06-30 12:15:34', '2022-06-30 12:15:34'),
(9, 678, 100, 55, '2022-06-30', '2022-07-01', 1, 1, 2, NULL, NULL, NULL, NULL, NULL, 610.00, 'pending', NULL, NULL, 'PAYID-MK6ZC7Q09143371K53849932', 'EC-9UR163189J926324A', 'ER72HMHPHXM3S', 'paypal', 'successful', '2022-06-30 12:16:30', '2022-06-30 12:16:30'),
(10, 678, 100, 55, '2022-06-30', '2022-07-01', 1, 1, 2, NULL, NULL, NULL, NULL, NULL, 610.00, 'pending', NULL, NULL, 'PAYID-MK6ZC7Q09143371K53849932', 'EC-9UR163189J926324A', 'ER72HMHPHXM3S', 'paypal', 'successful', '2022-06-30 12:17:08', '2022-06-30 12:17:08'),
(11, 678, 100, 55, '2022-06-30', '2022-07-01', 1, 1, 2, NULL, NULL, NULL, NULL, NULL, 610.00, 'pending', NULL, NULL, 'PAYID-MK6ZC7Q09143371K53849932', 'EC-9UR163189J926324A', 'ER72HMHPHXM3S', 'paypal', 'successful', '2022-06-30 12:17:29', '2022-06-30 12:17:29'),
(12, 678, 100, 55, '2022-06-30', '2022-07-01', 1, 1, 2, NULL, NULL, NULL, NULL, NULL, 610.00, 'pending', NULL, NULL, 'PAYID-MK6ZC7Q09143371K53849932', 'EC-9UR163189J926324A', 'ER72HMHPHXM3S', 'paypal', 'successful', '2022-06-30 12:18:17', '2022-06-30 12:18:17'),
(13, 678, 100, 55, '2022-06-30', '2022-07-01', 1, 1, 2, NULL, NULL, NULL, NULL, NULL, 610.00, 'pending', NULL, NULL, 'PAYID-MK6ZC7Q09143371K53849932', 'EC-9UR163189J926324A', 'ER72HMHPHXM3S', 'paypal', 'successful', '2022-06-30 12:18:51', '2022-06-30 12:18:51'),
(14, 678, 100, 55, '2022-06-30', '2022-07-01', 1, 1, 2, NULL, NULL, NULL, NULL, NULL, 610.00, 'pending', NULL, NULL, 'PAYID-MK6ZC7Q09143371K53849932', 'EC-9UR163189J926324A', 'ER72HMHPHXM3S', 'paypal', 'successful', '2022-06-30 12:19:55', '2022-06-30 12:19:55'),
(15, 678, 100, 55, '2022-06-30', '2022-07-01', 1, 1, 2, NULL, NULL, NULL, NULL, NULL, 610.00, 'pending', NULL, NULL, 'PAYID-MK6ZC7Q09143371K53849932', 'EC-9UR163189J926324A', 'ER72HMHPHXM3S', 'paypal', 'successful', '2022-06-30 12:20:34', '2022-06-30 12:20:34'),
(16, 678, 100, 55, '2022-06-30', '2022-07-01', 1, 1, 2, NULL, NULL, NULL, NULL, NULL, 610.00, 'pending', NULL, NULL, 'PAYID-MK6ZC7Q09143371K53849932', 'EC-9UR163189J926324A', 'ER72HMHPHXM3S', 'paypal', 'successful', '2022-06-30 12:22:28', '2022-06-30 12:22:28'),
(17, 678, 100, 55, '2022-06-30', '2022-07-01', 1, 1, 2, NULL, NULL, NULL, NULL, NULL, 610.00, 'pending', NULL, NULL, 'PAYID-MK6ZC7Q09143371K53849932', 'EC-9UR163189J926324A', 'ER72HMHPHXM3S', 'paypal', 'successful', '2022-06-30 12:23:07', '2022-06-30 12:23:07'),
(18, 678, 100, 55, '2022-06-30', '2022-07-01', 1, 1, 2, NULL, NULL, NULL, NULL, NULL, 610.00, 'pending', NULL, NULL, 'PAYID-MK6ZC7Q09143371K53849932', 'EC-9UR163189J926324A', 'ER72HMHPHXM3S', 'paypal', 'successful', '2022-06-30 12:23:27', '2022-06-30 12:23:27'),
(19, 678, 100, 55, '2022-06-30', '2022-07-01', 1, 1, 2, NULL, NULL, NULL, NULL, NULL, 610.00, 'pending', NULL, NULL, 'PAYID-MK6ZC7Q09143371K53849932', 'EC-9UR163189J926324A', 'ER72HMHPHXM3S', 'paypal', 'successful', '2022-06-30 12:23:53', '2022-06-30 12:23:53'),
(20, 678, 100, 55, '2022-06-30', '2022-07-01', 1, 1, 2, NULL, NULL, NULL, NULL, NULL, 610.00, 'pending', NULL, NULL, 'PAYID-MK6ZC7Q09143371K53849932', 'EC-9UR163189J926324A', 'ER72HMHPHXM3S', 'paypal', 'successful', '2022-06-30 12:24:46', '2022-06-30 12:24:46'),
(21, 678, 100, 55, '2022-06-30', '2022-07-01', 1, 1, 2, NULL, NULL, NULL, NULL, NULL, 610.00, 'pending', NULL, NULL, 'PAYID-MK6ZC7Q09143371K53849932', 'EC-9UR163189J926324A', 'ER72HMHPHXM3S', 'paypal', 'successful', '2022-06-30 12:25:36', '2022-06-30 12:25:36'),
(22, 678, 100, 55, '2022-06-30', '2022-07-01', 1, 1, 2, NULL, NULL, NULL, NULL, NULL, 610.00, 'pending', NULL, NULL, 'PAYID-MK6ZC7Q09143371K53849932', 'EC-9UR163189J926324A', 'ER72HMHPHXM3S', 'paypal', 'successful', '2022-06-30 12:26:30', '2022-06-30 12:26:30'),
(23, 678, 100, 55, '2022-06-30', '2022-07-01', 1, 1, 2, NULL, NULL, NULL, NULL, NULL, 610.00, 'pending', NULL, NULL, 'PAYID-MK6ZC7Q09143371K53849932', 'EC-9UR163189J926324A', 'ER72HMHPHXM3S', 'paypal', 'successful', '2022-06-30 12:27:53', '2022-06-30 12:27:53'),
(24, 678, 100, 55, '2022-06-30', '2022-07-01', 1, 1, 2, NULL, NULL, NULL, NULL, NULL, 610.00, 'pending', NULL, NULL, 'PAYID-MK6ZRJA23H232566G686170R', 'EC-87627940X4983833A', 'ER72HMHPHXM3S', 'paypal', 'successful', '2022-06-30 12:39:51', '2022-06-30 12:39:51'),
(25, 678, 100, 55, '2022-06-30', '2022-07-01', 1, 1, 2, NULL, NULL, NULL, NULL, NULL, 610.00, 'pending', NULL, NULL, 'PAYID-MK6ZRJA23H232566G686170R', 'EC-87627940X4983833A', 'ER72HMHPHXM3S', 'paypal', 'successful', '2022-06-30 12:42:13', '2022-06-30 12:42:13'),
(26, 678, 100, 55, '2022-06-30', '2022-07-01', 1, 1, 2, NULL, NULL, NULL, NULL, NULL, 610.00, 'pending', NULL, NULL, 'PAYID-MK6ZRJA23H232566G686170R', 'EC-87627940X4983833A', 'ER72HMHPHXM3S', 'paypal', 'successful', '2022-06-30 12:43:53', '2022-06-30 12:43:53'),
(27, 678, 100, 55, '2022-06-30', '2022-07-01', 1, 1, 10, NULL, NULL, NULL, NULL, NULL, 610.00, 'pending', NULL, NULL, 'PAYID-MK6ZRJA23H232566G686170R', 'EC-87627940X4983833A', 'ER72HMHPHXM3S', 'paypal', 'successful', '2022-07-01 11:55:28', '2022-07-01 11:55:28'),
(28, 689, 118, 107, '2022-07-11', '2022-07-11', 1, 1, 2, NULL, NULL, NULL, NULL, NULL, 2020.00, 'pending', NULL, NULL, 'PAYID-MK62AYY3RV372434G919421K', 'EC-5RH479112J290004F', '48GK5H7XDPGS2', 'paypal', 'successful', '2022-06-30 13:12:15', '2022-06-30 13:12:15'),
(29, 678, 118, 107, '2022-07-01', '2022-07-03', 2, 1, 2, NULL, NULL, NULL, NULL, NULL, 2020.00, 'pending', NULL, NULL, 'PAYID-MK7JLVQ4KX176227B675141Y', 'EC-9AM9480375034023N', 'ER72HMHPHXM3S', 'paypal', 'successful', '2022-07-01 06:36:41', '2022-07-01 06:36:41'),
(30, 689, 80, 110, '2022-07-02', '2022-07-03', 1, 1, 2, NULL, NULL, NULL, NULL, NULL, 2.00, 'pending', NULL, NULL, 'PAYID-MLABYSI2HA83817KC271753J', 'EC-51P95724B4529473Y', '48GK5H7XDPGS2', 'paypal', 'successful', '2022-07-05 08:51:13', '2022-07-05 08:51:13'),
(31, 689, 92, 39, '2022-07-19', '2022-07-21', 2, 1, 2, NULL, NULL, NULL, NULL, NULL, 12000.00, 'pending', NULL, NULL, 'PAYID-MLB6GGY9BX2761732298802V', 'EC-96W67082RX903431X', '48GK5H7XDPGS2', 'paypal', 'successful', '2022-07-05 07:07:30', '2022-07-05 07:07:30'),
(32, 689, 95, 76, '2022-07-29', '2022-07-30', 2, 5, 9, NULL, NULL, NULL, NULL, NULL, 1112.00, 'pending', NULL, NULL, 'PAYID-MLCBM7Q93J95424R95161212', 'EC-6LD28868NY5513839', '48GK5H7XDPGS2', 'paypal', 'successful', '2022-07-25 11:58:36', '2022-07-25 11:58:36'),
(33, 689, 95, 84, '2022-07-29', '2022-07-30', 2, 5, 10, NULL, NULL, 100.00, 10.00, 3.00, 1113.00, 'pending', NULL, NULL, 'PAYID-MLCBS6Q4K6134996R194432J', 'EC-8E444124G1254081F', '48GK5H7XDPGS2', 'paypal', 'successful', '2022-07-25 11:57:49', '2022-07-25 11:57:49'),
(34, 689, 80, 46, '2022-07-07', '2022-07-07', 0, 1, 2, NULL, NULL, 100.00, 10.00, NULL, 110.00, 'pending', NULL, NULL, 'PAYID-MLDKNFA37H293450D5900927', 'EC-6NB23909NH553374N', '48GK5H7XDPGS2', 'paypal', 'successful', '2022-07-07 09:25:56', '2022-07-07 09:25:56'),
(35, 689, 100, 55, '2022-07-07', '2022-07-07', 0, 1, 2, NULL, NULL, 100.00, 10.00, NULL, 110.00, 'pending', NULL, NULL, 'PAYID-MLDKNWA03673745VB6316205', 'EC-6NB71775MP9460232', '48GK5H7XDPGS2', 'paypal', 'successful', '2022-07-07 09:26:57', '2022-07-07 09:26:57'),
(36, 689, 100, 55, '2022-07-07', '2022-07-08', 1, 1, 2, NULL, NULL, 100.00, 10.00, NULL, 610.00, 'pending', NULL, NULL, 'PAYID-MLDK4HY7VR776552F578504F', 'EC-2R823306BS9292259', '48GK5H7XDPGS2', 'paypal', 'successful', '2022-07-07 09:58:16', '2022-07-07 09:58:16'),
(37, 678, 80, 46, '2022-07-08', '2022-07-09', 1, 1, 2, NULL, NULL, 100.00, 10.00, NULL, 609.00, 'pending', NULL, NULL, 'PAYID-MLD7ETI5V02116353513682R', 'EC-3FH26141JP512193J', 'ER72HMHPHXM3S', 'paypal', 'successful', '2022-07-08 09:07:00', '2022-07-08 09:07:00'),
(38, 678, 80, 46, '2022-07-10', '2022-07-11', 1, 1, 2, NULL, NULL, 100.00, 10.00, NULL, 609.00, 'pending', NULL, NULL, 'PAYID-MLD7NTQ4RX194444A892842G', 'EC-0E926307JB155900L', 'ER72HMHPHXM3S', 'paypal', 'successful', '2022-07-08 09:20:42', '2022-07-08 09:20:42'),
(39, 678, 80, 110, '2022-07-10', '2022-07-11', 1, 1, 2, NULL, NULL, 0.00, 0.00, 2.00, 502.00, 'pending', NULL, NULL, 'PAYID-MLD7UYA50A17950TD977872W', 'EC-2K152697AH834902P', 'ER72HMHPHXM3S', 'paypal', 'successful', '2022-07-08 09:36:02', '2022-07-08 09:36:02'),
(40, 678, 80, 46, '2022-07-08', '2022-07-09', 1, 1, 2, NULL, NULL, 100.00, 10.00, NULL, 609.00, 'pending', NULL, NULL, 'PAYID-MLD7Y4A16F63488B06891523', 'EC-52353307SF6681844', 'ER72HMHPHXM3S', 'paypal', 'successful', '2022-07-08 09:44:38', '2022-07-08 09:44:38'),
(41, 678, 80, 46, '2022-07-08', '2022-07-09', 1, 1, 2, NULL, NULL, 100.00, 10.00, NULL, 609.00, 'pending', NULL, NULL, 'PAYID-MLD7ZOI0KY48347X77735027', 'EC-5GS758126M432235H', 'ER72HMHPHXM3S', 'paypal', 'successful', '2022-07-08 09:46:51', '2022-07-08 09:46:51'),
(44, 804, 80, 110, '2022-07-09', '2022-07-10', 1, 1, 2, NULL, NULL, 0.00, 0.00, 2.00, 502.00, 'pending', NULL, NULL, 'PAYID-MLEB7ZI56R85322VY317223G', 'EC-4H062256GX404524K', 'ER72HMHPHXM3S', 'paypal', 'successful', '2022-07-08 12:16:07', '2022-07-08 12:16:07'),
(45, 689, 80, 46, '2022-07-08', '2022-07-09', 1, 1, 2, NULL, NULL, 100.00, 10.00, NULL, 609.00, 'pending', NULL, NULL, 'PAYID-MLECSDA35G50265DS7991923', 'EC-8R678279HX7576147', '48GK5H7XDPGS2', 'paypal', 'successful', '2022-07-08 12:54:59', '2022-07-08 12:54:59'),
(46, 689, 100, 55, '2022-07-08', '2022-07-09', 1, 1, 2, NULL, NULL, 100.00, 10.00, NULL, 610.00, 'pending', NULL, NULL, 'PAYID-MLECTWQ2G528508S7028794L', 'EC-58E51505B2775521Y', '48GK5H7XDPGS2', 'paypal', 'successful', '2022-07-08 12:58:23', '2022-07-08 12:58:23'),
(47, 678, 118, 108, '2022-07-10', '2022-07-11', 1, 1, 2, NULL, NULL, 500.00, 500.00, 20.00, 2020.00, 'pending', NULL, NULL, 'PAYID-MLFFWHI7X513606B4385631E', 'EC-8NA39740LM909213G', 'ER72HMHPHXM3S', 'paypal', 'successful', '2022-07-10 05:03:07', '2022-07-10 05:03:07'),
(49, 819, 92, 39, '2022-07-11', '2022-07-12', 1, 1, 2, NULL, NULL, 1000.00, 1000.00, NULL, 7000.00, 'pending', NULL, NULL, 'PAYID-MLF36OI4MV65383UR5454502', 'EC-77C15778SC6385614', 'ER72HMHPHXM3S', 'paypal', 'successful', '2022-07-11 06:13:10', '2022-07-11 06:13:10'),
(50, 822, 95, 193, '2022-07-11', '2022-07-13', 2, 1, 2, NULL, NULL, 0.00, 0.00, 2.00, 1002.00, 'pending', NULL, NULL, 'PAYID-MLF4CGI8V8140309W789682P', 'EC-13310440TG463410A', '48GK5H7XDPGS2', 'paypal', 'successful', '2022-07-11 06:20:41', '2022-07-11 06:20:41'),
(52, 821, 225, 274, '2022-07-11', '2022-07-12', 1, 1, 2, NULL, NULL, 250.00, 250.00, 1.00, 1501.00, 'pending', NULL, NULL, 'PAYID-MLF4S4Y28021749BK685490S', 'EC-7W217253KE188700N', 'ER72HMHPHXM3S', 'paypal', 'successful', '2022-07-11 06:56:42', '2022-07-11 06:56:42'),
(53, 821, 226, 275, '2022-07-11', '2022-07-12', 1, 1, 2, NULL, NULL, 250.00, 250.00, 1.00, 1051.00, 'pending', NULL, NULL, 'PAYID-MLF4UPI323474336R297361R', 'EC-2HA15297FS429953Y', 'ER72HMHPHXM3S', 'paypal', 'successful', '2022-07-11 06:59:30', '2022-07-11 06:59:30'),
(56, 819, 100, 199, '2022-07-11', '2022-07-12', 1, 1, 2, NULL, NULL, 100.00, 10.00, NULL, 610.00, 'pending', NULL, NULL, 'PAYID-MLF6N5Q6AU265260F118070U', 'EC-2R79847429926622K', 'ER72HMHPHXM3S', 'paypal', 'successful', '2022-07-11 09:02:20', '2022-07-11 09:02:20'),
(57, 819, 104, 66, '2022-07-11', '2022-07-12', 1, 1, 2, NULL, NULL, 500.00, 500.00, NULL, 3000.00, 'pending', NULL, NULL, 'PAYID-MLF6U3A96714248UL979701Y', 'EC-4BE42986K0820200M', 'ER72HMHPHXM3S', 'paypal', 'successful', '2022-07-11 09:16:50', '2022-07-11 09:16:50'),
(59, 821, 225, 274, '2022-07-11', '2022-07-12', 1, 1, 2, NULL, NULL, 250.00, 250.00, 1.00, 1501.00, 'pending', NULL, NULL, 'PAYID-MLF7LOQ1CP84568SA079723M', 'EC-27T92713HK8382022', 'ER72HMHPHXM3S', 'paypal', 'successful', '2022-07-11 10:05:31', '2022-07-11 10:05:31'),
(60, 689, 226, 275, '2022-07-19', '2022-07-29', 10, 3, 2, NULL, NULL, 250.00, 250.00, 1.00, 6001.00, 'pending', NULL, NULL, 'PAYID-MLF7SSA17110548S5339752K', 'EC-4A340366GJ787243P', '48GK5H7XDPGS2', 'paypal', 'successful', '2022-07-21 10:56:48', '2022-07-21 10:56:48'),
(61, 821, 225, 274, '2022-07-11', '2022-07-12', 1, 1, 2, NULL, NULL, 250.00, 250.00, 1.00, 1501.00, 'pending', NULL, NULL, 'PAYID-MLF76AA9KH27912M2394653K', 'EC-3UP60169JT683370K', 'ER72HMHPHXM3S', 'paypal', 'successful', '2022-07-11 10:45:00', '2022-07-11 10:45:00'),
(62, 819, 227, 276, '2022-07-11', '2022-07-12', 1, 1, 2, NULL, NULL, 100.00, 10.00, 2.00, 2612.00, 'pending', NULL, NULL, 'PAYID-MLGAWJQ9CT241451D287435J', 'EC-5LN71192WK459864S', 'ER72HMHPHXM3S', 'paypal', 'successful', '2022-07-11 11:37:46', '2022-07-11 11:37:46'),
(63, 819, 227, 276, '2022-07-11', '2022-07-12', 1, 1, 2, NULL, NULL, 100.00, 10.00, 2.00, 2612.00, 'pending', NULL, NULL, 'PAYID-MLGAWJQ9CT241451D287435J', 'EC-5LN71192WK459864S', 'ER72HMHPHXM3S', 'paypal', 'successful', '2022-07-11 11:40:16', '2022-07-11 11:40:16'),
(64, 819, 227, 276, '2022-07-11', '2022-07-12', 1, 1, 2, NULL, NULL, 100.00, 10.00, 2.00, 2612.00, 'pending', NULL, NULL, 'PAYID-MLGAWJQ9CT241451D287435J', 'EC-5LN71192WK459864S', 'ER72HMHPHXM3S', 'paypal', 'successful', '2022-07-11 11:44:37', '2022-07-11 11:44:37'),
(65, 819, 227, 276, '2022-07-11', '2022-07-12', 1, 1, 2, NULL, NULL, 100.00, 10.00, 2.00, 2612.00, 'pending', NULL, NULL, 'PAYID-MLGAWJQ9CT241451D287435J', 'EC-5LN71192WK459864S', 'ER72HMHPHXM3S', 'paypal', 'successful', '2022-07-11 11:46:39', '2022-07-11 11:46:39'),
(66, 819, 227, 276, '2022-07-11', '2022-07-12', 1, 1, 2, NULL, NULL, 100.00, 10.00, 2.00, 2612.00, 'pending', NULL, NULL, 'PAYID-MLGAWJQ9CT241451D287435J', 'EC-5LN71192WK459864S', 'ER72HMHPHXM3S', 'paypal', 'successful', '2022-07-11 11:48:18', '2022-07-11 11:48:18'),
(67, 819, 227, 276, '2022-07-11', '2022-07-12', 1, 1, 2, NULL, NULL, 100.00, 10.00, 2.00, 2612.00, 'pending', NULL, NULL, 'PAYID-MLGBA7Y1DS51404FF052193L', 'EC-3EC504992L9772409', 'ER72HMHPHXM3S', 'paypal', 'successful', '2022-07-11 11:59:34', '2022-07-11 11:59:34'),
(68, 819, 228, 277, '2022-07-11', '2022-07-12', 1, 1, 2, NULL, NULL, 50.00, 10.00, 2.00, 862.00, 'pending', NULL, NULL, 'PAYID-MLGBFQA6RG20085L6070780D', 'EC-4WK31431KT662925K', 'ER72HMHPHXM3S', 'paypal', 'successful', '2022-07-11 12:08:54', '2022-07-11 12:08:54'),
(70, 821, 100, 55, '2022-07-12', '2022-07-13', 1, 1, 2, NULL, NULL, 100.00, 10.00, NULL, 610.00, 'pending', NULL, NULL, 'PAYID-MLGBIRQ6YP097555X483162W', 'EC-8E048257UL922052F', 'ER72HMHPHXM3S', 'paypal', 'successful', '2022-07-11 12:15:23', '2022-07-11 12:15:23'),
(71, 819, 118, 108, '2022-07-11', '2022-07-12', 1, 1, 2, NULL, NULL, 500.00, 500.00, 20.00, 2020.00, 'pending', NULL, NULL, 'PAYID-MLGBJVA1YH22876SK239950H', 'EC-93A98385LF688882J', 'ER72HMHPHXM3S', 'paypal', 'successful', '2022-07-11 12:18:09', '2022-07-11 12:18:09'),
(72, 819, 108, 198, '2022-07-11', '2022-07-12', 1, 1, 2, NULL, NULL, 250.00, 250.00, 10.00, 1010.00, 'pending', NULL, NULL, 'PAYID-MLGBMPI9R3967571A3147225', 'EC-84C24054848428334', 'ER72HMHPHXM3S', 'paypal', 'successful', '2022-07-11 12:23:48', '2022-07-11 12:23:48'),
(79, 819, 95, 76, '2022-07-11', '2022-07-12', 1, 1, 2, NULL, NULL, 100.00, 10.00, 2.00, 612.00, 'pending', NULL, NULL, 'PAYID-MLGCCTA4RB52720021643139', 'EC-4ES25876M0199611E', 'ER72HMHPHXM3S', 'paypal', 'successful', '2022-07-11 13:10:57', '2022-07-11 13:10:57'),
(80, 819, 95, 76, '2022-07-11', '2022-07-12', 1, 1, 2, NULL, NULL, 100.00, 10.00, 2.00, 612.00, 'pending', NULL, NULL, 'PAYID-MLGCE4Y56F98966SJ1381814', 'EC-4D348156FF6014217', 'ER72HMHPHXM3S', 'paypal', 'successful', '2022-07-11 13:15:54', '2022-07-11 13:15:54'),
(81, 689, 228, 282, '2022-07-12', '2022-07-13', 1, 1, 2, NULL, NULL, 50.00, 10.00, 2.00, 862.00, 'pending', NULL, NULL, 'PAYID-MLGRUVQ03U51899AF565722L', 'EC-1EV73475TY9023915', '48GK5H7XDPGS2', 'paypal', 'successful', '2022-07-12 06:53:39', '2022-07-12 06:53:39'),
(83, 819, 108, 87, '2022-07-12', '2022-07-13', 1, 1, 2, NULL, NULL, 250.00, 250.00, 10.00, 1010.00, 'pending', NULL, NULL, 'PAYID-MLGUAEA8TV875115A5413829', 'EC-5ML333145H082920C', 'ER72HMHPHXM3S', 'paypal', 'successful', '2022-07-12 09:34:49', '2022-07-12 09:34:49'),
(84, 819, 108, 87, '2022-07-12', '2022-07-13', 1, 1, 2, NULL, NULL, 250.00, 250.00, 10.00, 1010.00, 'pending', NULL, NULL, 'PAYID-MLGUDVQ9V0833250M656760H', 'EC-0D2338836H7408423', 'ER72HMHPHXM3S', 'paypal', 'successful', '2022-07-12 09:42:06', '2022-07-12 09:42:06'),
(85, 819, 118, 107, '2022-07-12', '2022-07-13', 1, 1, 2, NULL, NULL, 500.00, 500.00, 20.00, 2020.00, 'pending', NULL, NULL, 'PAYID-MLGUGII4V10296226832351S', 'EC-1C1504891S038291A', 'ER72HMHPHXM3S', 'paypal', 'successful', '2022-07-12 09:47:33', '2022-07-12 09:47:33'),
(86, 819, 108, 87, '2022-07-12', '2022-07-13', 1, 1, 2, NULL, NULL, 250.00, 250.00, 10.00, 1010.00, 'pending', NULL, NULL, 'PAYID-MLGUI2Q5X200147YX186524S', 'EC-0UJ71522L1284252L', 'ER72HMHPHXM3S', 'paypal', 'successful', '2022-07-12 09:53:04', '2022-07-12 09:53:04'),
(87, 837, 92, 39, '2022-07-13', '2022-07-14', 1, 1, 2, NULL, NULL, 1000.00, 1000.00, NULL, 7000.00, 'pending', NULL, NULL, 'PAYID-MLHFEYY04U96202DS1369743', 'EC-5X665185TA042683S', 'ER72HMHPHXM3S', 'paypal', 'successful', '2022-07-13 05:05:20', '2022-07-13 05:05:20'),
(92, 823, 239, 320, '2022-07-14', '2022-07-15', 1, 1, 2, NULL, NULL, 250.00, 250.00, 1.00, 5501.00, 'pending', NULL, NULL, 'PAYID-MLH3CBA3C497798EF440781T', 'EC-013669778L5084506', 'ER72HMHPHXM3S', 'paypal', 'successful', '2022-07-14 06:01:11', '2022-07-14 06:01:11'),
(94, 837, 148, 287, '2022-07-15', '2022-07-16', 1, 1, 2, NULL, NULL, 50.00, 10.00, 2.00, 862.00, 'canceled', NULL, NULL, 'PAYID-MLIQEJQ5W331527AN576042M', 'EC-8NR754986W314725P', 'ER72HMHPHXM3S', 'paypal', 'successful', '2022-07-15 08:39:01', '2022-07-15 08:39:01'),
(95, 837, 92, 39, '2022-07-16', '2022-07-17', 1, 1, 2, NULL, NULL, 1000.00, 1000.00, NULL, 7000.00, 'pending', NULL, NULL, 'PAYID-MLJEZ3Q9YX71968UD1461610', 'EC-6HX53521VP864253F', 'ER72HMHPHXM3S', 'paypal', 'successful', '2022-07-16 05:30:57', '2022-07-16 05:30:57'),
(96, 877, 226, 275, '2022-07-16', '2022-07-17', 1, 1, 2, NULL, NULL, 250.00, 250.00, 1.00, 1051.00, 'pending', NULL, NULL, 'PAYID-MLJIN2Y52U59336RW4660949', 'EC-45H70367XX3622247', 'ER72HMHPHXM3S', 'paypal', 'successful', '2022-07-16 09:38:25', '2022-07-16 09:38:25'),
(97, 837, 95, 118, '2022-07-29', '2022-07-30', 1, 5, 8, NULL, NULL, 0.00, 0.00, 2.00, 502.00, 'pending', NULL, NULL, 'PAYID-MLLDUDQ5C108615JB114192D', 'EC-30H9193288651062N', 'ER72HMHPHXM3S', 'paypal', 'successful', '2022-07-25 11:47:32', '2022-07-25 11:47:32'),
(98, 837, 281, 379, '2022-07-19', '2022-07-20', 1, 1, 2, NULL, NULL, 250.00, 250.00, 1.00, 1001.00, 'pending', NULL, NULL, 'PAYID-MLLD5WI7NY82678X0445652R', 'EC-38J53306HP117340Y', 'ER72HMHPHXM3S', 'paypal', 'successful', '2022-07-19 05:20:05', '2022-07-19 05:20:05'),
(99, 837, 281, 382, '2022-07-19', '2022-07-20', 1, 1, 2, NULL, NULL, 200.00, 200.00, 2.00, 902.00, 'pending', NULL, NULL, 'PAYID-MLLEDII8U126417H0495261B', 'EC-19369542U0852653C', 'ER72HMHPHXM3S', 'paypal', 'successful', '2022-07-19 05:31:33', '2022-07-19 05:31:33'),
(100, 837, 281, 383, '2022-07-19', '2022-07-20', 1, 1, 2, NULL, NULL, 100.00, 100.00, 3.00, 1203.00, 'pending', NULL, NULL, 'PAYID-MLLED6I2Y121521M2977382A', 'EC-4ER78184E87234841', 'ER72HMHPHXM3S', 'paypal', 'successful', '2022-07-19 05:33:02', '2022-07-19 05:33:02'),
(101, 837, 100, 55, '2022-07-19', '2022-07-20', 1, 1, 2, NULL, NULL, 100.00, 10.00, NULL, 610.00, 'pending', NULL, NULL, 'PAYID-MLLEGXA516893137R064161B', 'EC-60Y43016BT2638849', 'ER72HMHPHXM3S', 'paypal', 'successful', '2022-07-19 05:38:59', '2022-07-19 05:38:59'),
(102, 837, 281, 382, '2022-07-22', '2022-07-29', 7, 1, 2, NULL, NULL, 200.00, 200.00, 2.00, 3902.00, 'pending', NULL, NULL, 'PAYID-MLLZCSY99W9230703801281G', 'EC-6LF90695C69803726', 'ER72HMHPHXM3S', 'paypal', 'successful', '2022-07-20 05:24:54', '2022-07-20 05:24:54'),
(103, 837, 92, 39, '2022-07-22', '2022-07-23', 1, 1, 2, NULL, NULL, 1000.00, 1000.00, NULL, 7000.00, 'pending', NULL, NULL, 'PAYID-MLNDLII2RG05724TE9185301', 'EC-8XT27724ET689204Y', 'ER72HMHPHXM3S', 'paypal', 'successful', '2022-07-22 05:29:50', '2022-07-22 05:29:50'),
(104, 837, 281, 383, '2022-07-22', '2022-07-23', 1, 1, 2, NULL, NULL, 100.00, 100.00, 3.00, 1203.00, 'pending', NULL, NULL, 'PAYID-MLNIEKA72B0915090741191F', 'EC-09E2896551859750E', 'ER72HMHPHXM3S', 'paypal', 'successful', '2022-07-22 10:56:16', '2022-07-22 10:56:16'),
(105, 837, 281, 382, '2022-07-25', '2022-07-26', 1, 1, 2, NULL, NULL, 200.00, 200.00, 2.00, 902.00, 'pending', NULL, NULL, 'PAYID-MLPEKKQ1G793215E78944008', 'EC-1GM850896J778315K', 'ER72HMHPHXM3S', 'paypal', 'successful', '2022-07-25 07:25:18', '2022-07-25 07:25:18'),
(106, 678, 281, 383, '2022-07-26', '2022-07-27', 1, 1, 2, NULL, NULL, 100.00, 100.00, 3.00, 1203.00, 'pending', NULL, NULL, 'PAYID-MLP2LVY1NF63357V4369891J', 'EC-8N4563332V629291W', 'ER72HMHPHXM3S', 'paypal', 'successful', '2022-07-26 08:30:02', '2022-07-26 08:30:02'),
(107, 678, 281, 384, '2022-07-26', '2022-07-27', 1, 1, 2, NULL, NULL, 20.00, 20.00, 1.00, 541.00, 'pending', NULL, NULL, 'PAYID-MLP3XWA874883225C3369217', 'EC-62V77737GX8910412', 'ER72HMHPHXM3S', 'paypal', 'successful', '2022-07-26 10:03:47', '2022-07-26 10:03:47'),
(108, 837, 281, 385, '2022-07-26', '2022-07-27', 1, 1, 2, NULL, NULL, 20.00, 20.00, 1.00, 541.00, 'pending', NULL, NULL, 'PAYID-MLP3Z7Q2U704299S5154061J', 'EC-6DS040676Y191880G', 'ER72HMHPHXM3S', 'paypal', 'successful', '2022-07-26 10:08:21', '2022-07-26 10:08:21'),
(109, 837, 281, 382, '2022-07-27', '2022-07-28', 1, 1, 2, NULL, NULL, 200.00, 200.00, 2.00, 902.00, 'pending', NULL, NULL, 'PAYID-MLQNPUI6Y7694058M079025V', 'EC-4HS7222791193394A', 'ER72HMHPHXM3S', 'paypal', 'successful', '2022-07-27 06:15:22', '2022-07-27 06:15:22'),
(110, 837, 327, 508, '2022-07-27', '2022-07-28', 1, 1, 2, NULL, NULL, 100.00, 100.00, 1.00, 701.00, 'pending', NULL, NULL, 'PAYID-MLQP63A5NW13720FW9791427', 'EC-5YC892135L345583M', 'ER72HMHPHXM3S', 'paypal', 'successful', '2022-07-27 09:04:22', '2022-07-27 09:04:22'),
(111, 837, 281, 445, '2022-07-27', '2022-07-28', 1, 1, 2, NULL, NULL, 5.00, 5.00, 1.00, 511.00, 'pending', NULL, NULL, 'PAYID-MLQQBJA2H553743WJ476990H', 'EC-0LR321078K594911Y', 'ER72HMHPHXM3S', 'paypal', 'successful', '2022-07-27 09:09:19', '2022-07-27 09:09:19'),
(112, 832, 92, 39, '2022-07-27', '2022-07-28', 1, 1, 2, NULL, NULL, 1000.00, 1000.00, NULL, 7000.00, 'pending', NULL, NULL, 'PAYID-MLQRISI5HV09506KX2192125', 'EC-2XM717260H784905T', 'K8U5YWR2AB2N8', 'paypal', 'successful', '2022-07-27 10:33:30', '2022-07-27 10:33:30'),
(113, 832, 100, 199, '2022-07-27', '2022-07-28', 1, 1, 2, NULL, NULL, 100.00, 10.00, NULL, 610.00, 'pending', NULL, NULL, 'PAYID-MLQRPOQ2SM09444JW914625E', 'EC-8NX46223N9285231T', 'ER72HMHPHXM3S', 'paypal', 'successful', '2022-07-27 10:48:53', '2022-07-27 10:48:53'),
(114, 837, 281, 383, '2022-07-28', '2022-07-29', 1, 1, 2, NULL, NULL, 100.00, 100.00, 3.00, 1203.00, 'pending', NULL, NULL, 'PAYID-MLRGKGY2P191360PW465742G', 'EC-74N71475745967006', 'ER72HMHPHXM3S', 'paypal', 'successful', '2022-07-28 10:30:47', '2022-07-28 10:30:47'),
(115, 837, 92, 39, '2022-07-30', '2022-07-31', 1, 1, 2, NULL, NULL, 1000.00, 1000.00, NULL, 7000.00, 'pending', NULL, NULL, 'PAYID-MLSS5OI4ER26948E5769814H', 'EC-76X19532KA7012309', 'ER72HMHPHXM3S', 'paypal', 'successful', '2022-07-30 13:14:56', '2022-07-30 13:14:56'),
(116, 837, 281, 382, '2022-08-01', '2022-08-10', 9, 1, 2, NULL, NULL, 200.00, 200.00, 2.00, 4902.00, 'pending', NULL, NULL, 'PAYID-MLTXF5I0MA7519044541980C', 'EC-5T258583L63616257', 'ER72HMHPHXM3S', 'paypal', 'successful', '2022-08-01 06:30:36', '2022-08-01 06:30:36'),
(117, 877, 92, 39, '2022-08-02', '2022-08-03', 1, 1, 2, NULL, NULL, 1000.00, 1000.00, NULL, 7000.00, 'pending', NULL, NULL, 'PAYID-MLUOWIQ4PV02635TC934433G', 'EC-0WT616008X487522G', 'ER72HMHPHXM3S', 'paypal', 'successful', '2022-08-02 09:15:59', '2022-08-02 09:15:59'),
(118, 678, 148, 394, '2022-08-02', '2022-08-03', 1, 1, 2, NULL, NULL, 50.00, 10.00, 2.00, 862.00, 'pending', NULL, NULL, 'PAYID-MLUR5RQ4PP23708WE5627627', 'EC-7YL14024JN197035C', 'ER72HMHPHXM3S', 'paypal', 'successful', '2022-08-02 12:55:55', '2022-08-02 12:55:55'),
(119, 678, 281, 382, '2022-08-03', '2022-08-04', 1, 1, 2, NULL, NULL, 200.00, 200.00, 2.00, 902.00, 'pending', NULL, NULL, 'PAYID-MLVE74A3EM83760UR171943L', 'EC-4BP21412C2526773X', 'ER72HMHPHXM3S', 'paypal', 'successful', '2022-08-03 10:38:11', '2022-08-03 10:38:11'),
(120, 837, 281, 383, '2022-08-03', '2022-08-04', 1, 1, 2, NULL, NULL, 100.00, 100.00, 3.00, 1203.00, 'pending', NULL, NULL, 'PAYID-MLVGF5I5VF05242NS621774P', 'EC-2PU73785DW724722E', 'ER72HMHPHXM3S', 'paypal', 'successful', '2022-08-03 11:59:26', '2022-08-03 11:59:26'),
(121, 837, 281, 384, '2022-08-04', '2022-08-05', 1, 1, 2, NULL, NULL, 20.00, 20.00, 1.00, 541.00, 'pending', NULL, NULL, 'PAYID-MLVVOKQ9H658535WT3492020', 'EC-6UM32041YF205934N', 'ER72HMHPHXM3S', 'paypal', 'successful', '2022-08-04 05:21:20', '2022-08-04 05:21:20'),
(122, 837, 92, 39, '2022-08-04', '2022-08-05', 1, 1, 2, NULL, NULL, 1000.00, 1000.00, NULL, 7000.00, 'pending', NULL, NULL, 'PAYID-MLVYI7Q1HJ51686DC777632H', 'EC-0NT34443D8771143F', 'ER72HMHPHXM3S', 'paypal', 'successful', '2022-08-04 08:34:39', '2022-08-04 08:34:39'),
(123, 837, 380, 691, '2022-08-04', '2022-08-05', 1, 1, 2, NULL, NULL, 100.00, 100.00, 1.00, 751.00, 'pending', NULL, NULL, 'PAYID-MLVY3KY86U22064NH1473325', 'EC-8VA95745GB677442U', 'ER72HMHPHXM3S', 'paypal', 'successful', '2022-08-04 09:13:49', '2022-08-04 09:13:49'),
(124, 336, 78, 693, '2022-08-04', '2022-08-05', 1, 1, 2, NULL, NULL, 0.00, 0.00, NULL, 500.00, 'pending', NULL, NULL, 'PAYID-MLVZF4I37K27259FW116692H', 'EC-0HG04869NW942493U', 'ER72HMHPHXM3S', 'paypal', 'successful', '2022-08-04 09:36:20', '2022-08-04 09:36:20'),
(125, 837, 281, 385, '2022-08-04', '2022-08-05', 1, 1, 2, NULL, NULL, 20.00, 20.00, 1.00, 541.00, 'pending', NULL, NULL, 'PAYID-MLVZLLI79A26451B7176502V', 'EC-7GG39118MK4689611', 'ER72HMHPHXM3S', 'paypal', 'successful', '2022-08-04 09:47:47', '2022-08-04 09:47:47'),
(126, 837, 78, 693, '2022-08-13', '2022-08-20', 7, 1, 2, NULL, NULL, 0.00, 0.00, NULL, 3500.00, 'pending', NULL, NULL, 'PAYID-MLVZNAQ6EM03775K3307810J', 'EC-98D95633NS216954F', 'ER72HMHPHXM3S', 'paypal', 'successful', '2022-08-04 09:51:25', '2022-08-04 09:51:25'),
(127, 837, 118, 107, '2022-08-10', '2022-09-15', 36, 1, 2, NULL, NULL, 500.00, 500.00, 20.00, 37020.00, 'pending', NULL, NULL, 'PAYID-MLVZNHA2W4416965N9479531', 'EC-3648028264752244B', 'ER72HMHPHXM3S', 'paypal', 'successful', '2022-08-04 09:51:49', '2022-08-04 09:51:49'),
(128, 837, 92, 39, '2022-08-06', '2022-08-07', 1, 1, 2, NULL, NULL, 1000.00, 1000.00, NULL, 7000.00, 'pending', NULL, NULL, 'PAYID-MLXA52I3TH55771Y83314300', 'EC-3RS19686UR757005J', 'ER72HMHPHXM3S', 'paypal', 'successful', '2022-08-06 06:49:36', '2022-08-06 06:49:36'),
(129, 837, 281, 383, '2022-08-09', '2022-08-10', 1, 1, 2, NULL, NULL, 100.00, 100.00, 3.00, 1203.00, 'pending', NULL, NULL, 'PAYID-MLZAGTA5H550315JV373235B', 'EC-2TP53361RV800771P', 'ER72HMHPHXM3S', 'paypal', 'successful', '2022-08-09 06:49:21', '2022-08-09 06:49:21'),
(130, 837, 281, 384, '2022-08-09', '2022-08-10', 1, 1, 2, NULL, NULL, 20.00, 20.00, 1.00, 541.00, 'pending', NULL, NULL, 'PAYID-MLZBWIQ8JD58036MX3619408', 'EC-3UX8808850600701T', 'ER72HMHPHXM3S', 'paypal', 'successful', '2022-08-09 08:30:57', '2022-08-09 08:30:57'),
(131, 1018, 281, 385, '2022-08-09', '2022-08-10', 1, 1, 2, NULL, NULL, 20.00, 20.00, 1.00, 541.00, 'pending', NULL, NULL, 'PAYID-MLZDR6Q1CS24871XE228611P', 'EC-3LY60657MN303015T', 'ER72HMHPHXM3S', 'paypal', 'successful', '2022-08-09 10:38:07', '2022-08-09 10:38:07'),
(132, 837, 400, 749, '2022-08-09', '2022-08-10', 1, 1, 2, NULL, NULL, 10.00, 10.00, 1.00, 121.00, 'pending', NULL, NULL, 'PAYID-MLZDVZI6H3757533M1766924', 'EC-5GK30899LN362603T', 'ER72HMHPHXM3S', 'paypal', 'successful', '2022-08-09 10:46:20', '2022-08-09 10:46:20'),
(133, 837, 402, 753, '2022-08-09', '2022-08-10', 1, 1, 2, NULL, NULL, 10.00, 10.00, 1.00, 121.00, 'pending', NULL, NULL, 'PAYID-MLZFEJI3TF449779W448780V', 'EC-56Y40407WC167222A', 'ER72HMHPHXM3S', 'paypal', 'successful', '2022-08-09 12:25:36', '2022-08-09 12:25:36'),
(134, 837, 402, 754, '2022-08-09', '2022-08-10', 1, 1, 2, NULL, NULL, 10.00, 10.00, 1.00, 121.00, 'pending', NULL, NULL, 'PAYID-MLZFHQY2EV46379WJ7776319', 'EC-69410041N50652602', 'ER72HMHPHXM3S', 'paypal', 'successful', '2022-08-09 12:32:15', '2022-08-09 12:32:15'),
(135, 678, 92, 39, '2022-08-10', '2022-08-11', 1, 1, 2, NULL, NULL, 1000.00, 1000.00, NULL, 7000.00, 'pending', NULL, NULL, 'PAYID-MLZUG3I59L02351YL742505N', 'EC-5WB01330FU127142D', 'ER72HMHPHXM3S', 'paypal', 'successful', '2022-08-10 05:35:12', '2022-08-10 05:35:12'),
(136, 837, 104, 66, '2022-08-10', '2022-08-11', 1, 1, 2, NULL, NULL, 500.00, 500.00, NULL, 3000.00, 'pending', NULL, NULL, 'PAYID-MLZU7RI7HR01633U09031717', 'EC-5FV02505839630644', 'ER72HMHPHXM3S', 'paypal', 'successful', '2022-08-10 06:27:39', '2022-08-10 06:27:39'),
(137, 837, 100, 55, '2022-08-10', '2022-08-11', 1, 1, 2, NULL, NULL, 100.00, 10.00, NULL, 610.00, 'pending', NULL, NULL, 'PAYID-MLZWUNQ5K3029425X117492C', 'EC-17805773AJ409393X', 'ER72HMHPHXM3S', 'paypal', 'successful', '2022-08-10 08:20:43', '2022-08-10 08:20:43'),
(138, 938, 331, 770, '2022-08-10', '2022-08-11', 1, 1, 2, NULL, NULL, 200.00, 100.00, 10.00, 2310.00, 'pending', NULL, NULL, 'PAYID-MLZXSBQ07R618245M057051H', 'EC-46R22069438640508', 'ER72HMHPHXM3S', 'paypal', 'successful', '2022-08-10 09:32:07', '2022-08-10 09:32:07'),
(139, 934, 409, 775, '2022-08-10', '2022-08-11', 1, 1, 2, NULL, NULL, 200.00, 100.00, 10.00, 2310.00, 'pending', NULL, NULL, 'PAYID-MLZZLUQ7GA43318RE386645J', 'EC-6ES204583V127291G', 'ER72HMHPHXM3S', 'paypal', 'successful', '2022-08-10 11:26:46', '2022-08-10 11:26:46'),
(140, 837, 281, 382, '2022-08-16', '2022-08-17', 1, 1, 2, NULL, NULL, 200.00, 200.00, 2.00, 902.00, 'pending', NULL, NULL, 'PAYID-ML5SAQQ9US57129GU5019000', 'EC-2DW35553DA4688331', 'ER72HMHPHXM3S', 'paypal', 'successful', '2022-08-16 04:44:32', '2022-08-16 04:44:32'),
(141, 837, 281, 383, '2022-08-16', '2022-08-17', 1, 1, 2, NULL, NULL, 100.00, 100.00, 3.00, 1203.00, 'pending', NULL, NULL, 'PAYID-ML5VECY48264160L0834811X', 'EC-7J658901845907336', 'ER72HMHPHXM3S', 'paypal', 'successful', '2022-08-16 08:16:03', '2022-08-16 08:16:03'),
(142, 837, 281, 384, '2022-08-16', '2022-08-17', 1, 1, 2, NULL, NULL, 20.00, 20.00, 1.00, 541.00, 'pending', NULL, NULL, 'PAYID-ML5WX5A92W44054LA970993E', 'EC-067898450Y598203X', 'ER72HMHPHXM3S', 'paypal', 'successful', '2022-08-16 10:06:26', '2022-08-16 10:06:26'),
(143, 837, 281, 805, '2022-08-16', '2022-08-17', 1, 1, 2, NULL, NULL, 20.00, 20.00, 1.00, 541.00, 'pending', NULL, NULL, 'PAYID-ML5ZIUA0H88527354795681U', 'EC-4WD642292J711032R', 'ER72HMHPHXM3S', 'paypal', 'successful', '2022-08-16 12:58:23', '2022-08-16 12:58:23'),
(144, 837, 281, 806, '2022-08-17', '2022-08-18', 1, 1, 2, NULL, NULL, 500.00, 100.00, 1.00, 1601.00, 'pending', NULL, NULL, 'PAYID-ML6HT2Q3PM9715582073682K', 'EC-1C4710525H2157448', 'ER72HMHPHXM3S', 'paypal', 'successful', '2022-08-17 05:18:13', '2022-08-17 05:18:13'),
(145, 837, 228, 277, '2022-08-17', '2022-08-18', 1, 1, 2, NULL, NULL, 50.00, 10.00, 2.00, 862.00, 'pending', NULL, NULL, 'PAYID-ML6MODQ8M622693DT0970132', 'EC-5D571088D8634332F', 'ER72HMHPHXM3S', 'paypal', 'successful', '2022-08-17 10:47:16', '2022-08-17 10:47:16'),
(146, 837, 228, 288, '2022-08-17', '2022-08-18', 1, 1, 2, NULL, NULL, 50.00, 10.00, 2.00, 862.00, 'pending', NULL, NULL, 'PAYID-ML6ORVQ41E74147M5064260D', 'EC-9C802358KU774833N', 'ER72HMHPHXM3S', 'paypal', 'successful', '2022-08-17 13:11:16', '2022-08-17 13:11:16'),
(147, 837, 281, 382, '2022-08-18', '2022-08-19', 1, 1, 2, NULL, NULL, 200.00, 200.00, 2.00, 902.00, 'pending', NULL, NULL, 'PAYID-ML64YSY1GA15933N2779531D', 'EC-4AG267550J1089004', 'ER72HMHPHXM3S', 'paypal', 'successful', '2022-08-18 05:21:55', '2022-08-18 05:21:55'),
(148, 837, 281, 805, '2022-08-18', '2022-08-19', 1, 1, 2, NULL, NULL, 20.00, 20.00, 1.00, 541.00, 'pending', NULL, NULL, 'PAYID-ML7BPZY2CW95021762567240', 'EC-2NS92032HV201922P', 'ER72HMHPHXM3S', 'paypal', 'successful', '2022-08-18 10:44:30', '2022-08-18 10:44:30'),
(149, 837, 281, 383, '2022-08-18', '2022-08-19', 1, 1, 2, NULL, NULL, 100.00, 100.00, 3.00, 1203.00, 'pending', NULL, NULL, 'PAYID-ML7BVQQ1E8132620B9282128', 'EC-8JS377547H576983B', 'ER72HMHPHXM3S', 'paypal', 'successful', '2022-08-18 10:56:53', '2022-08-18 10:56:53'),
(150, 837, 92, 39, '2022-08-18', '2022-08-19', 1, 1, 2, NULL, NULL, 1000.00, 1000.00, NULL, 7000.00, 'pending', NULL, NULL, 'PAYID-ML7DUXI0C999548HJ421630M', 'EC-3UM2994461208853H', 'ER72HMHPHXM3S', 'paypal', 'successful', '2022-08-18 13:11:22', '2022-08-18 13:11:22'),
(151, 336, 104, 66, '2022-08-19', '2022-08-20', 1, 1, 2, NULL, NULL, 500.00, 500.00, NULL, 3000.00, 'pending', NULL, NULL, 'PAYID-ML7WZJI4VN2357548239060R', 'EC-6LB07296RW526731R', 'ER72HMHPHXM3S', 'paypal', 'successful', '2022-08-19 11:00:22', '2022-08-19 11:00:22'),
(152, 837, 281, 382, '2022-08-22', '2022-08-23', 1, 1, 2, NULL, NULL, 200.00, 200.00, 2.00, 902.00, 'pending', NULL, NULL, 'PAYID-MMBRINY3F56309298087774L', 'EC-43L356842H389674G', 'ER72HMHPHXM3S', 'paypal', 'successful', '2022-08-22 05:29:51', '2022-08-22 05:29:51'),
(153, 837, 92, 39, '2022-08-22', '2022-08-23', 1, 1, 2, NULL, NULL, 1000.00, 1000.00, NULL, 7000.00, 'pending', NULL, NULL, 'PAYID-MMBT6AA0HJ78776R77271841', 'EC-9NA86698AU6450437', 'ER72HMHPHXM3S', 'paypal', 'successful', '2022-08-22 08:32:37', '2022-08-22 08:32:37'),
(154, 833, 92, 39, '2022-09-05', '2022-09-09', 4, 1, 2, NULL, NULL, 1000.00, 1000.00, NULL, 22000.00, 'pending', NULL, NULL, 'PAYID-MMBUNLI1PU5413085441805G', 'EC-08A98119VN162773A', 'ER72HMHPHXM3S', 'paypal', 'successful', '2022-08-22 09:05:06', '2022-08-22 09:05:06'),
(155, 837, 118, 108, '2022-08-22', '2022-08-23', 1, 1, 2, NULL, NULL, 500.00, 500.00, 20.00, 2020.00, 'pending', NULL, NULL, 'PAYID-MMBUTEA9PG13859K8545145M', 'EC-2DS95274TA349623Y', 'ER72HMHPHXM3S', 'paypal', 'successful', '2022-08-22 09:19:02', '2022-08-22 09:19:02'),
(156, 837, 281, 383, '2022-08-22', '2022-08-23', 1, 1, 2, NULL, NULL, 100.00, 100.00, 3.00, 1203.00, 'pending', NULL, NULL, 'PAYID-MMBVFIA2CD01383T9640401N', 'EC-2LK85489GW6079446', 'ER72HMHPHXM3S', 'paypal', 'successful', '2022-08-22 09:56:21', '2022-08-22 09:56:21'),
(157, 837, 104, 66, '2022-08-22', '2022-08-23', 1, 1, 2, NULL, NULL, 500.00, 500.00, NULL, 3000.00, 'pending', NULL, NULL, 'PAYID-MMBVHXQ35R07961MC660332E', 'EC-5RW34875B3136794S', 'ER72HMHPHXM3S', 'paypal', 'successful', '2022-08-22 10:01:26', '2022-08-22 10:01:26'),
(158, 837, 281, 384, '2022-08-22', '2022-08-23', 1, 1, 2, NULL, NULL, 20.00, 20.00, 1.00, 541.00, 'pending', NULL, NULL, 'PAYID-MMBVYXY97N12045T9168513M', 'EC-4G718737V0841925V', 'ER72HMHPHXM3S', 'paypal', 'successful', '2022-08-22 10:38:09', '2022-08-22 10:38:09'),
(159, 837, 104, 72, '2022-08-22', '2022-08-23', 1, 1, 2, NULL, NULL, 500.00, 500.00, NULL, 11000.00, 'pending', NULL, NULL, 'PAYID-MMBWBWQ15D29120HG428225X', 'EC-6XE86633P8359642G', 'ER72HMHPHXM3S', 'paypal', 'successful', '2022-08-22 10:56:49', '2022-08-22 10:56:49'),
(160, 837, 104, 74, '2022-08-22', '2022-08-23', 1, 1, 2, NULL, NULL, 50.00, 50.00, 0.00, 600.00, 'pending', NULL, NULL, 'PAYID-MMBXWRI0FP29887Y3313212X', 'EC-8VL57500WA869351B', 'ER72HMHPHXM3S', 'paypal', 'successful', '2022-08-22 12:49:31', '2022-08-22 12:49:31'),
(161, 934, 409, 775, '2022-08-22', '2022-08-23', 1, 1, 2, NULL, NULL, 200.00, 100.00, 10.00, 2310.00, 'pending', NULL, NULL, 'PAYID-MMBXX3Q0K906129CM593402L', 'EC-1FU685505T260073Y', 'ER72HMHPHXM3S', 'paypal', 'successful', '2022-08-22 12:53:07', '2022-08-22 12:53:07'),
(162, 837, 228, 277, '2022-08-22', '2022-08-23', 1, 1, 2, NULL, NULL, 50.00, 10.00, 2.00, 862.00, 'pending', NULL, NULL, 'PAYID-MMBX7YQ74E2240917008145U', 'EC-7NH313239M382204E', 'ER72HMHPHXM3S', 'paypal', 'successful', '2022-08-22 13:09:23', '2022-08-22 13:09:23'),
(163, 837, 100, 55, '2022-08-23', '2022-08-24', 1, 1, 2, NULL, NULL, 100.00, 10.00, NULL, 610.00, 'pending', NULL, NULL, 'PAYID-MMCFW6I65L88173562389219', 'EC-2G0205488S583530M', 'ER72HMHPHXM3S', 'paypal', 'successful', '2022-08-23 04:46:29', '2022-08-23 04:46:29'),
(164, 837, 281, 382, '2022-08-24', '2022-08-25', 1, 1, 2, NULL, NULL, 200.00, 200.00, 2.00, 902.00, 'pending', NULL, NULL, 'PAYID-MMC3EOA88328866407678525', 'EC-72E87178YJ754424P', 'ER72HMHPHXM3S', 'paypal', 'successful', '2022-08-24 05:09:50', '2022-08-24 05:09:50'),
(165, 837, 281, 383, '2022-08-24', '2022-08-25', 1, 1, 2, NULL, NULL, 100.00, 100.00, 3.00, 1203.00, 'pending', NULL, NULL, 'PAYID-MMC3N2Y4NW5080992433484G', 'EC-7F969372GN401893T', 'ER72HMHPHXM3S', 'paypal', 'successful', '2022-08-24 05:28:33', '2022-08-24 05:28:33'),
(166, 837, 108, 87, '2022-08-24', '2022-08-25', 1, 1, 2, NULL, NULL, 250.00, 250.00, 10.00, 1010.00, 'pending', NULL, NULL, 'PAYID-MMC3Z7Y89B470422H630120W', 'EC-2UM49658S18469438', 'ER72HMHPHXM3S', 'paypal', 'successful', '2022-08-24 05:54:29', '2022-08-24 05:54:29'),
(167, 837, 281, 384, '2022-08-24', '2022-08-25', 1, 1, 2, NULL, NULL, 20.00, 20.00, 1.00, 541.00, 'pending', NULL, NULL, 'PAYID-MMC34BI20351803CT919874C', 'EC-3H117120C75529707', 'ER72HMHPHXM3S', 'paypal', 'successful', '2022-08-24 05:58:51', '2022-08-24 05:58:51'),
(168, 837, 228, 277, '2022-08-24', '2022-08-25', 1, 1, 2, NULL, NULL, 50.00, 10.00, 2.00, 862.00, 'pending', NULL, NULL, 'PAYID-MMC4KAA45D37873CW0257705', 'EC-60S39957A6997653H', 'ER72HMHPHXM3S', 'paypal', 'successful', '2022-08-24 06:28:39', '2022-08-24 06:28:39'),
(169, 837, 92, 39, '2022-08-24', '2022-08-25', 1, 1, 2, NULL, NULL, 1000.00, 1000.00, NULL, 7000.00, 'pending', NULL, NULL, 'PAYID-MMC4LJA5LF7703863919692L', 'EC-1TR24983ME822182C', 'ER72HMHPHXM3S', 'paypal', 'successful', '2022-08-24 06:31:21', '2022-08-24 06:31:21'),
(170, 837, 100, 199, '2022-08-24', '2022-08-25', 1, 1, 2, NULL, NULL, 100.00, 10.00, NULL, 610.00, 'pending', NULL, NULL, 'PAYID-MMC4NZY4HY79518BT804803C', 'EC-39866519XD230131E', 'ER72HMHPHXM3S', 'paypal', 'successful', '2022-08-24 06:37:00', '2022-08-24 06:37:00'),
(171, 837, 104, 66, '2022-08-24', '2022-08-25', 1, 1, 2, NULL, NULL, 500.00, 500.00, NULL, 3000.00, 'pending', NULL, NULL, 'PAYID-MMDALTY4AP28266F16902248', 'EC-8X940605UL6669228', 'ER72HMHPHXM3S', 'paypal', 'successful', '2022-08-24 11:05:10', '2022-08-24 11:05:10'),
(172, 837, 108, 390, '2022-08-24', '2022-08-25', 1, 1, 2, NULL, NULL, 250.00, 250.00, 10.00, 1010.00, 'pending', NULL, NULL, 'PAYID-MMDAMRI7ST11915T3416310R', 'EC-3T607983BD0545041', 'ER72HMHPHXM3S', 'paypal', 'successful', '2022-08-24 11:07:25', '2022-08-24 11:07:25'),
(173, 837, 281, 967, '2022-08-24', '2022-08-25', 1, 1, 2, NULL, NULL, 20.00, 20.00, 1.00, 541.00, 'pending', NULL, NULL, 'PAYID-MMDCKEQ7FE93599PV829523R', 'EC-2VP101806K388640B', 'ER72HMHPHXM3S', 'paypal', 'successful', '2022-08-24 13:18:47', '2022-08-24 13:18:47'),
(174, 837, 281, 971, '2022-08-25', '2022-08-26', 1, 1, 2, NULL, NULL, 20.00, 20.00, 1.00, 541.00, 'pending', NULL, NULL, 'PAYID-MMDQNLY7ED67756MR765973A', 'EC-90M50629RC619845D', 'ER72HMHPHXM3S', 'paypal', 'successful', '2022-08-25 05:21:24', '2022-08-25 05:21:24'),
(175, 837, 228, 282, '2022-08-25', '2022-08-26', 1, 1, 2, NULL, NULL, 50.00, 10.00, 2.00, 862.00, 'pending', NULL, NULL, 'PAYID-MMDRTOA34025305ND359281J', 'EC-74B96461EF0479515', 'ER72HMHPHXM3S', 'paypal', 'successful', '2022-08-25 06:42:36', '2022-08-25 06:42:36'),
(176, 837, 95, 76, '2022-08-25', '2022-08-26', 1, 1, 2, NULL, NULL, 100.00, 10.00, 2.00, 612.00, 'pending', NULL, NULL, 'PAYID-MMDTGYI4FX23832X1103683U', 'EC-96G96335ND542763B', 'ER72HMHPHXM3S', 'paypal', 'successful', '2022-08-25 08:31:52', '2022-08-25 08:31:52'),
(177, 837, 100, 55, '2022-08-25', '2022-08-26', 1, 1, 2, NULL, NULL, 100.00, 10.00, NULL, 610.00, 'pending', NULL, NULL, 'PAYID-MMDTHMY4GB26081GT7379844', 'EC-3WE40931MF684703C', 'ER72HMHPHXM3S', 'paypal', 'successful', '2022-08-25 08:33:13', '2022-08-25 08:33:13'),
(178, 837, 95, 84, '2022-08-25', '2022-08-26', 1, 1, 2, NULL, NULL, 100.00, 10.00, 3.00, 613.00, 'pending', NULL, NULL, 'PAYID-MMDUBGQ3B444729X9356320B', 'EC-5W718174F5748740C', 'ER72HMHPHXM3S', 'paypal', 'successful', '2022-08-25 09:28:28', '2022-08-25 09:28:28'),
(179, 837, 228, 288, '2022-08-25', '2022-08-26', 1, 1, 2, NULL, NULL, 50.00, 10.00, 2.00, 862.00, 'pending', NULL, NULL, 'PAYID-MMDUYDQ9ND8083198416694S', 'EC-57T30987V5458745E', 'ER72HMHPHXM3S', 'paypal', 'successful', '2022-08-25 10:17:18', '2022-08-25 10:17:18'),
(180, 837, 104, 72, '2022-08-25', '2022-08-26', 1, 1, 2, NULL, NULL, 500.00, 500.00, NULL, 11000.00, 'pending', NULL, NULL, 'PAYID-MMDXHVA9FR11946TM8344213', 'EC-4TL3575671900231B', 'ER72HMHPHXM3S', 'paypal', 'successful', '2022-08-25 13:07:00', '2022-08-25 13:07:00'),
(181, 837, 281, 382, '2022-08-26', '2022-08-27', 1, 1, 2, NULL, NULL, 200.00, 200.00, 2.00, 902.00, 'pending', NULL, NULL, 'PAYID-MMEFTBI3FK63592NM507830R', 'EC-5EC06254LJ676530B', 'ER72HMHPHXM3S', 'paypal', 'successful', '2022-08-26 05:26:54', '2022-08-26 05:26:54'),
(182, 837, 281, 383, '2022-08-26', '2022-08-27', 1, 1, 2, NULL, NULL, 100.00, 100.00, 3.00, 1203.00, 'pending', NULL, NULL, 'PAYID-MMEGSYI04J66926MX400142C', 'EC-1XR79145T0666834C', 'ER72HMHPHXM3S', 'paypal', 'successful', '2022-08-26 06:34:46', '2022-08-26 06:34:46'),
(183, 837, 104, 195, '2022-08-26', '2022-08-27', 1, 1, 2, NULL, NULL, 250.00, 250.00, 20.00, 1020.00, 'pending', NULL, NULL, 'PAYID-MMEG5MQ0PT02870LV0505455', 'EC-2TY46624G28347039', 'ER72HMHPHXM3S', 'paypal', 'successful', '2022-08-26 06:57:12', '2022-08-26 06:57:12'),
(184, 336, 519, 1033, '2022-08-26', '2022-08-27', 1, 1, 2, NULL, NULL, 100.00, 10.00, 3.00, 2613.00, 'pending', NULL, NULL, 'PAYID-MMEIEEY84105847K5146840G', 'EC-8R7224783M953681N', 'ER72HMHPHXM3S', 'paypal', 'successful', '2022-08-26 08:20:15', '2022-08-26 08:20:15'),
(185, 837, 118, 107, '2022-08-26', '2022-08-27', 1, 1, 2, NULL, NULL, 500.00, 500.00, 20.00, 2020.00, 'pending', NULL, NULL, 'PAYID-MMEJYMQ7FA33798NP794063B', 'EC-63234268998697923', 'ER72HMHPHXM3S', 'paypal', 'successful', '2022-08-26 10:11:10', '2022-08-26 10:11:10'),
(186, 837, 100, 199, '2022-08-26', '2022-08-27', 1, 1, 2, NULL, NULL, 100.00, 10.00, NULL, 610.00, 'pending', NULL, NULL, 'PAYID-MMELLFY4TW64137MW119922R', 'EC-1LC32784EK861294U', 'ER72HMHPHXM3S', 'paypal', 'successful', '2022-08-26 12:00:12', '2022-08-26 12:00:12'),
(187, 837, 104, 66, '2022-08-26', '2022-08-27', 1, 1, 2, NULL, NULL, 500.00, 500.00, NULL, 3000.00, 'pending', NULL, NULL, 'PAYID-MMELNTI8TP70104FT498564H', 'EC-7HT489380X1205634', 'ER72HMHPHXM3S', 'paypal', 'successful', '2022-08-26 12:04:47', '2022-08-26 12:04:47'),
(188, 837, 104, 74, '2022-08-26', '2022-08-27', 1, 1, 2, NULL, NULL, 50.00, 50.00, 0.00, 600.00, 'pending', NULL, NULL, 'PAYID-MMELOHQ4MV130608S405270G', 'EC-69B29192FV662270A', 'ER72HMHPHXM3S', 'paypal', 'successful', '2022-08-26 12:06:03', '2022-08-26 12:06:03'),
(189, 336, 409, 775, '2022-08-26', '2022-08-27', 1, 2, 4, NULL, NULL, 200.00, 100.00, 10.00, 4620.00, 'pending', NULL, NULL, 'PAYID-MMEMLTI15T27708YE903840T', 'EC-0BL23650K73313602', 'ER72HMHPHXM3S', 'paypal', 'successful', '2022-08-26 13:08:46', '2022-08-26 13:08:46'),
(190, 336, 519, 1033, '2022-09-01', '2022-09-03', 2, 1, 2, NULL, NULL, 100.00, 10.00, 3.00, 5113.00, 'pending', NULL, NULL, 'PAYID-MMEMW2Q2KY84862FC305693A', 'EC-30T87028G1794704Y', 'ER72HMHPHXM3S', 'paypal', 'successful', '2022-08-26 13:32:42', '2022-08-26 13:32:42'),
(191, 692, 458, 875, '2022-08-27', '2022-08-28', 1, 1, 1, NULL, NULL, 0.00, 0.00, 16.00, 2011.00, 'pending', NULL, NULL, 'PAYID-MME5SGY7DU99120VV7144702', 'EC-53S10528TK9496900', 'ER72HMHPHXM3S', 'paypal', 'successful', '2022-08-27 08:43:23', '2022-08-27 08:43:23'),
(192, 832, 520, 1034, '2022-09-01', '2022-09-02', 1, 1, 1, NULL, NULL, 0.00, 0.00, 0.00, 4.00, 'canceled', 'Unable to travel due to Personal reason', NULL, 'PAYID-MMIJ2NI354449264L7207037', 'EC-7YM03269S4932482T', 'ER72HMHPHXM3S', 'paypal', 'successful', '2022-09-03 13:14:24', '2022-09-03 08:14:24');

-- --------------------------------------------------------

--
-- Table structure for table `booking_temp`
--

CREATE TABLE `booking_temp` (
  `id` int(11) NOT NULL,
  `payment_id` varchar(255) COLLATE utf8_unicode_ci DEFAULT NULL,
  `paccess_token` varchar(255) COLLATE utf8_unicode_ci DEFAULT NULL,
  `token_id` varbinary(255) DEFAULT NULL,
  `user_id` int(11) DEFAULT NULL,
  `hotel_id` int(11) DEFAULT NULL,
  `room_id` int(11) DEFAULT NULL,
  `check_in` date DEFAULT NULL,
  `check_out` date DEFAULT NULL,
  `cleaning_fee` float(10,2) DEFAULT NULL,
  `city_fee` float(10,2) DEFAULT NULL,
  `tax_percentage` float(10,2) DEFAULT NULL,
  `total_days` int(11) DEFAULT NULL,
  `total_room` int(11) DEFAULT NULL,
  `total_member` int(11) DEFAULT NULL,
  `coupon_code` varchar(255) COLLATE utf8_unicode_ci DEFAULT NULL,
  `discount` varchar(255) COLLATE utf8_unicode_ci DEFAULT NULL,
  `total_amount` float(10,2) DEFAULT NULL,
  `pay_amount` float(10,2) DEFAULT NULL,
  `online_payment_amount` float(10,2) DEFAULT NULL,
  `desk_payment_amount` float(10,2) DEFAULT NULL,
  `created_at` datetime NOT NULL,
  `updated_at` timestamp NOT NULL DEFAULT current_timestamp() ON UPDATE current_timestamp()
) ENGINE=InnoDB DEFAULT CHARSET=utf8 COLLATE=utf8_unicode_ci;

--
-- Dumping data for table `booking_temp`
--

INSERT INTO `booking_temp` (`id`, `payment_id`, `paccess_token`, `token_id`, `user_id`, `hotel_id`, `room_id`, `check_in`, `check_out`, `cleaning_fee`, `city_fee`, `tax_percentage`, `total_days`, `total_room`, `total_member`, `coupon_code`, `discount`, `total_amount`, `pay_amount`, `online_payment_amount`, `desk_payment_amount`, `created_at`, `updated_at`) VALUES
(1, 'PAYID-MK5L4II01G22227TC242060T', 'A21AAJH7jvoinIYraD-2-IlFYUGgHPsVRRN_yq8ybezuX-KIT0zfMANY4SVwt4P5jXZn7-l-xb1048BgPb0xvfVGqvPT3JLpA', 0x45432d3533573531353839315737323839363044, NULL, 104, 74, '2022-06-28', '2022-06-28', 50.00, 50.00, 0.00, 1, 1, 2, NULL, NULL, 600.00, NULL, NULL, NULL, '2022-06-28 08:38:57', '2022-06-28 08:38:57'),
(2, 'PAYID-MK5MDVA81A50106HU238121H', 'A21AAJH7jvoinIYraD-2-IlFYUGgHPsVRRN_yq8ybezuX-KIT0zfMANY4SVwt4P5jXZn7-l-xb1048BgPb0xvfVGqvPT3JLpA', 0x45432d39535234333835304b3632353936373339, NULL, 100, 55, '2022-06-28', '2022-06-28', 100.00, 10.00, NULL, 1, 1, 2, NULL, NULL, 610.00, NULL, NULL, NULL, '2022-06-28 08:54:44', '2022-06-28 08:54:44'),
(3, 'PAYID-MK5P6CI74U00161R3810583J', 'A21AAIb_Istl6pxVWtiyBeuDXQENUrbAhHp0l_eLLQNHQleHp_wlJH0mwskF8jGRAjdEUDetFSb5G6czMpwfzEjxI2QqVxcbA', 0x45432d39525033383038384a353734313831334d, NULL, 118, 109, '2022-06-30', '2022-07-02', 0.00, 0.00, 20.00, 1, 1, 2, NULL, NULL, 120.00, NULL, NULL, NULL, '2022-06-28 13:15:53', '2022-06-28 13:15:53'),
(4, 'PAYID-MK6XVQI37M84890HR7113208', 'A21AALDwJ7KgfdqdzpvreCuACR6Q7nFx7P6_Dr4Ni8v3RD4LNi_9Usb8m2VqRXKSfPVjFUpmNM61fgwOhEpjfyE57Opt1SE8w', 0x45432d304b383530343039465038363238393434, NULL, 100, 55, '2022-06-30', '2022-06-30', 100.00, 10.00, NULL, 1, 1, 2, NULL, NULL, 610.00, NULL, NULL, NULL, '2022-06-30 10:28:18', '2022-06-30 10:28:18'),
(5, 'PAYID-MK6ZBOI3U773578B6822941D', 'A21AALqCQQWmeHO2BTasu6y6mf2NbNsIdui3xZkKyoThzEowBG0vwQ4-tDr_dBLanLSkiModpgYOdlJav54DV8YpGPpP0R9MQ', 0x45432d3545423930303035415937353534303152, NULL, 100, 55, '2022-06-30', '2022-07-01', 100.00, 10.00, NULL, 1, 1, 2, NULL, NULL, 610.00, NULL, NULL, NULL, '2022-06-30 12:02:01', '2022-06-30 12:02:01'),
(6, 'PAYID-MK6ZC7Q09143371K53849932', 'A21AALqCQQWmeHO2BTasu6y6mf2NbNsIdui3xZkKyoThzEowBG0vwQ4-tDr_dBLanLSkiModpgYOdlJav54DV8YpGPpP0R9MQ', 0x45432d3955523136333138394a39323633323441, NULL, 100, 55, '2022-06-30', '2022-07-01', 100.00, 10.00, NULL, 1, 1, 2, NULL, NULL, 610.00, NULL, NULL, NULL, '2022-06-30 12:05:18', '2022-06-30 12:05:18'),
(7, 'PAYID-MK6ZRJA23H232566G686170R', 'A21AALqCQQWmeHO2BTasu6y6mf2NbNsIdui3xZkKyoThzEowBG0vwQ4-tDr_dBLanLSkiModpgYOdlJav54DV8YpGPpP0R9MQ', 0x45432d3837363237393430583439383338333341, NULL, 100, 55, '2022-06-30', '2022-07-01', 100.00, 10.00, NULL, 1, 1, 2, NULL, NULL, 610.00, NULL, NULL, NULL, '2022-06-30 12:35:48', '2022-06-30 12:35:48'),
(8, 'PAYID-MK6Z7UY39G98942BL277704J', 'A21AAJu5Uc2tA9KslEG-nqIjzBTPBK4G4HCcSyYPrYwEFnppWqYHqX3oNo7cEs0o1lo4obMclOAaGo6zGWs3RFGOaOh1VBmKw', 0x45432d314c363331373334573336393138343337, NULL, 118, 107, '2022-06-30', '2022-06-30', 500.00, 500.00, 20.00, 1, 1, 2, NULL, NULL, 2020.00, NULL, NULL, NULL, '2022-06-30 13:06:27', '2022-06-30 13:06:27'),
(9, 'PAYID-MK62AYY3RV372434G919421K', 'A21AAJu5Uc2tA9KslEG-nqIjzBTPBK4G4HCcSyYPrYwEFnppWqYHqX3oNo7cEs0o1lo4obMclOAaGo6zGWs3RFGOaOh1VBmKw', 0x45432d3552483437393131324a32393030303446, NULL, 118, 107, '2022-06-30', '2022-06-30', 500.00, 500.00, 20.00, 1, 1, 2, NULL, NULL, 2020.00, NULL, NULL, NULL, '2022-06-30 13:08:52', '2022-06-30 13:08:52'),
(10, 'PAYID-MK7JLVQ4KX176227B675141Y', 'A21AALhu1AEvt0gRjpgOVssVrnLcZKtlurFiK1_NPWtKLyo-8S0O0JV81nTtEJ0rHfPcJq2sL4gL6wAFZcL72BS640qcj98Pg', 0x45432d39414d393438303337353033343032334e, NULL, 118, 107, '2022-07-01', '2022-07-03', 500.00, 500.00, 20.00, 2, 1, 2, NULL, NULL, 2020.00, NULL, NULL, NULL, '2022-07-01 06:36:07', '2022-07-01 06:36:07'),
(11, 'PAYID-MLABYEQ0PR739257H123743N', 'A21AAIubuRlrAE7nujtZAtombjk9k6m2QtxUT-LG5xw0DXFgfUY-eWcvWJQc1vj38zliCGJnxBHbYFzrp2xn4eYhBh0XkzTrw', 0x45432d3358473432323036474a32363531353456, NULL, 80, 110, '2022-07-02', '2022-07-02', 0.00, 0.00, 2.00, 0, 1, 2, NULL, NULL, 2.00, NULL, NULL, NULL, '2022-07-02 10:21:06', '2022-07-02 10:21:06'),
(12, 'PAYID-MLABYSI2HA83817KC271753J', 'A21AAIubuRlrAE7nujtZAtombjk9k6m2QtxUT-LG5xw0DXFgfUY-eWcvWJQc1vj38zliCGJnxBHbYFzrp2xn4eYhBh0XkzTrw', 0x45432d3531503935373234423435323934373359, NULL, 80, 110, '2022-07-02', '2022-07-02', 0.00, 0.00, 2.00, 0, 1, 2, NULL, NULL, 2.00, NULL, NULL, NULL, '2022-07-02 10:22:01', '2022-07-02 10:22:01'),
(13, 'PAYID-MLB6GGY9BX2761732298802V', 'A21AAJZElgfs7qOkpXE3WhhE7kny6tD3N0o3XdjkmJgdaMcXYT7pDSpbwgLI-TV-m-426rMca4_s1WrfCzz56HZlF6ML4m_RQ', 0x45432d3936573637303832525839303334333158, 1, 92, 39, '2022-07-19', '2022-07-21', 1000.00, 1000.00, NULL, 2, 1, 2, NULL, NULL, 12000.00, NULL, NULL, NULL, '2022-07-05 07:07:07', '2022-07-05 07:07:07'),
(14, 'PAYID-MLCBM7Q93J95424R95161212', 'A21AALxOU9rn0t43YkvoSqxyduecJww97LlQ1QHQxudEyQmxsqZ0IXdWXGfOvGTZgEd0VcRATVa0Qwr7j8zs94F-Qwiqvn0Tw', 0x45432d364c4432383836384e5935353133383339, 1, 95, 76, '2022-07-19', '2022-07-21', 100.00, 10.00, 2.00, 2, 1, 2, NULL, NULL, 1112.00, NULL, NULL, NULL, '2022-07-05 10:46:22', '2022-07-05 10:46:22'),
(15, 'PAYID-MLCBS6Q4K6134996R194432J', 'A21AALxOU9rn0t43YkvoSqxyduecJww97LlQ1QHQxudEyQmxsqZ0IXdWXGfOvGTZgEd0VcRATVa0Qwr7j8zs94F-Qwiqvn0Tw', 0x45432d3845343434313234473132353430383146, 1, 95, 84, '2022-07-19', '2022-07-21', 100.00, 10.00, 3.00, 2, 1, 2, NULL, NULL, 1113.00, NULL, NULL, NULL, '2022-07-05 10:59:07', '2022-07-05 10:59:07'),
(16, 'PAYID-MLCVFTA7UM252912D8732148', 'A21AALXB5NLmPB2yq5fFs6QqAe_gdM9u0cKTqbBWPQ1ieZy0rRY45iN0c9iJbgazROr0-T1KBgPGETP_IzK-h1jaer9BBBE9w', 0x45432d31375639313434384b3137373230313046, NULL, 80, 46, '2022-07-06', '2022-07-07', 100.00, 10.00, NULL, 1, 1, 2, NULL, NULL, 609.00, NULL, NULL, NULL, '2022-07-06 09:15:56', '2022-07-06 09:15:56'),
(17, 'PAYID-MLCXXJA6XA853271F420971J', 'A21AAKBhxNYqJkSJu50IIzTUyLzfZ3zlyqoWDpv09l4IcMwRaocixnWpiC6Wv9w7r_HX9cM44-FGs0VK6iYBgDY9v655CGLxg', 0x45432d3038533338303331395034343136393236, NULL, 80, 46, '2022-07-06', '2022-07-07', 100.00, 10.00, NULL, 1, 1, 2, NULL, NULL, 609.00, NULL, NULL, NULL, '2022-07-06 12:10:12', '2022-07-06 12:10:12'),
(18, 'PAYID-MLCXXNQ7A671560KT906061W', 'A21AAKBhxNYqJkSJu50IIzTUyLzfZ3zlyqoWDpv09l4IcMwRaocixnWpiC6Wv9w7r_HX9cM44-FGs0VK6iYBgDY9v655CGLxg', 0x45432d324e483435393032593134363831303236, NULL, 80, 46, '2022-07-06', '2022-07-07', 100.00, 10.00, NULL, 1, 1, 2, NULL, NULL, 609.00, NULL, NULL, NULL, '2022-07-06 12:10:30', '2022-07-06 12:10:30'),
(19, 'PAYID-MLCYUXY6XG11880BT083962J', 'A21AAILaxbLtGznlyAiJl-N1pYYXj9aWI9B0UZmSZcWVB02W94ZSt_sWsz3EP18qOwo1QrzZnD8qbZRf6lHiFXOjS_KHl-ymA', 0x45432d394533323533333645583738333231344b, NULL, 80, 46, '2022-07-06', '2022-07-07', 100.00, 10.00, NULL, 1, 1, 2, NULL, NULL, 609.00, NULL, NULL, NULL, '2022-07-06 13:13:03', '2022-07-06 13:13:03'),
(20, 'PAYID-MLDITZQ1S5075508K4699120', 'A21AALZ5E5xoqbpaDjJMSPfiGzhG7BMpBoV6iCTuG36ISg4usoX6Rw8wqRPtIIQvZPgm51SSs1K6yf9cJ8NRFHona2muq5YDQ', 0x45432d39414834393935324a5730323738343134, NULL, 80, 46, '2022-07-07', '2022-07-08', 100.00, 10.00, NULL, 1, 1, 2, NULL, NULL, 609.00, NULL, NULL, NULL, '2022-07-07 07:23:18', '2022-07-07 07:23:18'),
(21, 'PAYID-MLDJ4LQ5J5255343U6833804', 'A21AAJmszfllVvk4tUZnA9GHe4T9lSpHRsx_TNBfSpmna3UfrUDZZbro4a8zqBmgk2HPhFJRpUtx-xpqgqy8keg4chKojOZOg', 0x45432d394d4b3139343637504d38363730303030, NULL, 80, 46, '2022-07-10', '2022-07-11', 100.00, 10.00, NULL, 1, 1, 2, NULL, NULL, 609.00, NULL, NULL, NULL, '2022-07-07 08:49:50', '2022-07-07 08:49:50'),
(22, 'PAYID-MLDKLQQ0WC1114482721950P', 'A21AAJx2R9llNLzoG7ZGYcTOXSS_nl3Ej18bsyi70Er1WkXmCde18l7FmnB_LCsYOL2-z79SGQHZquebch7x9mlbq6g-i-FVA', 0x45432d304d303333303737303037333338373246, NULL, 80, 46, '2022-07-10', '2022-07-11', 100.00, 10.00, NULL, 1, 1, 2, NULL, NULL, 609.00, NULL, NULL, NULL, '2022-07-07 09:22:10', '2022-07-07 09:22:10'),
(23, 'PAYID-MLDKNFA37H293450D5900927', 'A21AAJx2R9llNLzoG7ZGYcTOXSS_nl3Ej18bsyi70Er1WkXmCde18l7FmnB_LCsYOL2-z79SGQHZquebch7x9mlbq6g-i-FVA', 0x45432d364e4232333930394e483535333337344e, 1, 80, 46, '2022-07-07', '2022-07-07', 100.00, 10.00, NULL, 0, 1, 2, NULL, NULL, 110.00, NULL, NULL, NULL, '2022-07-07 09:25:40', '2022-07-07 09:25:40'),
(24, 'PAYID-MLDKNWA03673745VB6316205', 'A21AAJx2R9llNLzoG7ZGYcTOXSS_nl3Ej18bsyi70Er1WkXmCde18l7FmnB_LCsYOL2-z79SGQHZquebch7x9mlbq6g-i-FVA', 0x45432d364e4237313737354d5039343630323332, 1, 100, 55, '2022-07-07', '2022-07-07', 100.00, 10.00, NULL, 0, 1, 2, NULL, NULL, 110.00, NULL, NULL, NULL, '2022-07-07 09:26:48', '2022-07-07 09:26:48'),
(25, 'PAYID-MLDK4HY7VR776552F578504F', 'A21AAJx2R9llNLzoG7ZGYcTOXSS_nl3Ej18bsyi70Er1WkXmCde18l7FmnB_LCsYOL2-z79SGQHZquebch7x9mlbq6g-i-FVA', 0x45432d3252383233333036425339323932323539, NULL, 100, 55, '2022-07-07', '2022-07-08', 100.00, 10.00, NULL, 1, 1, 2, NULL, NULL, 610.00, NULL, NULL, NULL, '2022-07-07 09:57:51', '2022-07-07 09:57:51'),
(26, 'PAYID-MLD7BAA5ME318472R151311J', 'A21AAK6-5tShq-styiGAKdMgOge5uUYSOD48uJhGF2sMcSSg60CAdHz7otrUdcLz6pNPkKMw9JyRzkCBaU9FdBQrhwMKBQPFA', 0x45432d3937433536343537343239313835363253, NULL, 80, 46, '2022-07-08', '2022-07-09', 100.00, 10.00, NULL, 1, 1, 2, NULL, NULL, 609.00, NULL, NULL, NULL, '2022-07-08 08:53:20', '2022-07-08 08:53:20'),
(27, 'PAYID-MLD7ETI5V02116353513682R', 'A21AAL-4KKvp7zFkJbftuA1-Vh7ArhAc2Mk-AQMNe-7LfIKUCBxjEH-vj1vLGfMRjLG-nKw2k2Yt2Qp_M5aVLMJHE0PI6XJxA', 0x45432d33464832363134314a503531323139334a, NULL, 80, 46, '2022-07-08', '2022-07-09', 100.00, 10.00, NULL, 1, 1, 2, NULL, NULL, 609.00, NULL, NULL, NULL, '2022-07-08 09:01:01', '2022-07-08 09:01:01'),
(28, 'PAYID-MLD7NTQ4RX194444A892842G', 'A21AAL-4KKvp7zFkJbftuA1-Vh7ArhAc2Mk-AQMNe-7LfIKUCBxjEH-vj1vLGfMRjLG-nKw2k2Yt2Qp_M5aVLMJHE0PI6XJxA', 0x45432d30453932363330374a423135353930304c, NULL, 80, 46, '2022-07-10', '2022-07-11', 100.00, 10.00, NULL, 1, 1, 2, NULL, NULL, 609.00, NULL, NULL, NULL, '2022-07-08 09:20:14', '2022-07-08 09:20:14'),
(29, 'PAYID-MLD7UYA50A17950TD977872W', 'A21AAL-4KKvp7zFkJbftuA1-Vh7ArhAc2Mk-AQMNe-7LfIKUCBxjEH-vj1vLGfMRjLG-nKw2k2Yt2Qp_M5aVLMJHE0PI6XJxA', 0x45432d324b313532363937414838333439303250, NULL, 80, 110, '2022-07-10', '2022-07-11', 0.00, 0.00, 2.00, 1, 1, 2, NULL, NULL, 502.00, NULL, NULL, NULL, '2022-07-08 09:35:28', '2022-07-08 09:35:28'),
(30, 'PAYID-MLD7Y4A16F63488B06891523', 'A21AAL-4KKvp7zFkJbftuA1-Vh7ArhAc2Mk-AQMNe-7LfIKUCBxjEH-vj1vLGfMRjLG-nKw2k2Yt2Qp_M5aVLMJHE0PI6XJxA', 0x45432d3532333533333037534636363831383434, 1, 80, 46, '2022-07-08', '2022-07-09', 100.00, 10.00, NULL, 1, 1, 2, NULL, NULL, 609.00, NULL, NULL, NULL, '2022-07-08 09:44:16', '2022-07-08 09:44:16'),
(31, 'PAYID-MLD7ZOI0KY48347X77735027', 'A21AAL-4KKvp7zFkJbftuA1-Vh7ArhAc2Mk-AQMNe-7LfIKUCBxjEH-vj1vLGfMRjLG-nKw2k2Yt2Qp_M5aVLMJHE0PI6XJxA', 0x45432d3547533735383132364d34333232333548, 1, 80, 46, '2022-07-08', '2022-07-09', 100.00, 10.00, NULL, 1, 1, 2, NULL, NULL, 609.00, NULL, NULL, NULL, '2022-07-08 09:45:29', '2022-07-08 09:45:29'),
(32, 'PAYID-MLEA4QA0XK10957KU758802P', 'A21AAInKoT8iUHSkd2ghid-plhi6UUpXoVZGelz3aIF0a37zOOpMF7Nyqe6siPFh_dNcB5lGQXLDpa67IowkM4Prr8TaCND8A', 0x45432d3345303431383131395830303936303031, NULL, 82, 40, '2022-07-08', '2022-07-09', 100.00, 100.00, NULL, 1, 1, 2, NULL, NULL, 1200.00, NULL, NULL, NULL, '2022-07-08 11:00:16', '2022-07-08 11:00:16'),
(33, 'PAYID-MLEBAOA7HL434749P0420536', 'A21AAInKoT8iUHSkd2ghid-plhi6UUpXoVZGelz3aIF0a37zOOpMF7Nyqe6siPFh_dNcB5lGQXLDpa67IowkM4Prr8TaCND8A', 0x45432d3044483931373938453839303230333452, 1, 82, 61, '2022-07-08', '2022-07-09', 100.00, 10.00, 2.00, 1, 1, 2, NULL, NULL, 612.00, NULL, NULL, NULL, '2022-07-08 11:08:40', '2022-07-08 11:08:40'),
(34, 'PAYID-MLEB7ZI56R85322VY317223G', 'A21AAIc2cqduBsxa72OHen1R-GdH43kF1aArgdTIvgiG4XTr3dFPs_jviS9m8AKta_-rsSdThzVDIzQgqVJYdJ_1dfF-EDThA', 0x45432d344830363232353647583430343532344b, 1, 80, 110, '2022-07-09', '2022-07-10', 0.00, 0.00, 2.00, 1, 1, 2, NULL, NULL, 502.00, NULL, NULL, NULL, '2022-07-08 12:15:33', '2022-07-08 12:15:33'),
(35, 'PAYID-MLECR3Q6K138787JK221835S', 'A21AAIc2cqduBsxa72OHen1R-GdH43kF1aArgdTIvgiG4XTr3dFPs_jviS9m8AKta_-rsSdThzVDIzQgqVJYdJ_1dfF-EDThA', 0x45432d30485533393335384a5634303032323148, 1, 80, 110, '2022-07-08', '2022-07-09', 0.00, 0.00, 2.00, 1, 1, 2, NULL, NULL, 502.00, NULL, NULL, NULL, '2022-07-08 12:54:06', '2022-07-08 12:54:06'),
(36, 'PAYID-MLECSDA35G50265DS7991923', 'A21AAIc2cqduBsxa72OHen1R-GdH43kF1aArgdTIvgiG4XTr3dFPs_jviS9m8AKta_-rsSdThzVDIzQgqVJYdJ_1dfF-EDThA', 0x45432d3852363738323739485837353736313437, NULL, 80, 46, '2022-07-08', '2022-07-09', 100.00, 10.00, NULL, 1, 1, 2, NULL, NULL, 609.00, NULL, NULL, NULL, '2022-07-08 12:54:36', '2022-07-08 12:54:36'),
(37, 'PAYID-MLECTWQ2G528508S7028794L', 'A21AAIc2cqduBsxa72OHen1R-GdH43kF1aArgdTIvgiG4XTr3dFPs_jviS9m8AKta_-rsSdThzVDIzQgqVJYdJ_1dfF-EDThA', 0x45432d3538453531353035423237373535323159, NULL, 100, 55, '2022-07-08', '2022-07-09', 100.00, 10.00, NULL, 1, 1, 2, NULL, NULL, 610.00, NULL, NULL, NULL, '2022-07-08 12:58:02', '2022-07-08 12:58:02'),
(38, 'PAYID-MLEYQ2I7L9513165G5662048', 'A21AAIqb21AmBDznalpu4YuAfqeDAofB0k5FgyVUv1-u-byoNQcqB4yEqPfrMe4Eur8tA_DYb-2lwFiaman4DDI7L5L_rmfgg', 0x45432d33504a3437373731353537353439373035, 1, 222, 269, '2022-07-09', '2022-07-10', 0.00, 0.00, 2.00, 1, 1, 2, NULL, NULL, 121214.00, NULL, NULL, NULL, '2022-07-09 13:53:45', '2022-07-09 13:53:45'),
(39, 'PAYID-MLFFWHI7X513606B4385631E', 'A21AALqBTMbj8pqKd51FEA0sti3XbwPIVAXv1NTqx-z3ZJWdcfgRC8VQ3bOblFnasTJt5l3QQka4j9QWsmEZHHB5HhXnJLcQA', 0x45432d384e4133393734304c4d39303932313347, NULL, 118, 108, '2022-07-10', '2022-07-11', 500.00, 500.00, 20.00, 1, 1, 2, NULL, NULL, 2020.00, NULL, NULL, NULL, '2022-07-10 04:52:45', '2022-07-10 04:52:45'),
(40, 'PAYID-MLF36GY4PK48310C2606700G', 'A21AAIV2wJ4tbZXiXlEMNapwmicLdqHEhr9I3E3q7a93N1LHHEM79lym5D7pXi2Si3sGajqhKBUBHqKpMPV4-oe0n48cpRjsw', 0x45432d36584b353030363731583836363233304d, 1, 82, 40, '2022-07-12', '2022-07-13', 100.00, 100.00, NULL, 1, 1, 2, NULL, NULL, 1200.00, NULL, NULL, NULL, '2022-07-11 06:11:39', '2022-07-11 06:11:39'),
(41, 'PAYID-MLF36OI4MV65383UR5454502', 'A21AAIV2wJ4tbZXiXlEMNapwmicLdqHEhr9I3E3q7a93N1LHHEM79lym5D7pXi2Si3sGajqhKBUBHqKpMPV4-oe0n48cpRjsw', 0x45432d3737433135373738534336333835363134, 1, 92, 39, '2022-07-11', '2022-07-12', 1000.00, 1000.00, NULL, 1, 1, 2, NULL, NULL, 7000.00, NULL, NULL, NULL, '2022-07-11 06:12:09', '2022-07-11 06:12:09'),
(42, 'PAYID-MLF4CGI8V8140309W789682P', 'A21AAIV2wJ4tbZXiXlEMNapwmicLdqHEhr9I3E3q7a93N1LHHEM79lym5D7pXi2Si3sGajqhKBUBHqKpMPV4-oe0n48cpRjsw', 0x45432d3133333130343430544734363334313041, 1, 95, 193, '2022-07-11', '2022-07-13', 0.00, 0.00, 2.00, 2, 1, 2, NULL, NULL, 1002.00, NULL, NULL, NULL, '2022-07-11 06:20:09', '2022-07-11 06:20:09'),
(43, 'PAYID-MLF4GOQ7XW8859645421170E', 'A21AAIV2wJ4tbZXiXlEMNapwmicLdqHEhr9I3E3q7a93N1LHHEM79lym5D7pXi2Si3sGajqhKBUBHqKpMPV4-oe0n48cpRjsw', 0x45432d3337333733303038524235343731333431, 1, 100, 199, '2022-07-13', '2022-07-20', 100.00, 10.00, NULL, 7, 1, 2, NULL, NULL, 3610.00, NULL, NULL, NULL, '2022-07-11 06:29:15', '2022-07-11 06:29:15'),
(44, 'PAYID-MLF4S4Y28021749BK685490S', 'A21AAIV2wJ4tbZXiXlEMNapwmicLdqHEhr9I3E3q7a93N1LHHEM79lym5D7pXi2Si3sGajqhKBUBHqKpMPV4-oe0n48cpRjsw', 0x45432d37573231373235334b453138383730304e, 1, 225, 274, '2022-07-11', '2022-07-12', 250.00, 250.00, 1.00, 1, 1, 2, NULL, NULL, 1501.00, NULL, NULL, NULL, '2022-07-11 06:55:47', '2022-07-11 06:55:47'),
(45, 'PAYID-MLF4UPI323474336R297361R', 'A21AAIV2wJ4tbZXiXlEMNapwmicLdqHEhr9I3E3q7a93N1LHHEM79lym5D7pXi2Si3sGajqhKBUBHqKpMPV4-oe0n48cpRjsw', 0x45432d3248413135323937465334323939353359, 1, 226, 275, '2022-07-11', '2022-07-12', 250.00, 250.00, 1.00, 1, 1, 2, NULL, NULL, 1051.00, NULL, NULL, NULL, '2022-07-11 06:59:09', '2022-07-11 06:59:09'),
(46, 'PAYID-MLF43MA23A7908443959470X', 'A21AAIChh_1l1d_zXNqNDvIsYFx70oPaAt08Hz0Bwd86jSnc4REDe8puP_O-aR5f9e9zuz_J1tqapawbPAJ5YEjmMvfi4jmWg', 0x45432d3854383730353434443437383239323453, 1, 227, 276, '2022-07-20', '2022-07-28', 100.00, 10.00, 2.00, 8, 1, 2, NULL, NULL, 20112.00, NULL, NULL, NULL, '2022-07-11 07:13:52', '2022-07-11 07:13:52'),
(47, 'PAYID-MLF5CJQ2UV98881YL9150847', 'A21AAIChh_1l1d_zXNqNDvIsYFx70oPaAt08Hz0Bwd86jSnc4REDe8puP_O-aR5f9e9zuz_J1tqapawbPAJ5YEjmMvfi4jmWg', 0x45432d35384434323632374d4731383935343334, 1, 228, 277, '2022-07-20', '2022-07-28', 50.00, 10.00, 2.00, 8, 1, 2, NULL, NULL, 6462.00, NULL, NULL, NULL, '2022-07-11 07:28:38', '2022-07-11 07:28:38'),
(48, 'PAYID-MLF6N5Q6AU265260F118070U', 'A21AAJpEbbYprzZ5ZumY969S0U5y3t8omZ7JAgebA25S_QDpNi66fp1XweF-yPaD6jLuCagF3keP7YFaMg7Q10ZDttKD6EBVg', 0x45432d325237393834373432393932363632324b, 1, 100, 199, '2022-07-11', '2022-07-12', 100.00, 10.00, NULL, 1, 1, 2, NULL, NULL, 610.00, NULL, NULL, NULL, '2022-07-11 09:01:42', '2022-07-11 09:01:42'),
(49, 'PAYID-MLF6U3A96714248UL979701Y', 'A21AAJpEbbYprzZ5ZumY969S0U5y3t8omZ7JAgebA25S_QDpNi66fp1XweF-yPaD6jLuCagF3keP7YFaMg7Q10ZDttKD6EBVg', 0x45432d34424534323938364b303832303230304d, 1, 104, 66, '2022-07-11', '2022-07-12', 500.00, 500.00, NULL, 1, 1, 2, NULL, NULL, 3000.00, NULL, NULL, NULL, '2022-07-11 09:16:28', '2022-07-11 09:16:28'),
(50, 'PAYID-MLF7C6Q75G77728PJ001282V', 'A21AAJpEbbYprzZ5ZumY969S0U5y3t8omZ7JAgebA25S_QDpNi66fp1XweF-yPaD6jLuCagF3keP7YFaMg7Q10ZDttKD6EBVg', 0x45432d38575233323937304d5038383435313536, 1, 82, 40, '2022-07-12', '2022-07-12', 100.00, 100.00, NULL, 0, 1, 2, NULL, NULL, 200.00, NULL, NULL, NULL, '2022-07-11 09:46:34', '2022-07-11 09:46:34'),
(51, 'PAYID-MLF7LOQ1CP84568SA079723M', 'A21AAKgndKok4mkk-sm-DsGLFNzIrjgkd93KL7cfjjsfvKSQtEz--suTDjb9c3IW-XhLl1qXjw5wHMuowaOhaPIn3zhGDBsow', 0x45432d3237543932373133484b38333832303232, 1, 225, 274, '2022-07-11', '2022-07-12', 250.00, 250.00, 1.00, 1, 1, 2, NULL, NULL, 1501.00, NULL, NULL, NULL, '2022-07-11 10:04:42', '2022-07-11 10:04:42'),
(52, 'PAYID-MLF7SSA17110548S5339752K', 'A21AAKgndKok4mkk-sm-DsGLFNzIrjgkd93KL7cfjjsfvKSQtEz--suTDjb9c3IW-XhLl1qXjw5wHMuowaOhaPIn3zhGDBsow', 0x45432d3441333430333636474a37383732343350, NULL, 226, 275, '2022-07-19', '2022-07-29', 250.00, 250.00, 1.00, 10, 1, 2, NULL, NULL, 6001.00, NULL, NULL, NULL, '2022-07-11 10:19:53', '2022-07-11 10:19:53'),
(53, 'PAYID-MLF76AA9KH27912M2394653K', 'A21AAKgndKok4mkk-sm-DsGLFNzIrjgkd93KL7cfjjsfvKSQtEz--suTDjb9c3IW-XhLl1qXjw5wHMuowaOhaPIn3zhGDBsow', 0x45432d33555036303136394a543638333337304b, 1, 225, 274, '2022-07-11', '2022-07-12', 250.00, 250.00, 1.00, 1, 1, 2, NULL, NULL, 1501.00, NULL, NULL, NULL, '2022-07-11 10:44:16', '2022-07-11 10:44:16'),
(54, 'PAYID-MLGAWJQ9CT241451D287435J', 'A21AAJ7x_Unq8ucpav9Kks_n_fBBxcdajOgDIevBlwO_fN3tHZoGCV_Q04dAzH2OCv2jttP8GImlwzgWVwBU_4Sy9jvvTvkVA', 0x45432d354c4e3731313932574b34353938363453, 1, 227, 276, '2022-07-11', '2022-07-12', 100.00, 10.00, 2.00, 1, 1, 2, NULL, NULL, 2612.00, NULL, NULL, NULL, '2022-07-11 11:36:06', '2022-07-11 11:36:06'),
(55, 'PAYID-MLGBA7Y1DS51404FF052193L', 'A21AAJ7x_Unq8ucpav9Kks_n_fBBxcdajOgDIevBlwO_fN3tHZoGCV_Q04dAzH2OCv2jttP8GImlwzgWVwBU_4Sy9jvvTvkVA', 0x45432d3345433530343939324c39373732343039, 1, 227, 276, '2022-07-11', '2022-07-12', 100.00, 10.00, 2.00, 1, 1, 2, NULL, NULL, 2612.00, NULL, NULL, NULL, '2022-07-11 11:58:55', '2022-07-11 11:58:55'),
(56, 'PAYID-MLGBFQA6RG20085L6070780D', 'A21AAIj4S71lwh6387Wuc-5g3wI86U-d6Hh6czJOnLmNvrojzWdZ4RAkClDyJSlA83shSnAj2DYBQuyT22M_KSsXrtDYxKsfQ', 0x45432d34574b33313433314b543636323932354b, 1, 228, 277, '2022-07-11', '2022-07-12', 50.00, 10.00, 2.00, 1, 1, 2, NULL, NULL, 862.00, NULL, NULL, NULL, '2022-07-11 12:08:32', '2022-07-11 12:08:32'),
(57, 'PAYID-MLGBFZI1FU70778B7585050A', 'A21AAIj4S71lwh6387Wuc-5g3wI86U-d6Hh6czJOnLmNvrojzWdZ4RAkClDyJSlA83shSnAj2DYBQuyT22M_KSsXrtDYxKsfQ', 0x45432d384446363233363950323531393131344d, 1, 82, 40, '2022-07-11', '2022-07-12', 100.00, 100.00, NULL, 1, 1, 2, NULL, NULL, 1200.00, NULL, NULL, NULL, '2022-07-11 12:09:09', '2022-07-11 12:09:09'),
(58, 'PAYID-MLGBIRQ6YP097555X483162W', 'A21AAIj4S71lwh6387Wuc-5g3wI86U-d6Hh6czJOnLmNvrojzWdZ4RAkClDyJSlA83shSnAj2DYBQuyT22M_KSsXrtDYxKsfQ', 0x45432d3845303438323537554c39323230353246, 1, 100, 55, '2022-07-12', '2022-07-13', 100.00, 10.00, NULL, 1, 1, 2, NULL, NULL, 610.00, NULL, NULL, NULL, '2022-07-11 12:15:02', '2022-07-11 12:15:02'),
(59, 'PAYID-MLGBJVA1YH22876SK239950H', 'A21AAIj4S71lwh6387Wuc-5g3wI86U-d6Hh6czJOnLmNvrojzWdZ4RAkClDyJSlA83shSnAj2DYBQuyT22M_KSsXrtDYxKsfQ', 0x45432d39334139383338354c463638383838324a, 1, 118, 108, '2022-07-11', '2022-07-12', 500.00, 500.00, 20.00, 1, 1, 2, NULL, NULL, 2020.00, NULL, NULL, NULL, '2022-07-11 12:17:24', '2022-07-11 12:17:24'),
(60, 'PAYID-MLGBMPI9R3967571A3147225', 'A21AAIj4S71lwh6387Wuc-5g3wI86U-d6Hh6czJOnLmNvrojzWdZ4RAkClDyJSlA83shSnAj2DYBQuyT22M_KSsXrtDYxKsfQ', 0x45432d3834433234303534383438343238333334, 1, 108, 198, '2022-07-11', '2022-07-12', 250.00, 250.00, 10.00, 1, 1, 2, NULL, NULL, 1010.00, NULL, NULL, NULL, '2022-07-11 12:23:25', '2022-07-11 12:23:25'),
(61, 'PAYID-MLGBREY2CN05381Y1064862B', 'A21AAIj4S71lwh6387Wuc-5g3wI86U-d6Hh6czJOnLmNvrojzWdZ4RAkClDyJSlA83shSnAj2DYBQuyT22M_KSsXrtDYxKsfQ', 0x45432d38455033373734354d533133353735324a, 1, 82, 40, '2022-07-11', '2022-07-12', 100.00, 100.00, NULL, 1, 1, 2, NULL, NULL, 1200.00, NULL, NULL, NULL, '2022-07-11 12:33:23', '2022-07-11 12:33:23'),
(62, 'PAYID-MLGBWTY1TW62940449225910', 'A21AAIj4S71lwh6387Wuc-5g3wI86U-d6Hh6czJOnLmNvrojzWdZ4RAkClDyJSlA83shSnAj2DYBQuyT22M_KSsXrtDYxKsfQ', 0x45432d3053543039373036425832313035353347, 1, 82, 40, '2022-07-11', '2022-07-12', 100.00, 100.00, NULL, 1, 1, 2, NULL, NULL, 1200.00, NULL, NULL, NULL, '2022-07-11 12:45:04', '2022-07-11 12:45:04'),
(63, 'PAYID-MLGBY3Y68V63694C8701832P', 'A21AAIj4S71lwh6387Wuc-5g3wI86U-d6Hh6czJOnLmNvrojzWdZ4RAkClDyJSlA83shSnAj2DYBQuyT22M_KSsXrtDYxKsfQ', 0x45432d38433536313637344a4b3337363630334d, 1, 82, 40, '2022-07-11', '2022-07-12', 100.00, 100.00, NULL, 1, 1, 2, NULL, NULL, 1200.00, NULL, NULL, NULL, '2022-07-11 12:49:51', '2022-07-11 12:49:51'),
(64, 'PAYID-MLGB3DI7RC89325E3029784L', 'A21AAIj4S71lwh6387Wuc-5g3wI86U-d6Hh6czJOnLmNvrojzWdZ4RAkClDyJSlA83shSnAj2DYBQuyT22M_KSsXrtDYxKsfQ', 0x45432d35424e3239323130464a32363137343043, 1, 82, 40, '2022-07-11', '2022-07-12', 100.00, 100.00, NULL, 1, 1, 2, NULL, NULL, 1200.00, NULL, NULL, NULL, '2022-07-11 12:54:37', '2022-07-11 12:54:37'),
(65, 'PAYID-MLGB5XY4TE11862XE1896311', 'A21AAJEFT4zgmIkkfUTVWpFO0C0OB6_jJOw5v3dZF1ZUwqav0dpLFHlD79ldCLvkcoP8-Ddk2sql2wy3F01IPsZsoHAnyS1Kw', 0x45432d374e343830383438304b3238393232354b, 1, 82, 40, '2022-07-11', '2022-07-12', 100.00, 100.00, NULL, 1, 1, 2, NULL, NULL, 1200.00, NULL, NULL, NULL, '2022-07-11 13:00:16', '2022-07-11 13:00:16'),
(66, 'PAYID-MLGB7RA55567758D57486625', 'A21AAJEFT4zgmIkkfUTVWpFO0C0OB6_jJOw5v3dZF1ZUwqav0dpLFHlD79ldCLvkcoP8-Ddk2sql2wy3F01IPsZsoHAnyS1Kw', 0x45432d38524c373737313739393534363831304d, 1, 82, 136, '2022-07-11', '2022-07-12', 0.00, 0.00, 2.00, 1, 1, 2, NULL, NULL, 502.00, NULL, NULL, NULL, '2022-07-11 13:04:04', '2022-07-11 13:04:04'),
(67, 'PAYID-MLGCCTA4RB52720021643139', 'A21AAJEFT4zgmIkkfUTVWpFO0C0OB6_jJOw5v3dZF1ZUwqav0dpLFHlD79ldCLvkcoP8-Ddk2sql2wy3F01IPsZsoHAnyS1Kw', 0x45432d34455332353837364d3031393936313145, 1, 95, 76, '2022-07-11', '2022-07-12', 100.00, 10.00, 2.00, 1, 1, 2, NULL, NULL, 612.00, NULL, NULL, NULL, '2022-07-11 13:10:36', '2022-07-11 13:10:36'),
(68, 'PAYID-MLGCE4Y56F98966SJ1381814', 'A21AAJEFT4zgmIkkfUTVWpFO0C0OB6_jJOw5v3dZF1ZUwqav0dpLFHlD79ldCLvkcoP8-Ddk2sql2wy3F01IPsZsoHAnyS1Kw', 0x45432d3444333438313536464636303134323137, 1, 95, 76, '2022-07-11', '2022-07-12', 100.00, 10.00, 2.00, 1, 1, 2, NULL, NULL, 612.00, NULL, NULL, NULL, '2022-07-11 13:15:31', '2022-07-11 13:15:31'),
(69, 'PAYID-MLGRUVQ03U51899AF565722L', 'A21AAJYz5iJhXLPiyZcNF50wL98OlN5K87a-hjLQOcxMVFHRkoNh0g3wDHihFWXPuLBw_HV8KyKhYAQJX0mWTPZ1cOSKa2tUw', 0x45432d3145563733343735545939303233393135, NULL, 228, 282, '2022-07-12', '2022-07-13', 50.00, 10.00, 2.00, 1, 1, 2, NULL, NULL, 862.00, NULL, NULL, NULL, '2022-07-12 06:53:10', '2022-07-12 06:53:10'),
(70, 'PAYID-MLGRWSI1J478101H5435230L', 'A21AAJYz5iJhXLPiyZcNF50wL98OlN5K87a-hjLQOcxMVFHRkoNh0g3wDHihFWXPuLBw_HV8KyKhYAQJX0mWTPZ1cOSKa2tUw', 0x45432d3343593932333838535032313836323137, 1, 95, 84, '2022-07-12', '2022-07-13', 100.00, 10.00, 3.00, 1, 1, 2, NULL, NULL, 613.00, NULL, NULL, NULL, '2022-07-12 06:57:13', '2022-07-12 06:57:13'),
(71, 'PAYID-MLGUAEA8TV875115A5413829', 'A21AAIuT31ZqGpQlaxV-o-cTxRoFWTED3XDNJeXR7Beik4WVxrKZzCWTyKdK5nYzDLLpLvbqvZp61X6IPGYZNJ2f2Cga_tHWw', 0x45432d354d4c3333333134354830383239323043, 1, 108, 87, '2022-07-12', '2022-07-13', 250.00, 250.00, 10.00, 1, 1, 2, NULL, NULL, 1010.00, NULL, NULL, NULL, '2022-07-12 09:34:08', '2022-07-12 09:34:08'),
(72, 'PAYID-MLGUDVQ9V0833250M656760H', 'A21AAIuT31ZqGpQlaxV-o-cTxRoFWTED3XDNJeXR7Beik4WVxrKZzCWTyKdK5nYzDLLpLvbqvZp61X6IPGYZNJ2f2Cga_tHWw', 0x45432d3044323333383833364837343038343233, 1, 108, 87, '2022-07-12', '2022-07-13', 250.00, 250.00, 10.00, 1, 1, 2, NULL, NULL, 1010.00, NULL, NULL, NULL, '2022-07-12 09:41:42', '2022-07-12 09:41:42'),
(73, 'PAYID-MLGUGII4V10296226832351S', 'A21AAIuT31ZqGpQlaxV-o-cTxRoFWTED3XDNJeXR7Beik4WVxrKZzCWTyKdK5nYzDLLpLvbqvZp61X6IPGYZNJ2f2Cga_tHWw', 0x45432d3143313530343839315330333832393141, 1, 118, 107, '2022-07-12', '2022-07-13', 500.00, 500.00, 20.00, 1, 1, 2, NULL, NULL, 2020.00, NULL, NULL, NULL, '2022-07-12 09:47:13', '2022-07-12 09:47:13'),
(74, 'PAYID-MLGUI2Q5X200147YX186524S', 'A21AAIuT31ZqGpQlaxV-o-cTxRoFWTED3XDNJeXR7Beik4WVxrKZzCWTyKdK5nYzDLLpLvbqvZp61X6IPGYZNJ2f2Cga_tHWw', 0x45432d30554a37313532324c313238343235324c, 1, 108, 87, '2022-07-12', '2022-07-13', 250.00, 250.00, 10.00, 1, 1, 2, NULL, NULL, 1010.00, NULL, NULL, NULL, '2022-07-12 09:52:42', '2022-07-12 09:52:42'),
(75, 'PAYID-MLHFEYY04U96202DS1369743', 'A21AAIC65AGl1jo5Rs83ElFJebCchyks2j2C4PuaMXTFOpJ9MHvPCtaFK0dKjPvZ--vyRXvcFBtTmlrjbojeeDm6OEcJA6Rfw', 0x45432d3558363635313835544130343236383353, 1, 92, 39, '2022-07-13', '2022-07-14', 1000.00, 1000.00, NULL, 1, 1, 2, NULL, NULL, 7000.00, NULL, NULL, NULL, '2022-07-13 05:04:35', '2022-07-13 05:04:35'),
(76, 'PAYID-MLHFFSY6AB65088RY226564C', 'A21AAIC65AGl1jo5Rs83ElFJebCchyks2j2C4PuaMXTFOpJ9MHvPCtaFK0dKjPvZ--vyRXvcFBtTmlrjbojeeDm6OEcJA6Rfw', 0x45432d3646463738333733483334313131313550, 1, 225, 274, '2022-07-13', '2022-07-14', 250.00, 250.00, 1.00, 1, 1, 2, NULL, NULL, 1501.00, NULL, NULL, NULL, '2022-07-13 05:06:19', '2022-07-13 05:06:19'),
(77, 'PAYID-MLHGM2Y76W63174FJ867433H', 'A21AAIOgcQZp9oURmYqsaIbwieDOuBy8LAw5Dg8qxesvwnym6Qwnazw-LkrYi7MMdqY4Ab7wVW0Rr0qondJpCN59xYigdJOmQ', 0x45432d32424d33333139324d3735313531313047, 1, 240, 299, '2022-07-13', '2022-07-14', 250.00, 250.00, 1.00, 1, 1, 2, NULL, NULL, 1501.00, NULL, NULL, NULL, '2022-07-13 06:30:03', '2022-07-13 06:30:03'),
(78, 'PAYID-MLHIN5Q8A378482GR684531J', 'A21AAJIccMjrFvWpwQZBX38tyk_gzLJWfsb283fBuwAqRqQbtZejwfCUCfqnY2KRDnXI6JGa2_j58fVEbI6Mv-Uf9QRYM4Aew', 0x45432d384c373531353332435238333330323435, 1, 239, 301, '2022-07-13', '2022-07-14', 250.00, 250.00, 1.00, 1, 1, 2, NULL, NULL, 1501.00, NULL, NULL, NULL, '2022-07-13 08:48:54', '2022-07-13 08:48:54'),
(79, 'PAYID-MLHJGVY6202339380759652E', 'A21AALumXbzp1xf4_WYn4qxPnuXa47PzYRmOfzhlfgZpAW8dJeDsrBLOFQz9Z1epVY3iPLjKUSC03bnUKTppn-vj3ieG4aexg', 0x45432d37334337383339394d5437353431323154, NULL, 239, 303, '2022-07-13', '2022-07-14', 250.00, 250.00, 1.00, 1, 1, 2, NULL, NULL, 1501.00, NULL, NULL, NULL, '2022-07-13 09:41:43', '2022-07-13 09:41:43'),
(80, 'PAYID-MLHL5HA0B0539987C537734E', 'A21AALQBc5JmeMdLTblQDVz0NjfE4TzzMy55erg2U657vhXYO6kSoi0uLjAW7gke1ZGXH1PsmoKaF7X7LeRcWSu5GX05BhjwA', 0x45432d3439413032313332504531353731333433, 1, 239, 303, '2022-07-13', '2022-07-14', 250.00, 250.00, 1.00, 1, 1, 2, NULL, NULL, 1501.00, NULL, NULL, NULL, '2022-07-13 12:46:20', '2022-07-13 12:46:20'),
(81, 'PAYID-MLH3CBA3C497798EF440781T', 'A21AAKW0YeYonzZX5CNoZW0srNAQGza14sD0Bro60vcjpKBWq8uSFUj-huuJ1d1ZKTCRUpuDwglyz-8euFnM5lRctsg-IBmAg', 0x45432d3031333636393737384c35303834353036, 1, 239, 320, '2022-07-14', '2022-07-15', 250.00, 250.00, 1.00, 1, 1, 2, NULL, NULL, 5501.00, NULL, NULL, NULL, '2022-07-14 06:00:36', '2022-07-14 06:00:36'),
(82, 'PAYID-MLH52XY73V27900EJ0482240', 'A21AAKTlq7Uuc-b_d_3AxlgG8eFb8GIesGyQJNyuDhl6AKB5uJmHrcfh9sNF1Ire0JX5OP5G59xJtT2kpnurP3h9TjHx_QXTA', 0x45432d3137373338363034394732313331323447, 1, 239, 329, '2022-07-14', '2022-07-15', 250.00, 250.00, 1.00, 1, 1, 2, NULL, NULL, 1501.00, NULL, NULL, NULL, '2022-07-14 09:09:52', '2022-07-14 09:09:52'),
(83, 'PAYID-MLIQEIY3NF93219N2901105T', 'A21AAKshgWJqx9vZ8SsFIb5ELf7mDgjLFh404t8ucPQUSYbBI_WI0SKmfhbgAswx4mcBZRwzJ_p_aHd15dDKuPEKDVbCCKbGQ', 0x45432d3942433937393532344b3334323237334b, 1, 148, 287, '2022-07-15', '2022-07-16', 50.00, 10.00, 2.00, 1, 1, 2, NULL, NULL, 862.00, NULL, NULL, NULL, '2022-07-15 05:59:00', '2022-07-15 05:59:00'),
(84, 'PAYID-MLIQEJQ5W331527AN576042M', 'A21AAKshgWJqx9vZ8SsFIb5ELf7mDgjLFh404t8ucPQUSYbBI_WI0SKmfhbgAswx4mcBZRwzJ_p_aHd15dDKuPEKDVbCCKbGQ', 0x45432d384e523735343938365733313437323550, 1, 148, 287, '2022-07-15', '2022-07-16', 50.00, 10.00, 2.00, 1, 1, 2, NULL, NULL, 862.00, NULL, NULL, NULL, '2022-07-15 05:59:02', '2022-07-15 05:59:02'),
(85, 'PAYID-MLJEZ3Q9YX71968UD1461610', 'A21AAIYeqBzsTe9TuI4E7inYr95fSRObZYqoqPU6-iHzXgiUDAvvMvzWjZG6tkqJkwc3EXmtN9YawCrcaXfCmsikSj-jAGtXw', 0x45432d3648583533353231565038363432353346, 1, 92, 39, '2022-07-16', '2022-07-17', 1000.00, 1000.00, NULL, 1, 1, 2, NULL, NULL, 7000.00, NULL, NULL, NULL, '2022-07-16 05:30:22', '2022-07-16 05:30:22'),
(86, 'PAYID-MLJIN2Y52U59336RW4660949', 'A21AAKC65Y3uZdzR9TrZ2aeCcnTZhQZF2HISJpUxmWcGVzajcnsT4pYZbtR9NAhDnwgt0lsnuRNoJmYTlc_PXdnYv3aD0FvMQ', 0x45432d3435483730333637585833363232323437, 1, 226, 275, '2022-07-16', '2022-07-17', 250.00, 250.00, 1.00, 1, 1, 2, NULL, NULL, 1051.00, NULL, NULL, NULL, '2022-07-16 09:37:47', '2022-07-16 09:37:47'),
(87, 'PAYID-MLLDUDQ5C108615JB114192D', 'A21AAI0-YCAg8RmjvgMYqHkbZC6hgaM4H5CHBOKtmRca9G3rUOIQeRQ4nYRJNFBKzzJ7MASdorw9gs0I72NLJuIK2bLZx1YoQ', 0x45432d333048393139333238383635313036324e, 1, 95, 118, '2022-07-19', '2022-07-20', 0.00, 0.00, 2.00, 1, 1, 2, NULL, NULL, 502.00, NULL, NULL, NULL, '2022-07-19 04:58:54', '2022-07-19 04:58:54'),
(88, 'PAYID-MLLD5WI7NY82678X0445652R', 'A21AAJnEB3trINVWVvxV9PoX80GvWN-9PBcNLbc_KsCgk0DJAaBv7VFG8MwQrMKK6IVpLVqHCEZjZ5jzNv5056LJ2cR-uSCyQ', 0x45432d33384a3533333036485031313733343059, 1, 281, 379, '2022-07-19', '2022-07-20', 250.00, 250.00, 1.00, 1, 1, 2, NULL, NULL, 1001.00, NULL, NULL, NULL, '2022-07-19 05:19:21', '2022-07-19 05:19:21'),
(89, 'PAYID-MLLEDII8U126417H0495261B', 'A21AAJnEB3trINVWVvxV9PoX80GvWN-9PBcNLbc_KsCgk0DJAaBv7VFG8MwQrMKK6IVpLVqHCEZjZ5jzNv5056LJ2cR-uSCyQ', 0x45432d3139333639353432553038353236353343, 1, 281, 382, '2022-07-19', '2022-07-20', 200.00, 200.00, 2.00, 1, 1, 2, NULL, NULL, 902.00, NULL, NULL, NULL, '2022-07-19 05:31:13', '2022-07-19 05:31:13'),
(90, 'PAYID-MLLED6I2Y121521M2977382A', 'A21AAJnEB3trINVWVvxV9PoX80GvWN-9PBcNLbc_KsCgk0DJAaBv7VFG8MwQrMKK6IVpLVqHCEZjZ5jzNv5056LJ2cR-uSCyQ', 0x45432d3445523738313834453837323334383431, 1, 281, 383, '2022-07-19', '2022-07-20', 100.00, 100.00, 3.00, 1, 1, 2, NULL, NULL, 1203.00, NULL, NULL, NULL, '2022-07-19 05:32:41', '2022-07-19 05:32:41'),
(91, 'PAYID-MLLEGXA516893137R064161B', 'A21AAJnEB3trINVWVvxV9PoX80GvWN-9PBcNLbc_KsCgk0DJAaBv7VFG8MwQrMKK6IVpLVqHCEZjZ5jzNv5056LJ2cR-uSCyQ', 0x45432d3630593433303136425432363338383439, 1, 100, 55, '2022-07-19', '2022-07-20', 100.00, 10.00, NULL, 1, 1, 2, NULL, NULL, 610.00, NULL, NULL, NULL, '2022-07-19 05:38:36', '2022-07-19 05:38:36'),
(92, 'PAYID-MLLHABY8MM80751MX5801404', 'A21AAKet-_DuP43ggyTgJ0sBXhw-Lox04OiXyjcOkopfwnklFqKEaQnwMK2yNZcLVPpdFx-DV8adL9VHN8TImdrYeDNfK4yWQ', 0x45432d35463832363130324b4732303634343333, 1, 104, 389, '2022-07-19', '2022-07-20', 250.00, 250.00, 20.00, 1, 1, 2, NULL, NULL, 1020.00, NULL, NULL, NULL, '2022-07-19 08:49:11', '2022-07-19 08:49:11'),
(93, 'PAYID-MLLZCSY99W9230703801281G', 'A21AAKy8KA2tI_i916RpDFNi4KTCqcuI1TQN00xwOpaIu2fROM5JOuKkhbz1fwV85n_UAoW0Y7SXG658kfSjpA75timjnxpXg', 0x45432d364c463930363935433639383033373236, 1, 281, 382, '2022-07-22', '2022-07-29', 200.00, 200.00, 2.00, 7, 1, 2, NULL, NULL, 3902.00, NULL, NULL, NULL, '2022-07-20 05:23:23', '2022-07-20 05:23:23'),
(94, 'PAYID-MLNDLII2RG05724TE9185301', 'A21AALF-y3UtQ7PBAF-xcgkUu7aC1aSilzroB-8iSowBole_LsA9rVF9WEwAX_qJ_S_hD4FNJX3Rk9iwb-myTArhp4kMZXOKA', 0x45432d3858543237373234455436383932303459, 1, 92, 39, '2022-07-22', '2022-07-23', 1000.00, 1000.00, NULL, 1, 1, 2, NULL, NULL, 7000.00, NULL, NULL, NULL, '2022-07-22 05:29:05', '2022-07-22 05:29:05'),
(95, 'PAYID-MLNIEKA72B0915090741191F', 'A21AAK1UmSXpJX0jEWqiqT81PBoU9BjfJkbMXbu13EIbnsoRT-8VHVP7-iNqYFWbtzgI1E5wOaRCHoxE4CdE4zNzAebniMtsw', 0x45432d3039453238393635353138353937353045, 1, 281, 383, '2022-07-22', '2022-07-23', 100.00, 100.00, 3.00, 1, 1, 2, NULL, NULL, 1203.00, NULL, NULL, NULL, '2022-07-22 10:55:36', '2022-07-22 10:55:36'),
(96, 'PAYID-MLPEKKQ1G793215E78944008', 'A21AALVscIGgu94w1WOwSxI5C90g317VfuuCbzpQlDDeRfqs4uW2lwZ1lOkyWCMu4CEbTT3yjaPi4r0RbSVE-NTZF8_3EeVqA', 0x45432d31474d3835303839364a3737383331354b, 1, 281, 382, '2022-07-25', '2022-07-26', 200.00, 200.00, 2.00, 1, 1, 2, NULL, NULL, 902.00, NULL, NULL, NULL, '2022-07-25 07:24:27', '2022-07-25 07:24:27'),
(97, 'PAYID-MLPICRI4EF75852F4702160E', 'A21AAJY1h-KtYPkF4Su34YVmK1Mps_JxcZj1I8p7cogbZ3Cj4xatIH88G1TP1iKv8O-4A54gMJAgf07K7XtDjYwGNLIEQ97dg', 0x45432d3547443438343934333939363930323532, 1, 302, 458, '2022-07-25', '2022-07-26', 50.00, 50.00, 1.00, 1, 1, 2, NULL, NULL, 401.00, NULL, NULL, NULL, '2022-07-25 11:40:54', '2022-07-25 11:40:54'),
(98, 'PAYID-MLPICRY46L119939E7619429', 'A21AAJY1h-KtYPkF4Su34YVmK1Mps_JxcZj1I8p7cogbZ3Cj4xatIH88G1TP1iKv8O-4A54gMJAgf07K7XtDjYwGNLIEQ97dg', 0x45432d39394d3636383436504c39383839333253, 1, 302, 458, '2022-07-25', '2022-07-26', 50.00, 50.00, 1.00, 1, 1, 2, NULL, NULL, 401.00, NULL, NULL, NULL, '2022-07-25 11:40:55', '2022-07-25 11:40:55'),
(99, 'PAYID-MLP2LVY1NF63357V4369891J', 'A21AALsNAskjAaKxUhpEVeJdl4l01J82Fe_oxwNSpZWE2lKBtQHG3OAVWm3ZU9PxQ7enUaL-52SME2OaPKHjWCd7tttNYTj8A', 0x45432d384e343536333333325636323932393157, NULL, 281, 383, '2022-07-26', '2022-07-27', 100.00, 100.00, 3.00, 1, 1, 2, NULL, NULL, 1203.00, NULL, NULL, NULL, '2022-07-26 08:29:11', '2022-07-26 08:29:11'),
(100, 'PAYID-MLP3XWA874883225C3369217', 'A21AALooSMYjKE5SsTDO26gq6oHp0oQxjBCRWzpqResXbHCZ0j6MVEaus_CVd2Bpu5iXmzyyFOAhj9yfq9Zly7KiGRVX0e8qQ', 0x45432d3632563737373337475838393130343132, NULL, 281, 384, '2022-07-26', '2022-07-27', 20.00, 20.00, 1.00, 1, 1, 2, NULL, NULL, 541.00, NULL, NULL, NULL, '2022-07-26 10:03:05', '2022-07-26 10:03:05'),
(101, 'PAYID-MLP3Z7Q2U704299S5154061J', 'A21AALooSMYjKE5SsTDO26gq6oHp0oQxjBCRWzpqResXbHCZ0j6MVEaus_CVd2Bpu5iXmzyyFOAhj9yfq9Zly7KiGRVX0e8qQ', 0x45432d3644533034303637365931393138383047, 1, 281, 385, '2022-07-26', '2022-07-27', 20.00, 20.00, 1.00, 1, 1, 2, NULL, NULL, 541.00, NULL, NULL, NULL, '2022-07-26 10:07:58', '2022-07-26 10:07:58'),
(102, 'PAYID-MLQNPUI6Y7694058M079025V', 'A21AALIIsLVhZqyJE65KWhCq26bS90to63cggS5ECjqnrV7ib2hizRzvdcMZh0toxhAZmakXKk5Clecrrs1A7yLAm4iloBc6Q', 0x45432d3448533732323237393131393333393441, 1, 281, 382, '2022-07-27', '2022-07-28', 200.00, 200.00, 2.00, 1, 1, 2, NULL, NULL, 902.00, NULL, NULL, NULL, '2022-07-27 06:14:41', '2022-07-27 06:14:41'),
(103, 'PAYID-MLQP63A5NW13720FW9791427', 'A21AAJu8C0yvtmkCmMZS5a8ykvctNl1g_42EzgCtggfuiA0N6FYpK6A21jjewMzIxq77ZpYbzK_hl91FdcOTCiOYkW6fkMDdQ', 0x45432d3559433839323133354c3334353538334d, 1, 327, 508, '2022-07-27', '2022-07-28', 100.00, 100.00, 1.00, 1, 1, 2, NULL, NULL, 701.00, NULL, NULL, NULL, '2022-07-27 09:03:40', '2022-07-27 09:03:40'),
(104, 'PAYID-MLQQBJA2H553743WJ476990H', 'A21AAJu8C0yvtmkCmMZS5a8ykvctNl1g_42EzgCtggfuiA0N6FYpK6A21jjewMzIxq77ZpYbzK_hl91FdcOTCiOYkW6fkMDdQ', 0x45432d304c523332313037384b35393439313159, 1, 281, 445, '2022-07-27', '2022-07-28', 5.00, 5.00, 1.00, 1, 1, 2, NULL, NULL, 511.00, NULL, NULL, NULL, '2022-07-27 09:08:52', '2022-07-27 09:08:52'),
(105, 'PAYID-MLQRISI5HV09506KX2192125', 'A21AAIK5Nv5vH07lQYFKYT7-jU3w39RRRL43JicDXvOZ1kdOqAeNTSrKj03ZvF326Vcy1-E4GZ48_dGCcFSWz6Et-myz-U9wA', 0x45432d32584d3731373236304837383439303554, 1, 92, 39, '2022-07-27', '2022-07-28', 1000.00, 1000.00, NULL, 1, 1, 2, NULL, NULL, 7000.00, NULL, NULL, NULL, '2022-07-27 10:32:42', '2022-07-27 10:32:42'),
(106, 'PAYID-MLQRPOQ2SM09444JW914625E', 'A21AAIK5Nv5vH07lQYFKYT7-jU3w39RRRL43JicDXvOZ1kdOqAeNTSrKj03ZvF326Vcy1-E4GZ48_dGCcFSWz6Et-myz-U9wA', 0x45432d384e5834363232334e3932383532333154, 1, 100, 199, '2022-07-27', '2022-07-28', 100.00, 10.00, NULL, 1, 1, 2, NULL, NULL, 610.00, NULL, NULL, NULL, '2022-07-27 10:47:23', '2022-07-27 10:47:23'),
(107, 'PAYID-MLRB5NA41023666L36263211', 'A21AAK8MHfXvxPUkAM7uGP8A9RO5pREHhW7cz2i4sFMgkdqEOqbKIxsQuy6voxy-YKFeWtVGHyHXofMYaIntIV3vUPTM2C-LQ', 0x45432d39315439383539354a3439303232383453, NULL, 92, 523, '2022-07-28', '2022-07-29', 0.00, 0.00, 3.00, 1, 1, 2, NULL, NULL, 503.00, NULL, NULL, NULL, '2022-07-28 05:29:24', '2022-07-28 05:29:24'),
(108, 'PAYID-MLRDF2Y5ST38062NL220321G', 'A21AALp6ry8sZ7sz8pUd05Xl1FuzfDnJP-9iM3Wqmjh9oza3krALD2hPLBOCh7R0U3-WSjtXB9JSn1bF6ju9l6QlYu4Xkkbmg', 0x45432d3430453438373234544c34333339373045, 1, 92, 523, '2022-07-28', '2022-07-29', 0.00, 0.00, 3.00, 1, 1, 2, NULL, NULL, 503.00, NULL, NULL, NULL, '2022-07-28 06:55:40', '2022-07-28 06:55:40'),
(109, 'PAYID-MLRGKGY2P191360PW465742G', 'A21AAK9dHafiaDim6r5cpp-vj_xYeiJf4AMWIftqdyR-UU6UinRzLDLMFRGZC1yTQxDhgpZOwAy9trJc_hlj6LOQXDsiVd9Hw', 0x45432d37344e3731343735373435393637303036, 1, 281, 383, '2022-07-28', '2022-07-29', 100.00, 100.00, 3.00, 1, 1, 2, NULL, NULL, 1203.00, NULL, NULL, NULL, '2022-07-28 10:29:47', '2022-07-28 10:29:47'),
(110, 'PAYID-MLRYUQY16245288CM6088115', 'A21AAIBsFyMt6Or0Xb_4UYtwqcz-fO1OhycvVC6Ln7viGUL6Gq_zX9Hglpl3vk-NtJrMaHJyNjSJuE8yriA3KOVhoHod-wkIQ', 0x45432d3947543234373435574c33323130303453, NULL, 92, 39, '2022-07-29', '2022-07-30', 1000.00, 1000.00, NULL, 1, 1, 2, NULL, NULL, 7000.00, NULL, NULL, NULL, '2022-07-29 07:20:36', '2022-07-29 07:20:36'),
(111, 'PAYID-MLR4Z7Q1CT94778SN7303505', 'A21AAK7ZbCYo9Gvd4JwTdnK9BkM-maPghvqOEfcp-vTCWAKKoKndfsdgKuw198HlYIHSZf0lHnQDnE-1jtMwbWbJ4aIEbrO8A', 0x45432d3434503139373437425934333130373359, 1, 311, 479, '2022-07-29', '2022-07-30', 200.00, 0.00, 20.00, 1, 1, 2, NULL, NULL, 720.00, NULL, NULL, NULL, '2022-07-29 12:05:18', '2022-07-29 12:05:18'),
(112, 'PAYID-MLR5UDA51G96402YX400504F', 'A21AAKX4x0Jjnq3kTvEfcYc1AREYTaviYnG0Cr4Th8CP0LyWrKjI9njCl9VF7d9cBaDexRfhLDpGsp7-vjUqwujqW_lcfp8BQ', 0x45432d36564b3631333730304e3131313738334c, NULL, 92, 39, '2022-07-29', '2022-07-30', 1000.00, 1000.00, NULL, 1, 1, 2, NULL, NULL, 7000.00, NULL, NULL, NULL, '2022-07-29 13:01:01', '2022-07-29 13:01:01'),
(113, 'PAYID-MLSP6DI4T139632BT0711200', 'A21AALAIVMVknb1gD-p9W9AwmcxTacFE1lQWAdlQwp6cJUJgxdNSuYanvC5mYGmXFL9FlZePYw2MuzR6Djyfl42DF_nqX-wIQ', 0x45432d314b593137313435313236363933363359, 1, 92, 39, '2022-07-30', '2022-07-31', 1000.00, 1000.00, NULL, 1, 1, 2, NULL, NULL, 7000.00, NULL, NULL, NULL, '2022-07-30 09:51:09', '2022-07-30 09:51:09'),
(114, 'PAYID-MLSRSEA15W449842D822030R', 'A21AAJ-UhZCkAyw0sk2ttjSIn0iP7OLgIORsLdXQjtuDfVeo8vuDH8U5bGpG1Q3vDun0Fvn4-kyzx1Bpq8TKZBrhtUXio05DA', 0x45432d3032523930303639543236393937383035, 1, 92, 39, '2022-07-30', '2022-07-31', 1000.00, 1000.00, NULL, 1, 1, 2, NULL, NULL, 7000.00, NULL, NULL, NULL, '2022-07-30 11:42:09', '2022-07-30 11:42:09'),
(115, 'PAYID-MLSSGAY1HE16818Y4561081W', 'A21AALAsLRpvIMEeonJzPJEXtLvEN8ERxetDwN-PjezyLl32B8WlcwWu1jUJGZ92VXVHg3l4S27P_4n_-rLlkVq10jRNdAt-g', 0x45432d3059583937353732343039353535383338, 1, 92, 39, '2022-07-30', '2022-07-31', 1000.00, 1000.00, NULL, 1, 1, 2, NULL, NULL, 7000.00, NULL, NULL, NULL, '2022-07-30 12:24:36', '2022-07-30 12:24:36'),
(116, 'PAYID-MLSS5OI4ER26948E5769814H', 'A21AALICfbRq5lMYd4rPHTRGgmBCrOpTkl8mOtT8OJuOTbCbjlw4QLSZOcbNqY576xhnAoUeqA-j9arIfUL5jRYrNAI8iPlYA', 0x45432d37365831393533324b4137303132333039, 1, 92, 39, '2022-07-30', '2022-07-31', 1000.00, 1000.00, NULL, 1, 1, 2, NULL, NULL, 7000.00, NULL, NULL, NULL, '2022-07-30 13:14:33', '2022-07-30 13:14:33'),
(117, 'PAYID-MLTV2NI4RM84005P3839484J', 'A21AAJf7gikpt0q9DcLoGzSbHtM9jwBxjRPnKRBBM7QmF_-zaND41NraZNpJ-Ps-hNkWUerAZsyjOedGBWJKL4FhA51-fau9g', 0x45432d39453331343230354b343631303438334e, 1, 92, 39, '2022-08-01', '2022-08-02', 1000.00, 1000.00, NULL, 1, 1, 2, NULL, NULL, 7000.00, NULL, NULL, NULL, '2022-08-01 04:57:26', '2022-08-01 04:57:26'),
(118, 'PAYID-MLTXF5I0MA7519044541980C', 'A21AAKbn9fmnfKs8Hsnc6TatN9kTbhnsmydYTvLadRp1_GWkx0EnXXXsp3PgFDdLGlOzzqeyvl0eemfv2WVBi19pt3xYFRBOQ', 0x45432d35543235383538334c3633363136323537, 1, 281, 382, '2022-08-01', '2022-08-10', 200.00, 200.00, 2.00, 9, 1, 2, NULL, NULL, 4902.00, NULL, NULL, NULL, '2022-08-01 06:30:13', '2022-08-01 06:30:13'),
(119, 'PAYID-MLUOWIQ4PV02635TC934433G', 'A21AAJJD7TcqtFlLeNZaAMxCn6DFkFUhWPBGHBGnM02BvFgIO2574oQj58JMS955V6DQkpiFTR5YDiwNr_e_zNgcJxlrB1rrQ', 0x45432d3057543631363030385834383735323247, 1, 92, 39, '2022-08-02', '2022-08-03', 1000.00, 1000.00, NULL, 1, 1, 2, NULL, NULL, 7000.00, NULL, NULL, NULL, '2022-08-02 09:15:14', '2022-08-02 09:15:14'),
(120, 'PAYID-MLUR5RQ4PP23708WE5627627', 'A21AALZtXiRipKasS5YRheJVXedzTkS7fnn0Xef63vGRAaArimqZZvP9S7Zt9-pG79gE7386nUI9JRfRQ0hPHP4xo4m6l2RHg', 0x45432d37594c31343032344a4e31393730333543, NULL, 148, 394, '2022-08-02', '2022-08-03', 50.00, 10.00, 2.00, 1, 1, 2, NULL, NULL, 862.00, NULL, NULL, NULL, '2022-08-02 12:55:34', '2022-08-02 12:55:34'),
(121, 'PAYID-MLVE74A3EM83760UR171943L', 'A21AAJNfhVxl080xxHH11Z_3-5wJ8sJocWx5zB6tpNdLBHwqShFndMwFQFtpXqP9M7J2tNnF00KVhdjKd0WxEkkgSIttYN3SA', 0x45432d3442503231343132433235323637373358, NULL, 281, 382, '2022-08-03', '2022-08-04', 200.00, 200.00, 2.00, 1, 1, 2, NULL, NULL, 902.00, NULL, NULL, NULL, '2022-08-03 10:37:36', '2022-08-03 10:37:36'),
(122, 'PAYID-MLVGF5I5VF05242NS621774P', 'A21AAKPOY8tjwrtagVUII5lK0LX1wh_LtLVc5ypisYbm0chBZvG--o4vO2eftIElysOt_K6tMuF86YhAui-qWsMnsJAE9ZWdg', 0x45432d3250553733373835445737323437323245, 1, 281, 383, '2022-08-03', '2022-08-04', 100.00, 100.00, 3.00, 1, 1, 2, NULL, NULL, 1203.00, NULL, NULL, NULL, '2022-08-03 11:58:45', '2022-08-03 11:58:45'),
(123, 'PAYID-MLVVOKQ9H658535WT3492020', 'A21AAJ4XlBeoGVTAI3lSMgOkrfiAHyKFM8ZA9hemnXZMHpiLvS91IgDxzZbKmMsbPGj1WUR3rbiLw3oLFNB4pHi-SRTV2IWjQ', 0x45432d36554d333230343159463230353933344e, 1, 281, 384, '2022-08-04', '2022-08-05', 20.00, 20.00, 1.00, 1, 1, 2, NULL, NULL, 541.00, NULL, NULL, NULL, '2022-08-04 05:20:43', '2022-08-04 05:20:43'),
(124, 'PAYID-MLVYI7Q1HJ51686DC777632H', 'A21AAILJULJmj_u37K9m3dRi5ZSvquFwkHreJyW3z0BMdT1VIjb9DxKyLi9rEUd-U_q-H92ZwbpBmWfO5ypPAa_Y3iq_3yPBg', 0x45432d304e543334343433443837373131343346, 1, 92, 39, '2022-08-04', '2022-08-05', 1000.00, 1000.00, NULL, 1, 1, 2, NULL, NULL, 7000.00, NULL, NULL, NULL, '2022-08-04 08:34:06', '2022-08-04 08:34:06'),
(125, 'PAYID-MLVY3KY86U22064NH1473325', 'A21AAJ5c740jCcM-RksWw70Q8F_SelPVIIK2w8EMDrYoPiq2TfiyKQmJo85t4QZ1RK0uoYsSR2IpRUcosr2z7jcbuxyDpdCbQ', 0x45432d3856413935373435474236373734343255, 1, 380, 691, '2022-08-04', '2022-08-05', 100.00, 100.00, 1.00, 1, 1, 2, NULL, NULL, 751.00, NULL, NULL, NULL, '2022-08-04 09:13:16', '2022-08-04 09:13:16'),
(126, 'PAYID-MLVZF4I37K27259FW116692H', 'A21AAJ5c740jCcM-RksWw70Q8F_SelPVIIK2w8EMDrYoPiq2TfiyKQmJo85t4QZ1RK0uoYsSR2IpRUcosr2z7jcbuxyDpdCbQ', 0x45432d30484730343836394e5739343234393355, 1, 78, 693, '2022-08-04', '2022-08-05', 0.00, 0.00, NULL, 1, 1, 2, NULL, NULL, 500.00, NULL, NULL, NULL, '2022-08-04 09:35:45', '2022-08-04 09:35:45'),
(127, 'PAYID-MLVZLLI79A26451B7176502V', 'A21AAJ5c740jCcM-RksWw70Q8F_SelPVIIK2w8EMDrYoPiq2TfiyKQmJo85t4QZ1RK0uoYsSR2IpRUcosr2z7jcbuxyDpdCbQ', 0x45432d37474733393131384d4b34363839363131, 1, 281, 385, '2022-08-04', '2022-08-05', 20.00, 20.00, 1.00, 1, 1, 2, NULL, NULL, 541.00, NULL, NULL, NULL, '2022-08-04 09:47:25', '2022-08-04 09:47:25'),
(128, 'PAYID-MLVZNAQ6EM03775K3307810J', 'A21AAJ5c740jCcM-RksWw70Q8F_SelPVIIK2w8EMDrYoPiq2TfiyKQmJo85t4QZ1RK0uoYsSR2IpRUcosr2z7jcbuxyDpdCbQ', 0x45432d39384439353633334e5332313639353446, 1, 78, 693, '2022-08-13', '2022-08-20', 0.00, 0.00, NULL, 7, 1, 2, NULL, NULL, 3500.00, NULL, NULL, NULL, '2022-08-04 09:50:59', '2022-08-04 09:50:59'),
(129, 'PAYID-MLVZNHA2W4416965N9479531', 'A21AAJ5c740jCcM-RksWw70Q8F_SelPVIIK2w8EMDrYoPiq2TfiyKQmJo85t4QZ1RK0uoYsSR2IpRUcosr2z7jcbuxyDpdCbQ', 0x45432d3336343830323832363437353232343442, 1, 118, 107, '2022-08-10', '2022-09-15', 500.00, 500.00, 20.00, 36, 1, 2, NULL, NULL, 37020.00, NULL, NULL, NULL, '2022-08-04 09:51:24', '2022-08-04 09:51:24'),
(130, 'PAYID-MLXA52I3TH55771Y83314300', 'A21AALOND7Pq7xuwDQA1bTEWLI4GwTa2Xwp9nSqnhCoxolhhhljVcrSCGSs1noAm2JBWoI6DtKQu3hzRGHDngz7ghFJnMJh6g', 0x45432d335253313936383655523735373030354a, 1, 92, 39, '2022-08-06', '2022-08-07', 1000.00, 1000.00, NULL, 1, 1, 2, NULL, NULL, 7000.00, NULL, NULL, NULL, '2022-08-06 06:49:13', '2022-08-06 06:49:13'),
(131, 'PAYID-MLZAGTA5H550315JV373235B', 'A21AAJ74-4vsbkD8WU_SPYKo6abSAZZtpOyoAURecrCjzdP4aOBdyog8xb20V_8VXu7j6R6tgQl15KKc-TqRiVgFmXkP-6d6g', 0x45432d3254503533333631525638303037373150, 1, 281, 383, '2022-08-09', '2022-08-10', 100.00, 100.00, 3.00, 1, 1, 2, NULL, NULL, 1203.00, NULL, NULL, NULL, '2022-08-09 06:48:44', '2022-08-09 06:48:44'),
(132, 'PAYID-MLZBWIQ8JD58036MX3619408', 'A21AAIlkeQgm0j3E9ps8n7jLAbSjtx1gXuFgQzMNXEFM_b-enDLORn4kUT6oGRhZOA02Qd7j2l5oA6A5NHTP6HZu_uI0el5HQ', 0x45432d3355583838303838353036303037303154, 1, 281, 384, '2022-08-09', '2022-08-10', 20.00, 20.00, 1.00, 1, 1, 2, NULL, NULL, 541.00, NULL, NULL, NULL, '2022-08-09 08:30:27', '2022-08-09 08:30:27'),
(133, 'PAYID-MLZDR6Q1CS24871XE228611P', 'A21AALfIghrtRPpdLHskUMCEPoTEHDWjXQvFiFmAe0qGTUdXknFrV5BWwWK6fMMpFxyomK8KZxwkRlPb0vSc7DqzHOu0OvZzg', 0x45432d334c5936303635374d4e33303330313554, 1, 281, 385, '2022-08-09', '2022-08-10', 20.00, 20.00, 1.00, 1, 1, 2, NULL, NULL, 541.00, NULL, NULL, NULL, '2022-08-09 10:37:46', '2022-08-09 10:37:46'),
(134, 'PAYID-MLZDVZI6H3757533M1766924', 'A21AALfIghrtRPpdLHskUMCEPoTEHDWjXQvFiFmAe0qGTUdXknFrV5BWwWK6fMMpFxyomK8KZxwkRlPb0vSc7DqzHOu0OvZzg', 0x45432d35474b33303839394c4e33363236303354, 1, 400, 749, '2022-08-09', '2022-08-10', 10.00, 10.00, 1.00, 1, 1, 2, NULL, NULL, 121.00, NULL, NULL, NULL, '2022-08-09 10:45:57', '2022-08-09 10:45:57'),
(135, 'PAYID-MLZFEJI3TF449779W448780V', 'A21AAJ8u7mEp3c5Hb-_dzWgP5rzd9ueSaUn3fgWDHTf32zeBv6BrdRcGSMTV6uSMtgkmoEE9f1Q_sslp9aTYqtbmfPXxWRW0A', 0x45432d3536593430343037574331363732323241, 1, 402, 753, '2022-08-09', '2022-08-10', 10.00, 10.00, 1.00, 1, 1, 2, NULL, NULL, 121.00, NULL, NULL, NULL, '2022-08-09 12:25:10', '2022-08-09 12:25:10'),
(136, 'PAYID-MLZFHQY2EV46379WJ7776319', 'A21AAJ8u7mEp3c5Hb-_dzWgP5rzd9ueSaUn3fgWDHTf32zeBv6BrdRcGSMTV6uSMtgkmoEE9f1Q_sslp9aTYqtbmfPXxWRW0A', 0x45432d36393431303034314e3530363532363032, 1, 402, 754, '2022-08-09', '2022-08-10', 10.00, 10.00, 1.00, 1, 1, 2, NULL, NULL, 121.00, NULL, NULL, NULL, '2022-08-09 12:32:03', '2022-08-09 12:32:03'),
(137, 'PAYID-MLZUG3I59L02351YL742505N', 'A21AALDl6mulCXLrNB3cnbeYgAlzozK5C6sTHIUC9Al-ZRteyXhRstOEvVUmf6V26joAYFUkHTfGpR5DQiWhmMaLVMC3WDMPQ', 0x45432d3557423031333330465531323731343244, NULL, 92, 39, '2022-08-10', '2022-08-11', 1000.00, 1000.00, NULL, 1, 1, 2, NULL, NULL, 7000.00, NULL, NULL, NULL, '2022-08-10 05:34:38', '2022-08-10 05:34:38'),
(138, 'PAYID-MLZU7RI7HR01633U09031717', 'A21AAI7xd_JnBVQT2mG_dJ6PAlMiY1Kban6vHZ_oT0bcpi26sexHr9aZ8fRxaRCE_DU46syUggpQxXv3vMjuQp4KsYwMr92aQ', 0x45432d3546563032353035383339363330363434, 1, 104, 66, '2022-08-10', '2022-08-11', 500.00, 500.00, NULL, 1, 1, 2, NULL, NULL, 3000.00, NULL, NULL, NULL, '2022-08-10 06:27:17', '2022-08-10 06:27:17'),
(139, 'PAYID-MLZWUNQ5K3029425X117492C', 'A21AAKxwdeWmpI2rdSiBI7qAvvWC0qu0aKmmKKZiW9MFmqfVwkQAHSK5s4DuaoEw86xDNmy-8eAFps7rihwrSEwqrDIrXEyeA', 0x45432d3137383035373733414a34303933393358, 1, 100, 55, '2022-08-10', '2022-08-11', 100.00, 10.00, NULL, 1, 1, 2, NULL, NULL, 610.00, NULL, NULL, NULL, '2022-08-10 08:20:06', '2022-08-10 08:20:06'),
(140, 'PAYID-MLZXSBQ07R618245M057051H', 'A21AAIS0jjhtWMCG5XeudT0XHo-T9pbBm2Kj0qwUgZyFR0Dfx83v6Q8vk1LzBumky9DESU5_YTO_Uz7DfBovo0g9kC4sYIp1g', 0x45432d3436523232303639343338363430353038, 1, 331, 770, '2022-08-10', '2022-08-11', 200.00, 100.00, 10.00, 1, 1, 2, NULL, NULL, 2310.00, NULL, NULL, NULL, '2022-08-10 09:23:18', '2022-08-10 09:23:18'),
(141, 'PAYID-MLZZLUQ7GA43318RE386645J', 'A21AAKcdFq8v00UxjayKQ82Zq0MC9YlqWJKp511eBmXhEyD7H2aQ8HtlPX27KFx1FsJEoI7Z2AqaT2UCark24ViA6tSMylGSQ', 0x45432d3645533230343538335631323732393147, 1, 409, 775, '2022-08-10', '2022-08-11', 200.00, 100.00, 10.00, 1, 1, 2, NULL, NULL, 2310.00, NULL, NULL, NULL, '2022-08-10 11:26:10', '2022-08-10 11:26:10'),
(142, 'PAYID-ML5SAQQ9US57129GU5019000', 'A21AAI7jLR1gca6Bla0pZRTRhTc0lOekh14pzEQBTMtVKf1QcgNW4R-fKshGqycnix2YkUgpAWvi3xlisBFro-q4nrvhB58Gg', 0x45432d3244573335353533444134363838333331, 1, 281, 382, '2022-08-16', '2022-08-17', 200.00, 200.00, 2.00, 1, 1, 2, NULL, NULL, 902.00, NULL, NULL, NULL, '2022-08-16 04:42:42', '2022-08-16 04:42:42'),
(143, 'PAYID-ML5VECY48264160L0834811X', 'A21AAI3H7IqlBdwnP7D4VnVA9fKSI_wvQcI8v93t0GTzMuyDnvaw0vlchZl5G1w-Uv31fNEKTe1ujutelATG87-E_oeyISlUA', 0x45432d374a363538393031383435393037333336, 1, 281, 383, '2022-08-16', '2022-08-17', 100.00, 100.00, 3.00, 1, 1, 2, NULL, NULL, 1203.00, NULL, NULL, NULL, '2022-08-16 08:15:08', '2022-08-16 08:15:08'),
(144, 'PAYID-ML5WX5A92W44054LA970993E', 'A21AAKeekIfr87NJKq_XqiFjuhckzPk6QAmwPill7RRDk1Io1UHti1yW5bEb42IA2qU85aSBPAPLNATOg4PNuHpGngxej2vlw', 0x45432d3036373839383435305935393832303358, 1, 281, 384, '2022-08-16', '2022-08-17', 20.00, 20.00, 1.00, 1, 1, 2, NULL, NULL, 541.00, NULL, NULL, NULL, '2022-08-16 10:05:40', '2022-08-16 10:05:40'),
(145, 'PAYID-ML5ZIUA0H88527354795681U', 'A21AAJD3fuQjvp7B58VDGy4EWlfLMtR7iy-bmJEjmVNzILoM81t70d_aCC69mlV4Q4Fl-2859_6oiO-IGf8hZMLKgUOG977Vw', 0x45432d3457443634323239324a37313130333252, 1, 281, 805, '2022-08-16', '2022-08-17', 20.00, 20.00, 1.00, 1, 1, 2, NULL, NULL, 541.00, NULL, NULL, NULL, '2022-08-16 12:57:52', '2022-08-16 12:57:52'),
(146, 'PAYID-ML6HT2Q3PM9715582073682K', 'A21AAJ9CA2qgN5doplTikLdWyQX2IqV37IT9ZbWjaUk7BiPMT3Xzzl54vmQD1qe3c5aUxVQCUFy2Zz-Nfu6PoYyzHmlCovAvQ', 0x45432d3143343731303532354832313537343438, 1, 281, 806, '2022-08-17', '2022-08-18', 500.00, 100.00, 1.00, 1, 1, 2, NULL, NULL, 1601.00, NULL, NULL, NULL, '2022-08-17 05:17:30', '2022-08-17 05:17:30');
INSERT INTO `booking_temp` (`id`, `payment_id`, `paccess_token`, `token_id`, `user_id`, `hotel_id`, `room_id`, `check_in`, `check_out`, `cleaning_fee`, `city_fee`, `tax_percentage`, `total_days`, `total_room`, `total_member`, `coupon_code`, `discount`, `total_amount`, `pay_amount`, `online_payment_amount`, `desk_payment_amount`, `created_at`, `updated_at`) VALUES
(147, 'PAYID-ML6JOYQ07157052DL8423301', 'A21AAIU2dCBtzbaOyeWs0jtRzKIAExjmBmFjJKrlI8ytFz4tt5qmiSfj5YUXKgfPiTEOy9jH3JSkJibVVyb8YHVKeO1WLxmtA', 0x45432d385436393831343739483334303236334d, NULL, 92, 39, '2022-08-17', '2022-08-18', 1000.00, 1000.00, NULL, 1, 1, 2, NULL, NULL, 7000.00, NULL, NULL, NULL, '2022-08-17 07:23:14', '2022-08-17 07:23:14'),
(148, 'PAYID-ML6MODQ8M622693DT0970132', 'A21AAKzrTEKrQqWP7Mvy_SS65vjRP0LanzApuvL_lSLHL2E9MT-vjBASJ2F8hgYgi_mLVE7dYkZu78DzdngQyZAxkbB7j5YeA', 0x45432d3544353731303838443836333433333246, 1, 228, 277, '2022-08-17', '2022-08-18', 50.00, 10.00, 2.00, 1, 1, 2, NULL, NULL, 862.00, NULL, NULL, NULL, '2022-08-17 10:46:39', '2022-08-17 10:46:39'),
(149, 'PAYID-ML6ORVQ41E74147M5064260D', 'A21AAKPVOlWtz37wCL4XKOv2mFHL-RlD7hE3NiVx3ql8xOnRKQSG5cMl4poilzedLWJQOFuyp0uWxeZCAL3NcqtYX7eadmF6Q', 0x45432d39433830323335384b553737343833334e, 1, 228, 288, '2022-08-17', '2022-08-18', 50.00, 10.00, 2.00, 1, 1, 2, NULL, NULL, 862.00, NULL, NULL, NULL, '2022-08-17 13:10:47', '2022-08-17 13:10:47'),
(150, 'PAYID-ML64YSY1GA15933N2779531D', 'A21AAIioSH9rVcCy7_dRGYRqW8fr8UGDC6Fpv85-18L8CMYkFfpJQrY5pGnnjoeBlxjObPESojy2ZGr-mHZyKtBoTOFtVdhpQ', 0x45432d3441473236373535304a31303839303034, 1, 281, 382, '2022-08-18', '2022-08-19', 200.00, 200.00, 2.00, 1, 1, 2, NULL, NULL, 902.00, NULL, NULL, NULL, '2022-08-18 05:21:15', '2022-08-18 05:21:15'),
(151, 'PAYID-ML7BPZY2CW95021762567240', 'A21AALo0b4lvcdp3ycnQ8ErbJawOdgYQLUhQRUfu8vWBmj_N9sZkFpW6_XcwVx84rIQIo2dr65OzlHZE8QXpl1hoMGdClYoRg', 0x45432d324e533932303332485632303139323250, 1, 281, 805, '2022-08-18', '2022-08-19', 20.00, 20.00, 1.00, 1, 1, 2, NULL, NULL, 541.00, NULL, NULL, NULL, '2022-08-18 10:43:51', '2022-08-18 10:43:51'),
(152, 'PAYID-ML7BVQQ1E8132620B9282128', 'A21AALo0b4lvcdp3ycnQ8ErbJawOdgYQLUhQRUfu8vWBmj_N9sZkFpW6_XcwVx84rIQIo2dr65OzlHZE8QXpl1hoMGdClYoRg', 0x45432d384a533337373534374835373639383342, 1, 281, 383, '2022-08-18', '2022-08-19', 100.00, 100.00, 3.00, 1, 1, 2, NULL, NULL, 1203.00, NULL, NULL, NULL, '2022-08-18 10:56:02', '2022-08-18 10:56:02'),
(153, 'PAYID-ML7DUXI0C999548HJ421630M', 'A21AAJNVBthqprwijYZASCfYZSifwzRMfcqAktYvKsbhLfQ9rUpreAV7uhbYVkwnyRQvFzpxZrJnGgKTwZqPfYOKLtu0T0yqA', 0x45432d33554d3239393434363132303838353348, 1, 92, 39, '2022-08-18', '2022-08-19', 1000.00, 1000.00, NULL, 1, 1, 2, NULL, NULL, 7000.00, NULL, NULL, NULL, '2022-08-18 13:10:53', '2022-08-18 13:10:53'),
(154, 'PAYID-ML7WD4A1AT60660AU714360C', 'A21AALxv4k5mF31G1FuvhNkjGZMK3ELIsz6M_tEx3k7t4JbFsYIJp2bkLc2ZURLxeipaKbchaV7tuLDLocYtVV13Vj2oZRkHQ', 0x45432d344b553133383535335839393835323442, 1, 118, 107, '2022-08-19', '2022-08-20', 500.00, 500.00, 20.00, 1, 1, 2, NULL, NULL, 2020.00, NULL, NULL, NULL, '2022-08-19 10:12:00', '2022-08-19 10:12:00'),
(155, 'PAYID-ML7WZJI4VN2357548239060R', 'A21AALxv4k5mF31G1FuvhNkjGZMK3ELIsz6M_tEx3k7t4JbFsYIJp2bkLc2ZURLxeipaKbchaV7tuLDLocYtVV13Vj2oZRkHQ', 0x45432d364c423037323936525735323637333152, 1, 104, 66, '2022-08-19', '2022-08-20', 500.00, 500.00, NULL, 1, 1, 2, NULL, NULL, 3000.00, NULL, NULL, NULL, '2022-08-19 10:57:41', '2022-08-19 10:57:41'),
(156, 'PAYID-ML7YNHI68948943H8989720J', 'A21AAJC1-v6r81RqZ7f6KrDTw-l26rdsGxA6R55u1eK0aewg53Hit9L4gRgjnXeGI1Q-gT6U-no_ahn-02WJjXPriimDsU-sw', 0x45432d374a4d3936383131313034323838373447, NULL, 100, 55, '2022-08-19', '2022-08-20', 100.00, 10.00, NULL, 1, 1, 2, NULL, NULL, 610.00, NULL, NULL, NULL, '2022-08-19 12:48:29', '2022-08-19 12:48:29'),
(157, 'PAYID-MMBRINY3F56309298087774L', 'A21AAJNr3Xppt5phRO3WPe-IAf3PEZPW7Xf1dnloRfEH7GtuhiZjE3ZVOTHwbrdTTOCnOwSBFbJ-CseGNctRNJRQJ-R2M4_xg', 0x45432d34334c3335363834324833383936373447, 1, 281, 382, '2022-08-22', '2022-08-23', 200.00, 200.00, 2.00, 1, 1, 2, NULL, NULL, 902.00, NULL, NULL, NULL, '2022-08-22 05:29:27', '2022-08-22 05:29:27'),
(158, 'PAYID-MMBT6AA0HJ78776R77271841', 'A21AAIy-o8hipIjgjNPmuEi2OzC2_PR5JBH381jbkpEWkbmMo85tkuZa7f1LC0UDgP2mah1cok9ChehzWDIGs6hFdSsbpOZWg', 0x45432d394e413836363938415536343530343337, 1, 92, 39, '2022-08-22', '2022-08-23', 1000.00, 1000.00, NULL, 1, 1, 2, NULL, NULL, 7000.00, NULL, NULL, NULL, '2022-08-22 08:32:00', '2022-08-22 08:32:00'),
(159, 'PAYID-MMBUNLI1PU5413085441805G', 'A21AAKwPW-Qv5YHtApdWf0Vbz05153OHw0Dyeiv91l3Hl6Fu7y_iAKPK9VlHv2Gr82WZft7BjcHo-24wgFy9mUf_-UY4-Fb7g', 0x45432d3038413938313139564e31363237373341, 1, 92, 39, '2022-09-05', '2022-09-09', 1000.00, 1000.00, NULL, 4, 1, 2, NULL, NULL, 22000.00, NULL, NULL, NULL, '2022-08-22 09:04:45', '2022-08-22 09:04:45'),
(160, 'PAYID-MMBUTEA9PG13859K8545145M', 'A21AAKwPW-Qv5YHtApdWf0Vbz05153OHw0Dyeiv91l3Hl6Fu7y_iAKPK9VlHv2Gr82WZft7BjcHo-24wgFy9mUf_-UY4-Fb7g', 0x45432d3244533935323734544133343936323359, 1, 118, 108, '2022-08-22', '2022-08-23', 500.00, 500.00, 20.00, 1, 1, 2, NULL, NULL, 2020.00, NULL, NULL, NULL, '2022-08-22 09:17:04', '2022-08-22 09:17:04'),
(161, 'PAYID-MMBUZFQ1HH45130LE597663W', 'A21AAKwPW-Qv5YHtApdWf0Vbz05153OHw0Dyeiv91l3Hl6Fu7y_iAKPK9VlHv2Gr82WZft7BjcHo-24wgFy9mUf_-UY4-Fb7g', 0x45432d3259393533323230455239393838343230, NULL, 118, 107, '2022-08-22', '2022-08-23', 500.00, 500.00, 20.00, 1, 1, 2, NULL, NULL, 2020.00, NULL, NULL, NULL, '2022-08-22 09:29:58', '2022-08-22 09:29:58'),
(162, 'PAYID-MMBVFIA2CD01383T9640401N', 'A21AAKwPW-Qv5YHtApdWf0Vbz05153OHw0Dyeiv91l3Hl6Fu7y_iAKPK9VlHv2Gr82WZft7BjcHo-24wgFy9mUf_-UY4-Fb7g', 0x45432d324c4b3835343839475736303739343436, 1, 281, 383, '2022-08-22', '2022-08-23', 100.00, 100.00, 3.00, 1, 1, 2, NULL, NULL, 1203.00, NULL, NULL, NULL, '2022-08-22 09:55:45', '2022-08-22 09:55:45'),
(163, 'PAYID-MMBVHXQ35R07961MC660332E', 'A21AAKa01rou3vEOYJEIC0IALDfSHW9MnafR6W8KIyEwAhIEY8GR3zs98o9_RZyzqZBemfiB3OWVTMfffXUnWVClPjcZicGXw', 0x45432d3552573334383735423331333637393453, 1, 104, 66, '2022-08-22', '2022-08-23', 500.00, 500.00, NULL, 1, 1, 2, NULL, NULL, 3000.00, NULL, NULL, NULL, '2022-08-22 10:01:02', '2022-08-22 10:01:02'),
(164, 'PAYID-MMBVYXY97N12045T9168513M', 'A21AAKa01rou3vEOYJEIC0IALDfSHW9MnafR6W8KIyEwAhIEY8GR3zs98o9_RZyzqZBemfiB3OWVTMfffXUnWVClPjcZicGXw', 0x45432d3447373138373337563038343139323556, 1, 281, 384, '2022-08-22', '2022-08-23', 20.00, 20.00, 1.00, 1, 1, 2, NULL, NULL, 541.00, NULL, NULL, NULL, '2022-08-22 10:37:19', '2022-08-22 10:37:19'),
(165, 'PAYID-MMBWBWQ15D29120HG428225X', 'A21AAKa01rou3vEOYJEIC0IALDfSHW9MnafR6W8KIyEwAhIEY8GR3zs98o9_RZyzqZBemfiB3OWVTMfffXUnWVClPjcZicGXw', 0x45432d3658453836363333503833353936343247, 1, 104, 72, '2022-08-22', '2022-08-23', 500.00, 500.00, NULL, 1, 1, 2, NULL, NULL, 11000.00, NULL, NULL, NULL, '2022-08-22 10:56:26', '2022-08-22 10:56:26'),
(166, 'PAYID-MMBXWRI0FP29887Y3313212X', 'A21AAKUcbtpiZ2vd-9iOTyzziiqxaGm5XRO25mhJeg3j7O3lmeO5-0jHGvN2V1MGpOOACI4tJJssFtQxNEk5VsmqM5lXnBS_g', 0x45432d38564c3537353030574138363933353142, 1, 104, 74, '2022-08-22', '2022-08-23', 50.00, 50.00, 0.00, 1, 1, 2, NULL, NULL, 600.00, NULL, NULL, NULL, '2022-08-22 12:49:09', '2022-08-22 12:49:09'),
(167, 'PAYID-MMBXX3Q0K906129CM593402L', 'A21AAKUcbtpiZ2vd-9iOTyzziiqxaGm5XRO25mhJeg3j7O3lmeO5-0jHGvN2V1MGpOOACI4tJJssFtQxNEk5VsmqM5lXnBS_g', 0x45432d3146553638353530355432363030373359, 1, 409, 775, '2022-08-22', '2022-08-23', 200.00, 100.00, 10.00, 1, 1, 2, NULL, NULL, 2310.00, NULL, NULL, NULL, '2022-08-22 12:51:58', '2022-08-22 12:51:58'),
(168, 'PAYID-MMBX7YQ74E2240917008145U', 'A21AAJwgY_fnzOeb-7O6RVAsU9f79FIyZ1I6euTDIT-qZdnWFPDgGEtBLdH1wSxGZT270c1IUo5wvuzgxl8P3RY2bloenZ7sQ', 0x45432d374e483331333233394d33383232303445, 1, 228, 277, '2022-08-22', '2022-08-23', 50.00, 10.00, 2.00, 1, 1, 2, NULL, NULL, 862.00, NULL, NULL, NULL, '2022-08-22 13:08:50', '2022-08-22 13:08:50'),
(169, 'PAYID-MMCFW6I65L88173562389219', 'A21AALrCTsbqXz6Tg7F7tnLHsmKZ8iOjrVUtqpQOA8WfOUfrY6bFrEhIVjxhNrKRt-39uNIbdzPKmeTPso8YjXFokZ8KbedNg', 0x45432d324730323035343838533538333533304d, 1, 100, 55, '2022-08-23', '2022-08-24', 100.00, 10.00, NULL, 1, 1, 2, NULL, NULL, 610.00, NULL, NULL, NULL, '2022-08-23 04:45:45', '2022-08-23 04:45:45'),
(170, 'PAYID-MMC3EOA88328866407678525', 'A21AAKtXIdAuAbmesAimWIYTdfCiqYvuPIGKHPATL8IkblzdLzcH9vhaBesaJ5wSPKMFq0giks-GHim0lH7oV6ll_5Swn2jRQ', 0x45432d3732453837313738594a37353434323450, 1, 281, 382, '2022-08-24', '2022-08-25', 200.00, 200.00, 2.00, 1, 1, 2, NULL, NULL, 902.00, NULL, NULL, NULL, '2022-08-24 05:08:09', '2022-08-24 05:08:09'),
(171, 'PAYID-MMC3MFA7X401404DY258633A', 'A21AAKtXIdAuAbmesAimWIYTdfCiqYvuPIGKHPATL8IkblzdLzcH9vhaBesaJ5wSPKMFq0giks-GHim0lH7oV6ll_5Swn2jRQ', 0x45432d37354a3234323231315235303834383055, 1, 281, 383, '2022-08-24', '2022-08-25', 100.00, 100.00, 3.00, 1, 1, 2, NULL, NULL, 1203.00, NULL, NULL, NULL, '2022-08-24 05:24:36', '2022-08-24 05:24:36'),
(172, 'PAYID-MMC3N2Y4NW5080992433484G', 'A21AAKtXIdAuAbmesAimWIYTdfCiqYvuPIGKHPATL8IkblzdLzcH9vhaBesaJ5wSPKMFq0giks-GHim0lH7oV6ll_5Swn2jRQ', 0x45432d3746393639333732474e34303138393354, 1, 281, 383, '2022-08-24', '2022-08-25', 100.00, 100.00, 3.00, 1, 1, 2, NULL, NULL, 1203.00, NULL, NULL, NULL, '2022-08-24 05:28:11', '2022-08-24 05:28:11'),
(173, 'PAYID-MMC3Z7Y89B470422H630120W', 'A21AAKtXIdAuAbmesAimWIYTdfCiqYvuPIGKHPATL8IkblzdLzcH9vhaBesaJ5wSPKMFq0giks-GHim0lH7oV6ll_5Swn2jRQ', 0x45432d32554d3439363538533138343639343338, 1, 108, 87, '2022-08-24', '2022-08-25', 250.00, 250.00, 10.00, 1, 1, 2, NULL, NULL, 1010.00, NULL, NULL, NULL, '2022-08-24 05:54:07', '2022-08-24 05:54:07'),
(174, 'PAYID-MMC34BI20351803CT919874C', 'A21AAKtXIdAuAbmesAimWIYTdfCiqYvuPIGKHPATL8IkblzdLzcH9vhaBesaJ5wSPKMFq0giks-GHim0lH7oV6ll_5Swn2jRQ', 0x45432d3348313137313230433735353239373037, 1, 281, 384, '2022-08-24', '2022-08-25', 20.00, 20.00, 1.00, 1, 1, 2, NULL, NULL, 541.00, NULL, NULL, NULL, '2022-08-24 05:58:29', '2022-08-24 05:58:29'),
(175, 'PAYID-MMC4KAA45D37873CW0257705', 'A21AAL2_fAlrgsKHHgJpssi3J7UkXXhx0fJKK5utiolM-jwAyH-mGCCcbSBCbqHpC7rG3HTsmJQzAm_QwnhHIP7DPBhf4qqPA', 0x45432d3630533339393537413639393736353348, 1, 228, 277, '2022-08-24', '2022-08-25', 50.00, 10.00, 2.00, 1, 1, 2, NULL, NULL, 862.00, NULL, NULL, NULL, '2022-08-24 06:28:16', '2022-08-24 06:28:16'),
(176, 'PAYID-MMC4LJA5LF7703863919692L', 'A21AAL2_fAlrgsKHHgJpssi3J7UkXXhx0fJKK5utiolM-jwAyH-mGCCcbSBCbqHpC7rG3HTsmJQzAm_QwnhHIP7DPBhf4qqPA', 0x45432d31545232343938334d4538323231383243, 1, 92, 39, '2022-08-24', '2022-08-25', 1000.00, 1000.00, NULL, 1, 1, 2, NULL, NULL, 7000.00, NULL, NULL, NULL, '2022-08-24 06:31:00', '2022-08-24 06:31:00'),
(177, 'PAYID-MMC4NZY4HY79518BT804803C', 'A21AAL2_fAlrgsKHHgJpssi3J7UkXXhx0fJKK5utiolM-jwAyH-mGCCcbSBCbqHpC7rG3HTsmJQzAm_QwnhHIP7DPBhf4qqPA', 0x45432d3339383636353139584432333031333145, 1, 100, 199, '2022-08-24', '2022-08-25', 100.00, 10.00, NULL, 1, 1, 2, NULL, NULL, 610.00, NULL, NULL, NULL, '2022-08-24 06:36:23', '2022-08-24 06:36:23'),
(178, 'PAYID-MMDALTY4AP28266F16902248', 'A21AALnJjT9tU3YK-BdUDpIq4YhMl1AbX4aHFX7xQBrMhwPMSv-6tslPDmny2nhobcfSZxgMzoPQbUnJ_c9j2sQHEifZraJMg', 0x45432d3858393430363035554c36363639323238, 1, 104, 66, '2022-08-24', '2022-08-25', 500.00, 500.00, NULL, 1, 1, 2, NULL, NULL, 3000.00, NULL, NULL, NULL, '2022-08-24 11:04:47', '2022-08-24 11:04:47'),
(179, 'PAYID-MMDAMRI7ST11915T3416310R', 'A21AALnJjT9tU3YK-BdUDpIq4YhMl1AbX4aHFX7xQBrMhwPMSv-6tslPDmny2nhobcfSZxgMzoPQbUnJ_c9j2sQHEifZraJMg', 0x45432d3354363037393833424430353435303431, 1, 108, 390, '2022-08-24', '2022-08-25', 250.00, 250.00, 10.00, 1, 1, 2, NULL, NULL, 1010.00, NULL, NULL, NULL, '2022-08-24 11:06:45', '2022-08-24 11:06:45'),
(180, 'PAYID-MMDCKEQ7FE93599PV829523R', 'A21AAKvEMFtuwdsc2W7mb9HkFHmpVcFuwpuGVuIp44lbc2Bm8p5j4JzILhr6Giwa6LPSVkYCGJbVqPmhzl4bYnKYVs4xV6fHA', 0x45432d3256503130313830364b33383836343042, 1, 281, 967, '2022-08-24', '2022-08-25', 20.00, 20.00, 1.00, 1, 1, 2, NULL, NULL, 541.00, NULL, NULL, NULL, '2022-08-24 13:18:10', '2022-08-24 13:18:10'),
(181, 'PAYID-MMDQNLY7ED67756MR765973A', 'A21AAIXLR4Ugfg8phAMvpHmBGjwA0aegWmYIgOA5QqTmYOKPrrXMxKl6mzLbdZ3oAalCKXw7D4i2PpgHDpG0wpPtYgcpzlbxg', 0x45432d39304d3530363239524336313938343544, 1, 281, 971, '2022-08-25', '2022-08-26', 20.00, 20.00, 1.00, 1, 1, 2, NULL, NULL, 541.00, NULL, NULL, NULL, '2022-08-25 05:20:47', '2022-08-25 05:20:47'),
(182, 'PAYID-MMDRTOA34025305ND359281J', 'A21AAItPVcMhmgiOl-JjFriIP99i7XzXVF3WqM7QMVdnz0WjLpSO48jCVRIYLHthghQVdmAdz-2LKQZI95IoTz44-4E3Dq2gA', 0x45432d3734423936343631454630343739353135, 1, 228, 282, '2022-08-25', '2022-08-26', 50.00, 10.00, 2.00, 1, 1, 2, NULL, NULL, 862.00, NULL, NULL, NULL, '2022-08-25 06:42:00', '2022-08-25 06:42:00'),
(183, 'PAYID-MMDTGYI4FX23832X1103683U', 'A21AALtYPM7l8b6XZT0kUlhkDW_Ba1_Z7ZqzBBybN-4kuxYXi9QDNYSI-toLkpAHKrVw3yjRX2uzGUeuoGK9GG7uMMq7iRcWA', 0x45432d39364739363333354e4435343237363342, 1, 95, 76, '2022-08-25', '2022-08-26', 100.00, 10.00, 2.00, 1, 1, 2, NULL, NULL, 612.00, NULL, NULL, NULL, '2022-08-25 08:31:29', '2022-08-25 08:31:29'),
(184, 'PAYID-MMDTHMY4GB26081GT7379844', 'A21AALtYPM7l8b6XZT0kUlhkDW_Ba1_Z7ZqzBBybN-4kuxYXi9QDNYSI-toLkpAHKrVw3yjRX2uzGUeuoGK9GG7uMMq7iRcWA', 0x45432d33574534303933314d4636383437303343, 1, 100, 55, '2022-08-25', '2022-08-26', 100.00, 10.00, NULL, 1, 1, 2, NULL, NULL, 610.00, NULL, NULL, NULL, '2022-08-25 08:32:51', '2022-08-25 08:32:51'),
(185, 'PAYID-MMDUBGQ3B444729X9356320B', 'A21AAJIq5OXst8Abn9oXKadBCQ1dkifhqMYMyBPigHn2WderLpTM0nWePRwf0m_ioUUN_nqoUUOsF98WdY-1QeGisRAoPZiCg', 0x45432d3557373138313734463537343837343043, 1, 95, 84, '2022-08-25', '2022-08-26', 100.00, 10.00, 3.00, 1, 1, 2, NULL, NULL, 613.00, NULL, NULL, NULL, '2022-08-25 09:27:54', '2022-08-25 09:27:54'),
(186, 'PAYID-MMDUYDQ9ND8083198416694S', 'A21AAJir1EAi-rXXoUmMQWxtYzQmDjNTdlNPBDNGX212n69zWz0JIegRmIlLFQH7oFVKm-k3Jlgc0Lr6u8p6pRKjHwmdVoYzA', 0x45432d3537543330393837563534353837343545, 1, 228, 288, '2022-08-25', '2022-08-26', 50.00, 10.00, 2.00, 1, 1, 2, NULL, NULL, 862.00, NULL, NULL, NULL, '2022-08-25 10:16:46', '2022-08-25 10:16:46'),
(187, 'PAYID-MMDXHVA9FR11946TM8344213', 'A21AAKoNMoUhBbtGd32qrd0m7mKoYj8RAQFvD5lsuDFohm08L4uYO1SjxMQM998noE-KajZL7BnWphMnb-_ltG-LaYf63JA4w', 0x45432d34544c3335373536373139303032333142, 1, 104, 72, '2022-08-25', '2022-08-26', 500.00, 500.00, NULL, 1, 1, 2, NULL, NULL, 11000.00, NULL, NULL, NULL, '2022-08-25 13:06:28', '2022-08-25 13:06:28'),
(188, 'PAYID-MMEFTBI3FK63592NM507830R', 'A21AALSdE0om1WQ84zwcS2CZNhZ7NZx0g0mTu0xHuaOKNkFy2fNaLLEIBwuheiRRN-WydOG32u7SpvM-MmzisePE1GssrH7LQ', 0x45432d35454330363235344c4a36373635333042, 1, 281, 382, '2022-08-26', '2022-08-27', 200.00, 200.00, 2.00, 1, 1, 2, NULL, NULL, 902.00, NULL, NULL, NULL, '2022-08-26 05:26:29', '2022-08-26 05:26:29'),
(189, 'PAYID-MMEGSYI04J66926MX400142C', 'A21AAJEQgEuvZEzL2lAjYYkpk8zQgOG3BnEB1kvvmGuo-xr9LjXzBwwYxnfJbQMReeVvcDtxQpaB7a00p0VWXkEya0yyJrYSA', 0x45432d3158523739313435543036363638333443, 1, 281, 383, '2022-08-26', '2022-08-27', 100.00, 100.00, 3.00, 1, 1, 2, NULL, NULL, 1203.00, NULL, NULL, NULL, '2022-08-26 06:34:09', '2022-08-26 06:34:09'),
(190, 'PAYID-MMEG5MQ0PT02870LV0505455', 'A21AAJEQgEuvZEzL2lAjYYkpk8zQgOG3BnEB1kvvmGuo-xr9LjXzBwwYxnfJbQMReeVvcDtxQpaB7a00p0VWXkEya0yyJrYSA', 0x45432d3254593436363234473238333437303339, 1, 104, 195, '2022-08-26', '2022-08-27', 250.00, 250.00, 20.00, 1, 1, 2, NULL, NULL, 1020.00, NULL, NULL, NULL, '2022-08-26 06:56:50', '2022-08-26 06:56:50'),
(191, 'PAYID-MMEIEEY84105847K5146840G', 'A21AAJpVBQ_oBWEgSItpm2qocYBXf5ElP9S0s81W9Ki21Ytc9O9EDEFQgwLBtuF8ddM9LgWzLqVi0PVOzz5x2du5x14Qnnw0A', 0x45432d3852373232343738334d3935333638314e, 1, 519, 1033, '2022-08-26', '2022-08-27', 100.00, 10.00, 3.00, 1, 1, 2, NULL, NULL, 2613.00, NULL, NULL, NULL, '2022-08-26 08:19:31', '2022-08-26 08:19:31'),
(192, 'PAYID-MMEJYMQ7FA33798NP794063B', 'A21AAK83ZtSg-LHRczOOpPwDEJkdctu7sf09FfehbcJJu_0gA2xxhrtMa2iNnoXWERy-7EFaS1H_IXsEDOa7lIrL6pFf1zS1w', 0x45432d3633323334323638393938363937393233, 1, 118, 107, '2022-08-26', '2022-08-27', 500.00, 500.00, 20.00, 1, 1, 2, NULL, NULL, 2020.00, NULL, NULL, NULL, '2022-08-26 10:10:58', '2022-08-26 10:10:58'),
(193, 'PAYID-MMELLFY4TW64137MW119922R', 'A21AAJWzcr2rwe7X8Gj1vYicJbpmDn9ECrrRjkhzNKT3-2TwqhvepdEivk6YDedURiA8jt7mhbqGSyv30-HZGFv9JtBVvH9vg', 0x45432d314c433332373834454b38363132393455, 1, 100, 199, '2022-08-26', '2022-08-27', 100.00, 10.00, NULL, 1, 1, 2, NULL, NULL, 610.00, NULL, NULL, NULL, '2022-08-26 11:59:19', '2022-08-26 11:59:19'),
(194, 'PAYID-MMELNTI8TP70104FT498564H', 'A21AAI6zjdapIeodg6lP_PoqBv4nY0bUETHBtdp96I9VrTtiK58sjCDOua9dNxdTk154H28dTFDPhXla6ZRHXcsKv2vYXNRrw', 0x45432d3748543438393338305831323035363334, 1, 104, 66, '2022-08-26', '2022-08-27', 500.00, 500.00, NULL, 1, 1, 2, NULL, NULL, 3000.00, NULL, NULL, NULL, '2022-08-26 12:04:29', '2022-08-26 12:04:29'),
(195, 'PAYID-MMELOHQ4MV130608S405270G', 'A21AAI6zjdapIeodg6lP_PoqBv4nY0bUETHBtdp96I9VrTtiK58sjCDOua9dNxdTk154H28dTFDPhXla6ZRHXcsKv2vYXNRrw', 0x45432d3639423239313932465636363232373041, 1, 104, 74, '2022-08-26', '2022-08-27', 50.00, 50.00, 0.00, 1, 1, 2, NULL, NULL, 600.00, NULL, NULL, NULL, '2022-08-26 12:05:50', '2022-08-26 12:05:50'),
(196, 'PAYID-MMEMJCI3VG81989XW4111627', 'A21AAJGrHVdixSCi55nYRLfd0Ir7K0p6t7GSHepXYOglxs_YkroLyR-T7ZK2AJr85behPF6nw6rfUvEotEzSVW4vAlyA9UMow', 0x45432d324a36343530363432443736373430334b, 1, 409, 775, '2022-08-26', '2022-08-27', 200.00, 100.00, 10.00, 1, 1, 2, NULL, NULL, 2310.00, NULL, NULL, NULL, '2022-08-26 13:03:05', '2022-08-26 13:03:05'),
(197, 'PAYID-MMEMLTI15T27708YE903840T', 'A21AAJGrHVdixSCi55nYRLfd0Ir7K0p6t7GSHepXYOglxs_YkroLyR-T7ZK2AJr85behPF6nw6rfUvEotEzSVW4vAlyA9UMow', 0x45432d30424c32333635304b3733333133363032, 1, 409, 775, '2022-08-26', '2022-08-27', 200.00, 100.00, 10.00, 1, 2, 4, NULL, NULL, 4620.00, NULL, NULL, NULL, '2022-08-26 13:08:29', '2022-08-26 13:08:29'),
(198, 'PAYID-MMEMW2Q2KY84862FC305693A', 'A21AAJGrHVdixSCi55nYRLfd0Ir7K0p6t7GSHepXYOglxs_YkroLyR-T7ZK2AJr85behPF6nw6rfUvEotEzSVW4vAlyA9UMow', 0x45432d3330543837303238473137393437303459, 1, 519, 1033, '2022-09-01', '2022-09-03', 100.00, 10.00, 3.00, 2, 1, 2, NULL, NULL, 5113.00, NULL, NULL, NULL, '2022-08-26 13:32:26', '2022-08-26 13:32:26'),
(199, 'PAYID-MME5SGY7DU99120VV7144702', 'A21AALzJMQqhl5gaur-mRkdFn2OJaG14YJOQ2fhCIdIzNZFDiw7rcDFRHqcaEAaJIwYRUdoF9DlDLwxY33iHZZFYzga5nQQIA', 0x45432d3533533130353238544b39343936393030, 1, 458, 875, '2022-08-27', '2022-08-28', 0.00, 0.00, 16.00, 1, 1, 1, NULL, NULL, 2011.00, NULL, NULL, NULL, '2022-08-27 08:43:07', '2022-08-27 08:43:07'),
(200, 'PAYID-MMIJ2NI354449264L7207037', 'A21AAJqS1ynhtMOVuAh-PxsSC4yckWWSdJgfoz0ZWHKKxMwW0RR6aA-zWoXLKkTYWGUXMasU5Fy0bS__kKfJnphh8-o21G96A', 0x45432d37594d3033323639533439333234383254, 1, 520, 1034, '2022-09-01', '2022-09-02', 0.00, 0.00, 0.00, 1, 1, 1, NULL, NULL, 4.00, NULL, NULL, NULL, '2022-09-01 11:53:25', '2022-09-01 11:53:25'),
(201, 'PAYID-MMLOPCQ1S78847345295220V', 'A21AAI0oyMLrG51rUFn7Xif5_8wIobZJQK68CqfXgXzBeC-c5J_A2-PRXVm4xAJ9stB75qTJME4w0lCyzSK1fW4GiL7KoOd3A', 0x45432d3839343337313237434d33363737333153, NULL, 458, 1035, '2022-09-07', '2022-09-07', 0.00, 0.00, 16.00, 0, 1, 1, NULL, NULL, 16.00, NULL, NULL, NULL, '2022-09-06 06:24:10', '2022-09-06 06:24:10');

-- --------------------------------------------------------

--
-- Table structure for table `breakfast_type`
--

CREATE TABLE `breakfast_type` (
  `bfast_id` int(11) NOT NULL,
  `name` varchar(255) CHARACTER SET utf8 NOT NULL,
  `status` tinyint(2) NOT NULL DEFAULT 1,
  `created_at` datetime DEFAULT NULL ON UPDATE current_timestamp(),
  `updated_at` timestamp NULL DEFAULT NULL
) ENGINE=InnoDB DEFAULT CHARSET=utf8 COLLATE=utf8_unicode_ci;

--
-- Dumping data for table `breakfast_type`
--

INSERT INTO `breakfast_type` (`bfast_id`, `name`, `status`, `created_at`, `updated_at`) VALUES
(1, 'Continental', 1, '2022-06-08 16:38:53', '2022-06-08 16:38:53'),
(2, 'American', 1, '2022-06-08 16:39:11', '2022-06-08 16:39:11'),
(3, 'Buffet', 1, '2022-06-08 16:39:11', '2022-06-08 16:39:11'),
(4, 'Halal', 1, '2022-06-08 16:39:11', '2022-06-08 16:39:11'),
(5, 'Asian', 1, '2022-06-08 16:39:11', '2022-06-08 16:39:11');

-- --------------------------------------------------------

--
-- Table structure for table `copy_migrations`
--

CREATE TABLE `copy_migrations` (
  `id` int(10) UNSIGNED NOT NULL,
  `migration` varchar(255) COLLATE utf8mb4_unicode_ci NOT NULL,
  `batch` int(11) NOT NULL
) ENGINE=InnoDB DEFAULT CHARSET=utf8mb4 COLLATE=utf8mb4_unicode_ci;

--
-- Dumping data for table `copy_migrations`
--

INSERT INTO `copy_migrations` (`id`, `migration`, `batch`) VALUES
(1, '2014_10_12_000000_create_users_table', 1),
(2, '2014_10_12_100000_create_password_resets_table', 1),
(3, '2019_08_19_000000_create_failed_jobs_table', 1),
(4, '2022_05_19_070355_create_admin_table', 2);

-- --------------------------------------------------------

--
-- Table structure for table `countries`
--

CREATE TABLE `countries` (
  `id` int(11) NOT NULL,
  `sortname` varchar(255) COLLATE utf8_unicode_ci NOT NULL,
  `name` varchar(255) COLLATE utf8_unicode_ci NOT NULL,
  `phonecode` int(11) NOT NULL
) ENGINE=InnoDB DEFAULT CHARSET=utf8 COLLATE=utf8_unicode_ci;

--
-- Dumping data for table `countries`
--

INSERT INTO `countries` (`id`, `sortname`, `name`, `phonecode`) VALUES
(1, 'AF', 'Afghanistan', 93),
(2, 'AL', 'Albania', 355),
(3, 'DZ', 'Algeria', 213),
(4, 'AS', 'American Samoa', 1684),
(5, 'AD', 'Andorra', 376),
(6, 'AO', 'Angola', 244),
(7, 'AI', 'Anguilla', 1264),
(8, 'AQ', 'Antarctica', 672),
(9, 'AG', 'Antigua And Barbuda', 1268),
(10, 'AR', 'Argentina', 54),
(11, 'AM', 'Armenia', 374),
(12, 'AW', 'Aruba', 297),
(13, 'AU', 'Australia', 61),
(14, 'AT', 'Austria', 43),
(15, 'AZ', 'Azerbaijan', 994),
(16, 'BS', 'Bahamas The', 1242),
(17, 'BH', 'Bahrain', 973),
(18, 'BD', 'Bangladesh', 880),
(19, 'BB', 'Barbados', 1246),
(20, 'BY', 'Belarus', 375),
(21, 'BE', 'Belgium', 32),
(22, 'BZ', 'Belize', 501),
(23, 'BJ', 'Benin', 229),
(24, 'BM', 'Bermuda', 1441),
(25, 'BT', 'Bhutan', 975),
(26, 'BO', 'Bolivia', 591),
(27, 'BA', 'Bosnia and Herzegovina', 387),
(28, 'BW', 'Botswana', 267),
(29, 'BV', 'Bouvet Island', 55),
(30, 'BR', 'Brazil', 55),
(31, 'IO', 'British Indian Ocean Territory', 246),
(32, 'BN', 'Brunei', 673),
(33, 'BG', 'Bulgaria', 359),
(34, 'BF', 'Burkina Faso', 226),
(35, 'BI', 'Burundi', 257),
(36, 'KH', 'Cambodia', 855),
(37, 'CM', 'Cameroon', 237),
(38, 'CA', 'Canada', 1),
(39, 'CV', 'Cape Verde', 238),
(40, 'KY', 'Cayman Islands', 1345),
(41, 'CF', 'Central African Republic', 236),
(42, 'TD', 'Chad', 235),
(43, 'CL', 'Chile', 56),
(44, 'CN', 'China', 86),
(45, 'CX', 'Christmas Island', 61),
(46, 'CC', 'Cocos (Keeling) Islands', 672),
(47, 'CO', 'Colombia', 57),
(48, 'KM', 'Comoros', 269),
(49, 'CG', 'Republic Of The Congo', 242),
(50, 'CD', 'Democratic Republic Of The Congo', 242),
(51, 'CK', 'Cook Islands', 682),
(52, 'CR', 'Costa Rica', 506),
(53, 'CI', 'Cote D\'Ivoire (Ivory Coast)', 225),
(54, 'HR', 'Croatia (Hrvatska)', 385),
(55, 'CU', 'Cuba', 53),
(56, 'CY', 'Cyprus', 357),
(57, 'CZ', 'Czech Republic', 420),
(58, 'DK', 'Denmark', 45),
(59, 'DJ', 'Djibouti', 253),
(60, 'DM', 'Dominica', 1767),
(61, 'DO', 'Dominican Republic', 1809),
(62, 'TP', 'East Timor', 670),
(63, 'EC', 'Ecuador', 593),
(64, 'EG', 'Egypt', 20),
(65, 'SV', 'El Salvador', 503),
(66, 'GQ', 'Equatorial Guinea', 240),
(67, 'ER', 'Eritrea', 291),
(68, 'EE', 'Estonia', 372),
(69, 'ET', 'Ethiopia', 251),
(70, 'XA', 'External Territories of Australia', 61),
(71, 'FK', 'Falkland Islands', 500),
(72, 'FO', 'Faroe Islands', 298),
(73, 'FJ', 'Fiji Islands', 679),
(74, 'FI', 'Finland', 358),
(75, 'FR', 'France', 33),
(76, 'GF', 'French Guiana', 594),
(77, 'PF', 'French Polynesia', 689),
(78, 'TF', 'French Southern Territories', 262),
(79, 'GA', 'Gabon', 241),
(80, 'GM', 'Gambia The', 220),
(81, 'GE', 'Georgia', 995),
(82, 'DE', 'Germany', 49),
(83, 'GH', 'Ghana', 233),
(84, 'GI', 'Gibraltar', 350),
(85, 'GR', 'Greece', 30),
(86, 'GL', 'Greenland', 299),
(87, 'GD', 'Grenada', 1473),
(88, 'GP', 'Guadeloupe', 590),
(89, 'GU', 'Guam', 1671),
(90, 'GT', 'Guatemala', 502),
(91, 'XU', 'Guernsey and Alderney', 44),
(92, 'GN', 'Guinea', 224),
(93, 'GW', 'Guinea-Bissau', 245),
(94, 'GY', 'Guyana', 592),
(95, 'HT', 'Haiti', 509),
(96, 'HM', 'Heard and McDonald Islands', 672),
(97, 'HN', 'Honduras', 504),
(98, 'HK', 'Hong Kong S.A.R.', 852),
(99, 'HU', 'Hungary', 36),
(100, 'IS', 'Iceland', 354),
(101, 'IN', 'India', 91),
(102, 'ID', 'Indonesia', 62),
(103, 'IR', 'Iran', 98),
(104, 'IQ', 'Iraq', 964),
(105, 'IE', 'Ireland', 353),
(106, 'IL', 'Israel', 972),
(107, 'IT', 'Italy', 39),
(108, 'JM', 'Jamaica', 1876),
(109, 'JP', 'Japan', 81),
(110, 'XJ', 'Jersey', 44),
(111, 'JO', 'Jordan', 962),
(112, 'KZ', 'Kazakhstan', 7),
(113, 'KE', 'Kenya', 254),
(114, 'KI', 'Kiribati', 686),
(115, 'KP', 'Korea North', 850),
(116, 'KR', 'Korea South', 82),
(117, 'KW', 'Kuwait', 965),
(118, 'KG', 'Kyrgyzstan', 996),
(119, 'LA', 'Laos', 856),
(120, 'LV', 'Latvia', 371),
(121, 'LB', 'Lebanon', 961),
(122, 'LS', 'Lesotho', 266),
(123, 'LR', 'Liberia', 231),
(124, 'LY', 'Libya', 218),
(125, 'LI', 'Liechtenstein', 423),
(126, 'LT', 'Lithuania', 370),
(127, 'LU', 'Luxembourg', 352),
(128, 'MO', 'Macau S.A.R.', 853),
(129, 'MK', 'Macedonia', 389),
(130, 'MG', 'Madagascar', 261),
(131, 'MW', 'Malawi', 265),
(132, 'MY', 'Malaysia', 60),
(133, 'MV', 'Maldives', 960),
(134, 'ML', 'Mali', 223),
(135, 'MT', 'Malta', 356),
(136, 'XM', 'Man (Isle of)', 44),
(137, 'MH', 'Marshall Islands', 692),
(138, 'MQ', 'Martinique', 596),
(139, 'MR', 'Mauritania', 222),
(140, 'MU', 'Mauritius', 230),
(141, 'YT', 'Mayotte', 269),
(142, 'MX', 'Mexico', 52),
(143, 'FM', 'Micronesia', 691),
(144, 'MD', 'Moldova', 373),
(145, 'MC', 'Monaco', 377),
(146, 'MN', 'Mongolia', 976),
(147, 'MS', 'Montserrat', 1664),
(148, 'MA', 'Morocco', 212),
(149, 'MZ', 'Mozambique', 258),
(150, 'MM', 'Myanmar', 95),
(151, 'NA', 'Namibia', 264),
(152, 'NR', 'Nauru', 674),
(153, 'NP', 'Nepal', 977),
(154, 'AN', 'Netherlands Antilles', 599),
(155, 'NL', 'Netherlands The', 31),
(156, 'NC', 'New Caledonia', 687),
(157, 'NZ', 'New Zealand', 64),
(158, 'NI', 'Nicaragua', 505),
(159, 'NE', 'Niger', 227),
(160, 'NG', 'Nigeria', 234),
(161, 'NU', 'Niue', 683),
(162, 'NF', 'Norfolk Island', 672),
(163, 'MP', 'Northern Mariana Islands', 1670),
(164, 'NO', 'Norway', 47),
(165, 'OM', 'Oman', 968),
(166, 'PK', 'Pakistan', 92),
(167, 'PW', 'Palau', 680),
(168, 'PS', 'Palestinian Territory Occupied', 970),
(169, 'PA', 'Panama', 507),
(170, 'PG', 'Papua new Guinea', 675),
(171, 'PY', 'Paraguay', 595),
(172, 'PE', 'Peru', 51),
(173, 'PH', 'Philippines', 63),
(174, 'PN', 'Pitcairn Island', 64),
(175, 'PL', 'Poland', 48),
(176, 'PT', 'Portugal', 351),
(177, 'PR', 'Puerto Rico', 1787),
(178, 'QA', 'Qatar', 974),
(179, 'RE', 'Reunion', 262),
(180, 'RO', 'Romania', 40),
(181, 'RU', 'Russia', 70),
(182, 'RW', 'Rwanda', 250),
(183, 'SH', 'Saint Helena', 290),
(184, 'KN', 'Saint Kitts And Nevis', 1869),
(185, 'LC', 'Saint Lucia', 1758),
(186, 'PM', 'Saint Pierre and Miquelon', 508),
(187, 'VC', 'Saint Vincent And The Grenadines', 1784),
(188, 'WS', 'Samoa', 684),
(189, 'SM', 'San Marino', 378),
(190, 'ST', 'Sao Tome and Principe', 239),
(191, 'SA', 'Saudi Arabia', 966),
(192, 'SN', 'Senegal', 221),
(193, 'RS', 'Serbia', 381),
(194, 'SC', 'Seychelles', 248),
(195, 'SL', 'Sierra Leone', 232),
(196, 'SG', 'Singapore', 65),
(197, 'SK', 'Slovakia', 421),
(198, 'SI', 'Slovenia', 386),
(199, 'XG', 'Smaller Territories of the UK', 44),
(200, 'SB', 'Solomon Islands', 677),
(201, 'SO', 'Somalia', 252),
(202, 'ZA', 'South Africa', 27),
(203, 'GS', 'South Georgia', 500),
(204, 'SS', 'South Sudan', 211),
(205, 'ES', 'Spain', 34),
(206, 'LK', 'Sri Lanka', 94),
(207, 'SD', 'Sudan', 249),
(208, 'SR', 'Suriname', 597),
(209, 'SJ', 'Svalbard And Jan Mayen Islands', 47),
(210, 'SZ', 'Swaziland', 268),
(211, 'SE', 'Sweden', 46),
(212, 'CH', 'Switzerland', 41),
(213, 'SY', 'Syria', 963),
(214, 'TW', 'Taiwan', 886),
(215, 'TJ', 'Tajikistan', 992),
(216, 'TZ', 'Tanzania', 255),
(217, 'TH', 'Thailand', 66),
(218, 'TG', 'Togo', 228),
(219, 'TK', 'Tokelau', 690),
(220, 'TO', 'Tonga', 676),
(221, 'TT', 'Trinidad And Tobago', 1868),
(222, 'TN', 'Tunisia', 216),
(223, 'TR', 'Turkey', 90),
(224, 'TM', 'Turkmenistan', 7370),
(225, 'TC', 'Turks And Caicos Islands', 1649),
(226, 'TV', 'Tuvalu', 688),
(227, 'UG', 'Uganda', 256),
(228, 'UA', 'Ukraine', 380),
(229, 'AE', 'United Arab Emirates', 971),
(230, 'GB', 'United Kingdom', 44),
(231, 'US', 'United States', 1),
(232, 'UM', 'United States Minor Outlying Islands', 1),
(233, 'UY', 'Uruguay', 598),
(234, 'UZ', 'Uzbekistan', 998),
(235, 'VU', 'Vanuatu', 678),
(236, 'VA', 'Vatican City State (Holy See)', 39),
(237, 'VE', 'Venezuela', 58),
(238, 'VN', 'Vietnam', 84),
(239, 'VG', 'Virgin Islands (British)', 1284),
(240, 'VI', 'Virgin Islands (US)', 1340),
(241, 'WF', 'Wallis And Futuna Islands', 681),
(242, 'EH', 'Western Sahara', 212),
(243, 'YE', 'Yemen', 967),
(244, 'YU', 'Yugoslavia', 38),
(245, 'ZM', 'Zambia', 260),
(246, 'ZW', 'Zimbabwe', 263);

-- --------------------------------------------------------

--
-- Table structure for table `country`
--

CREATE TABLE `country` (
  `id` int(11) NOT NULL,
  `iso` char(2) NOT NULL,
  `name` varchar(80) NOT NULL,
  `nicename` varchar(80) NOT NULL,
  `iso3` char(3) DEFAULT NULL,
  `numcode` smallint(6) DEFAULT NULL,
  `phonecode` int(5) NOT NULL
) ENGINE=MyISAM DEFAULT CHARSET=latin1;

--
-- Dumping data for table `country`
--

INSERT INTO `country` (`id`, `iso`, `name`, `nicename`, `iso3`, `numcode`, `phonecode`) VALUES
(1, 'AF', 'AFGHANISTAN', 'Afghanistan', 'AFG', 4, 93),
(2, 'AL', 'ALBANIA', 'Albania', 'ALB', 8, 355),
(3, 'DZ', 'ALGERIA', 'Algeria', 'DZA', 12, 213),
(4, 'AS', 'AMERICAN SAMOA', 'American Samoa', 'ASM', 16, 1684),
(5, 'AD', 'ANDORRA', 'Andorra', 'AND', 20, 376),
(6, 'AO', 'ANGOLA', 'Angola', 'AGO', 24, 244),
(7, 'AI', 'ANGUILLA', 'Anguilla', 'AIA', 660, 1264),
(8, 'AQ', 'ANTARCTICA', 'Antarctica', NULL, NULL, 0),
(9, 'AG', 'ANTIGUA AND BARBUDA', 'Antigua and Barbuda', 'ATG', 28, 1268),
(10, 'AR', 'ARGENTINA', 'Argentina', 'ARG', 32, 54),
(11, 'AM', 'ARMENIA', 'Armenia', 'ARM', 51, 374),
(12, 'AW', 'ARUBA', 'Aruba', 'ABW', 533, 297),
(13, 'AU', 'AUSTRALIA', 'Australia', 'AUS', 36, 61),
(14, 'AT', 'AUSTRIA', 'Austria', 'AUT', 40, 43),
(15, 'AZ', 'AZERBAIJAN', 'Azerbaijan', 'AZE', 31, 994),
(16, 'BS', 'BAHAMAS', 'Bahamas', 'BHS', 44, 1242),
(17, 'BH', 'BAHRAIN', 'Bahrain', 'BHR', 48, 973),
(18, 'BD', 'BANGLADESH', 'Bangladesh', 'BGD', 50, 880),
(19, 'BB', 'BARBADOS', 'Barbados', 'BRB', 52, 1246),
(20, 'BY', 'BELARUS', 'Belarus', 'BLR', 112, 375),
(21, 'BE', 'BELGIUM', 'Belgium', 'BEL', 56, 32),
(22, 'BZ', 'BELIZE', 'Belize', 'BLZ', 84, 501),
(23, 'BJ', 'BENIN', 'Benin', 'BEN', 204, 229),
(24, 'BM', 'BERMUDA', 'Bermuda', 'BMU', 60, 1441),
(25, 'BT', 'BHUTAN', 'Bhutan', 'BTN', 64, 975),
(26, 'BO', 'BOLIVIA', 'Bolivia', 'BOL', 68, 591),
(27, 'BA', 'BOSNIA AND HERZEGOVINA', 'Bosnia and Herzegovina', 'BIH', 70, 387),
(28, 'BW', 'BOTSWANA', 'Botswana', 'BWA', 72, 267),
(29, 'BV', 'BOUVET ISLAND', 'Bouvet Island', NULL, NULL, 0),
(30, 'BR', 'BRAZIL', 'Brazil', 'BRA', 76, 55),
(31, 'IO', 'BRITISH INDIAN OCEAN TERRITORY', 'British Indian Ocean Territory', NULL, NULL, 246),
(32, 'BN', 'BRUNEI DARUSSALAM', 'Brunei Darussalam', 'BRN', 96, 673),
(33, 'BG', 'BULGARIA', 'Bulgaria', 'BGR', 100, 359),
(34, 'BF', 'BURKINA FASO', 'Burkina Faso', 'BFA', 854, 226),
(35, 'BI', 'BURUNDI', 'Burundi', 'BDI', 108, 257),
(36, 'KH', 'CAMBODIA', 'Cambodia', 'KHM', 116, 855),
(37, 'CM', 'CAMEROON', 'Cameroon', 'CMR', 120, 237),
(38, 'CA', 'CANADA', 'Canada', 'CAN', 124, 1),
(39, 'CV', 'CAPE VERDE', 'Cape Verde', 'CPV', 132, 238),
(40, 'KY', 'CAYMAN ISLANDS', 'Cayman Islands', 'CYM', 136, 1345),
(41, 'CF', 'CENTRAL AFRICAN REPUBLIC', 'Central African Republic', 'CAF', 140, 236),
(42, 'TD', 'CHAD', 'Chad', 'TCD', 148, 235),
(43, 'CL', 'CHILE', 'Chile', 'CHL', 152, 56),
(44, 'CN', 'CHINA', 'China', 'CHN', 156, 86),
(45, 'CX', 'CHRISTMAS ISLAND', 'Christmas Island', NULL, NULL, 61),
(46, 'CC', 'COCOS (KEELING) ISLANDS', 'Cocos (Keeling) Islands', NULL, NULL, 672),
(47, 'CO', 'COLOMBIA', 'Colombia', 'COL', 170, 57),
(48, 'KM', 'COMOROS', 'Comoros', 'COM', 174, 269),
(49, 'CG', 'CONGO', 'Congo', 'COG', 178, 242),
(50, 'CD', 'CONGO, THE DEMOCRATIC REPUBLIC OF THE', 'Congo, the Democratic Republic of the', 'COD', 180, 242),
(51, 'CK', 'COOK ISLANDS', 'Cook Islands', 'COK', 184, 682),
(52, 'CR', 'COSTA RICA', 'Costa Rica', 'CRI', 188, 506),
(53, 'CI', 'COTE D\'IVOIRE', 'Cote D\'Ivoire', 'CIV', 384, 225),
(54, 'HR', 'CROATIA', 'Croatia', 'HRV', 191, 385),
(55, 'CU', 'CUBA', 'Cuba', 'CUB', 192, 53),
(56, 'CY', 'CYPRUS', 'Cyprus', 'CYP', 196, 357),
(57, 'CZ', 'CZECH REPUBLIC', 'Czech Republic', 'CZE', 203, 420),
(58, 'DK', 'DENMARK', 'Denmark', 'DNK', 208, 45),
(59, 'DJ', 'DJIBOUTI', 'Djibouti', 'DJI', 262, 253),
(60, 'DM', 'DOMINICA', 'Dominica', 'DMA', 212, 1767),
(61, 'DO', 'DOMINICAN REPUBLIC', 'Dominican Republic', 'DOM', 214, 1809),
(62, 'EC', 'ECUADOR', 'Ecuador', 'ECU', 218, 593),
(63, 'EG', 'EGYPT', 'Egypt', 'EGY', 818, 20),
(64, 'SV', 'EL SALVADOR', 'El Salvador', 'SLV', 222, 503),
(65, 'GQ', 'EQUATORIAL GUINEA', 'Equatorial Guinea', 'GNQ', 226, 240),
(66, 'ER', 'ERITREA', 'Eritrea', 'ERI', 232, 291),
(67, 'EE', 'ESTONIA', 'Estonia', 'EST', 233, 372),
(68, 'ET', 'ETHIOPIA', 'Ethiopia', 'ETH', 231, 251),
(69, 'FK', 'FALKLAND ISLANDS (MALVINAS)', 'Falkland Islands (Malvinas)', 'FLK', 238, 500),
(70, 'FO', 'FAROE ISLANDS', 'Faroe Islands', 'FRO', 234, 298),
(71, 'FJ', 'FIJI', 'Fiji', 'FJI', 242, 679),
(72, 'FI', 'FINLAND', 'Finland', 'FIN', 246, 358),
(73, 'FR', 'FRANCE', 'France', 'FRA', 250, 33),
(74, 'GF', 'FRENCH GUIANA', 'French Guiana', 'GUF', 254, 594),
(75, 'PF', 'FRENCH POLYNESIA', 'French Polynesia', 'PYF', 258, 689),
(76, 'TF', 'FRENCH SOUTHERN TERRITORIES', 'French Southern Territories', NULL, NULL, 0),
(77, 'GA', 'GABON', 'Gabon', 'GAB', 266, 241),
(78, 'GM', 'GAMBIA', 'Gambia', 'GMB', 270, 220),
(79, 'GE', 'GEORGIA', 'Georgia', 'GEO', 268, 995),
(80, 'DE', 'GERMANY', 'Germany', 'DEU', 276, 49),
(81, 'GH', 'GHANA', 'Ghana', 'GHA', 288, 233),
(82, 'GI', 'GIBRALTAR', 'Gibraltar', 'GIB', 292, 350),
(83, 'GR', 'GREECE', 'Greece', 'GRC', 300, 30),
(84, 'GL', 'GREENLAND', 'Greenland', 'GRL', 304, 299),
(85, 'GD', 'GRENADA', 'Grenada', 'GRD', 308, 1473),
(86, 'GP', 'GUADELOUPE', 'Guadeloupe', 'GLP', 312, 590),
(87, 'GU', 'GUAM', 'Guam', 'GUM', 316, 1671),
(88, 'GT', 'GUATEMALA', 'Guatemala', 'GTM', 320, 502),
(89, 'GN', 'GUINEA', 'Guinea', 'GIN', 324, 224),
(90, 'GW', 'GUINEA-BISSAU', 'Guinea-Bissau', 'GNB', 624, 245),
(91, 'GY', 'GUYANA', 'Guyana', 'GUY', 328, 592),
(92, 'HT', 'HAITI', 'Haiti', 'HTI', 332, 509),
(93, 'HM', 'HEARD ISLAND AND MCDONALD ISLANDS', 'Heard Island and Mcdonald Islands', NULL, NULL, 0),
(94, 'VA', 'HOLY SEE (VATICAN CITY STATE)', 'Holy See (Vatican City State)', 'VAT', 336, 39),
(95, 'HN', 'HONDURAS', 'Honduras', 'HND', 340, 504),
(96, 'HK', 'HONG KONG', 'Hong Kong', 'HKG', 344, 852),
(97, 'HU', 'HUNGARY', 'Hungary', 'HUN', 348, 36),
(98, 'IS', 'ICELAND', 'Iceland', 'ISL', 352, 354),
(99, 'IN', 'INDIA', 'India', 'IND', 356, 91),
(100, 'ID', 'INDONESIA', 'Indonesia', 'IDN', 360, 62),
(101, 'IR', 'IRAN, ISLAMIC REPUBLIC OF', 'Iran, Islamic Republic of', 'IRN', 364, 98),
(102, 'IQ', 'IRAQ', 'Iraq', 'IRQ', 368, 964),
(103, 'IE', 'IRELAND', 'Ireland', 'IRL', 372, 353),
(104, 'IL', 'ISRAEL', 'Israel', 'ISR', 376, 972),
(105, 'IT', 'ITALY', 'Italy', 'ITA', 380, 39),
(106, 'JM', 'JAMAICA', 'Jamaica', 'JAM', 388, 1876),
(107, 'JP', 'JAPAN', 'Japan', 'JPN', 392, 81),
(108, 'JO', 'JORDAN', 'Jordan', 'JOR', 400, 962),
(109, 'KZ', 'KAZAKHSTAN', 'Kazakhstan', 'KAZ', 398, 7),
(110, 'KE', 'KENYA', 'Kenya', 'KEN', 404, 254),
(111, 'KI', 'KIRIBATI', 'Kiribati', 'KIR', 296, 686),
(112, 'KP', 'KOREA, DEMOCRATIC PEOPLE\'S REPUBLIC OF', 'Korea, Democratic People\'s Republic of', 'PRK', 408, 850),
(113, 'KR', 'KOREA, REPUBLIC OF', 'Korea, Republic of', 'KOR', 410, 82),
(114, 'KW', 'KUWAIT', 'Kuwait', 'KWT', 414, 965),
(115, 'KG', 'KYRGYZSTAN', 'Kyrgyzstan', 'KGZ', 417, 996),
(116, 'LA', 'LAO PEOPLE\'S DEMOCRATIC REPUBLIC', 'Lao People\'s Democratic Republic', 'LAO', 418, 856),
(117, 'LV', 'LATVIA', 'Latvia', 'LVA', 428, 371),
(118, 'LB', 'LEBANON', 'Lebanon', 'LBN', 422, 961),
(119, 'LS', 'LESOTHO', 'Lesotho', 'LSO', 426, 266),
(120, 'LR', 'LIBERIA', 'Liberia', 'LBR', 430, 231),
(121, 'LY', 'LIBYAN ARAB JAMAHIRIYA', 'Libyan Arab Jamahiriya', 'LBY', 434, 218),
(122, 'LI', 'LIECHTENSTEIN', 'Liechtenstein', 'LIE', 438, 423),
(123, 'LT', 'LITHUANIA', 'Lithuania', 'LTU', 440, 370),
(124, 'LU', 'LUXEMBOURG', 'Luxembourg', 'LUX', 442, 352),
(125, 'MO', 'MACAO', 'Macao', 'MAC', 446, 853),
(126, 'MK', 'MACEDONIA, THE FORMER YUGOSLAV REPUBLIC OF', 'Macedonia, the Former Yugoslav Republic of', 'MKD', 807, 389),
(127, 'MG', 'MADAGASCAR', 'Madagascar', 'MDG', 450, 261),
(128, 'MW', 'MALAWI', 'Malawi', 'MWI', 454, 265),
(129, 'MY', 'MALAYSIA', 'Malaysia', 'MYS', 458, 60),
(130, 'MV', 'MALDIVES', 'Maldives', 'MDV', 462, 960),
(131, 'ML', 'MALI', 'Mali', 'MLI', 466, 223),
(132, 'MT', 'MALTA', 'Malta', 'MLT', 470, 356),
(133, 'MH', 'MARSHALL ISLANDS', 'Marshall Islands', 'MHL', 584, 692),
(134, 'MQ', 'MARTINIQUE', 'Martinique', 'MTQ', 474, 596),
(135, 'MR', 'MAURITANIA', 'Mauritania', 'MRT', 478, 222),
(136, 'MU', 'MAURITIUS', 'Mauritius', 'MUS', 480, 230),
(137, 'YT', 'MAYOTTE', 'Mayotte', NULL, NULL, 269),
(138, 'MX', 'MEXICO', 'Mexico', 'MEX', 484, 52),
(139, 'FM', 'MICRONESIA, FEDERATED STATES OF', 'Micronesia, Federated States of', 'FSM', 583, 691),
(140, 'MD', 'MOLDOVA, REPUBLIC OF', 'Moldova, Republic of', 'MDA', 498, 373),
(141, 'MC', 'MONACO', 'Monaco', 'MCO', 492, 377),
(142, 'MN', 'MONGOLIA', 'Mongolia', 'MNG', 496, 976),
(143, 'MS', 'MONTSERRAT', 'Montserrat', 'MSR', 500, 1664),
(144, 'MA', 'MOROCCO', 'Morocco', 'MAR', 504, 212),
(145, 'MZ', 'MOZAMBIQUE', 'Mozambique', 'MOZ', 508, 258),
(146, 'MM', 'MYANMAR', 'Myanmar', 'MMR', 104, 95),
(147, 'NA', 'NAMIBIA', 'Namibia', 'NAM', 516, 264),
(148, 'NR', 'NAURU', 'Nauru', 'NRU', 520, 674),
(149, 'NP', 'NEPAL', 'Nepal', 'NPL', 524, 977),
(150, 'NL', 'NETHERLANDS', 'Netherlands', 'NLD', 528, 31),
(151, 'AN', 'NETHERLANDS ANTILLES', 'Netherlands Antilles', 'ANT', 530, 599),
(152, 'NC', 'NEW CALEDONIA', 'New Caledonia', 'NCL', 540, 687),
(153, 'NZ', 'NEW ZEALAND', 'New Zealand', 'NZL', 554, 64),
(154, 'NI', 'NICARAGUA', 'Nicaragua', 'NIC', 558, 505),
(155, 'NE', 'NIGER', 'Niger', 'NER', 562, 227),
(156, 'NG', 'NIGERIA', 'Nigeria', 'NGA', 566, 234),
(157, 'NU', 'NIUE', 'Niue', 'NIU', 570, 683),
(158, 'NF', 'NORFOLK ISLAND', 'Norfolk Island', 'NFK', 574, 672),
(159, 'MP', 'NORTHERN MARIANA ISLANDS', 'Northern Mariana Islands', 'MNP', 580, 1670),
(160, 'NO', 'NORWAY', 'Norway', 'NOR', 578, 47),
(161, 'OM', 'OMAN', 'Oman', 'OMN', 512, 968),
(162, 'PK', 'PAKISTAN', 'Pakistan', 'PAK', 586, 92),
(163, 'PW', 'PALAU', 'Palau', 'PLW', 585, 680),
(164, 'PS', 'PALESTINIAN TERRITORY, OCCUPIED', 'Palestinian Territory, Occupied', NULL, NULL, 970),
(165, 'PA', 'PANAMA', 'Panama', 'PAN', 591, 507),
(166, 'PG', 'PAPUA NEW GUINEA', 'Papua New Guinea', 'PNG', 598, 675),
(167, 'PY', 'PARAGUAY', 'Paraguay', 'PRY', 600, 595),
(168, 'PE', 'PERU', 'Peru', 'PER', 604, 51),
(169, 'PH', 'PHILIPPINES', 'Philippines', 'PHL', 608, 63),
(170, 'PN', 'PITCAIRN', 'Pitcairn', 'PCN', 612, 0),
(171, 'PL', 'POLAND', 'Poland', 'POL', 616, 48),
(172, 'PT', 'PORTUGAL', 'Portugal', 'PRT', 620, 351),
(173, 'PR', 'PUERTO RICO', 'Puerto Rico', 'PRI', 630, 1787),
(174, 'QA', 'QATAR', 'Qatar', 'QAT', 634, 974),
(175, 'RE', 'REUNION', 'Reunion', 'REU', 638, 262),
(176, 'RO', 'ROMANIA', 'Romania', 'ROM', 642, 40),
(177, 'RU', 'RUSSIAN FEDERATION', 'Russian Federation', 'RUS', 643, 70),
(178, 'RW', 'RWANDA', 'Rwanda', 'RWA', 646, 250),
(179, 'SH', 'SAINT HELENA', 'Saint Helena', 'SHN', 654, 290),
(180, 'KN', 'SAINT KITTS AND NEVIS', 'Saint Kitts and Nevis', 'KNA', 659, 1869),
(181, 'LC', 'SAINT LUCIA', 'Saint Lucia', 'LCA', 662, 1758),
(182, 'PM', 'SAINT PIERRE AND MIQUELON', 'Saint Pierre and Miquelon', 'SPM', 666, 508),
(183, 'VC', 'SAINT VINCENT AND THE GRENADINES', 'Saint Vincent and the Grenadines', 'VCT', 670, 1784),
(184, 'WS', 'SAMOA', 'Samoa', 'WSM', 882, 684),
(185, 'SM', 'SAN MARINO', 'San Marino', 'SMR', 674, 378),
(186, 'ST', 'SAO TOME AND PRINCIPE', 'Sao Tome and Principe', 'STP', 678, 239),
(187, 'SA', 'SAUDI ARABIA', 'Saudi Arabia', 'SAU', 682, 966),
(188, 'SN', 'SENEGAL', 'Senegal', 'SEN', 686, 221),
(189, 'CS', 'SERBIA AND MONTENEGRO', 'Serbia and Montenegro', NULL, NULL, 381),
(190, 'SC', 'SEYCHELLES', 'Seychelles', 'SYC', 690, 248),
(191, 'SL', 'SIERRA LEONE', 'Sierra Leone', 'SLE', 694, 232),
(192, 'SG', 'SINGAPORE', 'Singapore', 'SGP', 702, 65),
(193, 'SK', 'SLOVAKIA', 'Slovakia', 'SVK', 703, 421),
(194, 'SI', 'SLOVENIA', 'Slovenia', 'SVN', 705, 386),
(195, 'SB', 'SOLOMON ISLANDS', 'Solomon Islands', 'SLB', 90, 677),
(196, 'SO', 'SOMALIA', 'Somalia', 'SOM', 706, 252),
(197, 'ZA', 'SOUTH AFRICA', 'South Africa', 'ZAF', 710, 27),
(198, 'GS', 'SOUTH GEORGIA AND THE SOUTH SANDWICH ISLANDS', 'South Georgia and the South Sandwich Islands', NULL, NULL, 0),
(199, 'ES', 'SPAIN', 'Spain', 'ESP', 724, 34),
(200, 'LK', 'SRI LANKA', 'Sri Lanka', 'LKA', 144, 94),
(201, 'SD', 'SUDAN', 'Sudan', 'SDN', 736, 249),
(202, 'SR', 'SURINAME', 'Suriname', 'SUR', 740, 597),
(203, 'SJ', 'SVALBARD AND JAN MAYEN', 'Svalbard and Jan Mayen', 'SJM', 744, 47),
(204, 'SZ', 'SWAZILAND', 'Swaziland', 'SWZ', 748, 268),
(205, 'SE', 'SWEDEN', 'Sweden', 'SWE', 752, 46),
(206, 'CH', 'SWITZERLAND', 'Switzerland', 'CHE', 756, 41),
(207, 'SY', 'SYRIAN ARAB REPUBLIC', 'Syrian Arab Republic', 'SYR', 760, 963),
(208, 'TW', 'TAIWAN, PROVINCE OF CHINA', 'Taiwan, Province of China', 'TWN', 158, 886),
(209, 'TJ', 'TAJIKISTAN', 'Tajikistan', 'TJK', 762, 992),
(210, 'TZ', 'TANZANIA, UNITED REPUBLIC OF', 'Tanzania, United Republic of', 'TZA', 834, 255),
(211, 'TH', 'THAILAND', 'Thailand', 'THA', 764, 66),
(212, 'TL', 'TIMOR-LESTE', 'Timor-Leste', NULL, NULL, 670),
(213, 'TG', 'TOGO', 'Togo', 'TGO', 768, 228),
(214, 'TK', 'TOKELAU', 'Tokelau', 'TKL', 772, 690),
(215, 'TO', 'TONGA', 'Tonga', 'TON', 776, 676),
(216, 'TT', 'TRINIDAD AND TOBAGO', 'Trinidad and Tobago', 'TTO', 780, 1868),
(217, 'TN', 'TUNISIA', 'Tunisia', 'TUN', 788, 216),
(218, 'TR', 'TURKEY', 'Turkey', 'TUR', 792, 90),
(219, 'TM', 'TURKMENISTAN', 'Turkmenistan', 'TKM', 795, 7370),
(220, 'TC', 'TURKS AND CAICOS ISLANDS', 'Turks and Caicos Islands', 'TCA', 796, 1649),
(221, 'TV', 'TUVALU', 'Tuvalu', 'TUV', 798, 688),
(222, 'UG', 'UGANDA', 'Uganda', 'UGA', 800, 256),
(223, 'UA', 'UKRAINE', 'Ukraine', 'UKR', 804, 380),
(224, 'AE', 'UNITED ARAB EMIRATES', 'United Arab Emirates', 'ARE', 784, 971),
(225, 'GB', 'UNITED KINGDOM', 'United Kingdom', 'GBR', 826, 44),
(226, 'US', 'UNITED STATES', 'United States', 'USA', 840, 1),
(227, 'UM', 'UNITED STATES MINOR OUTLYING ISLANDS', 'United States Minor Outlying Islands', NULL, NULL, 1),
(228, 'UY', 'URUGUAY', 'Uruguay', 'URY', 858, 598),
(229, 'UZ', 'UZBEKISTAN', 'Uzbekistan', 'UZB', 860, 998),
(230, 'VU', 'VANUATU', 'Vanuatu', 'VUT', 548, 678),
(231, 'VE', 'VENEZUELA', 'Venezuela', 'VEN', 862, 58),
(232, 'VN', 'VIET NAM', 'Viet Nam', 'VNM', 704, 84),
(233, 'VG', 'VIRGIN ISLANDS, BRITISH', 'Virgin Islands, British', 'VGB', 92, 1284),
(234, 'VI', 'VIRGIN ISLANDS, U.S.', 'Virgin Islands, U.s.', 'VIR', 850, 1340),
(235, 'WF', 'WALLIS AND FUTUNA', 'Wallis and Futuna', 'WLF', 876, 681),
(236, 'EH', 'WESTERN SAHARA', 'Western Sahara', 'ESH', 732, 212),
(237, 'YE', 'YEMEN', 'Yemen', 'YEM', 887, 967),
(238, 'ZM', 'ZAMBIA', 'Zambia', 'ZMB', 894, 260),
(239, 'ZW', 'ZIMBABWE', 'Zimbabwe', 'ZWE', 716, 263);

-- --------------------------------------------------------

--
-- Table structure for table `events`
--

CREATE TABLE `events` (
  `id` int(11) NOT NULL,
  `vendor_id` int(11) NOT NULL DEFAULT 0,
  `type` enum('free','free_booking','paid') COLLATE utf8_unicode_ci NOT NULL,
  `title` varchar(255) COLLATE utf8_unicode_ci NOT NULL,
  `description` text COLLATE utf8_unicode_ci NOT NULL,
  `image` varchar(255) COLLATE utf8_unicode_ci NOT NULL,
  `price` double(10,2) NOT NULL DEFAULT 0.00,
  `ticket_qty` int(10) NOT NULL DEFAULT 1,
  `start_date` date NOT NULL,
  `start_time` time NOT NULL,
  `end_date` date NOT NULL,
  `end_time` time NOT NULL,
  `address` varchar(255) COLLATE utf8_unicode_ci NOT NULL,
  `latitude` varchar(255) COLLATE utf8_unicode_ci NOT NULL,
  `longitude` varchar(255) COLLATE utf8_unicode_ci NOT NULL,
  `hotel_ids` text COLLATE utf8_unicode_ci DEFAULT NULL,
  `space_ids` text COLLATE utf8_unicode_ci DEFAULT NULL,
  `status` int(11) NOT NULL,
  `created_at` datetime NOT NULL,
  `updated_at` timestamp NOT NULL DEFAULT current_timestamp() ON UPDATE current_timestamp()
) ENGINE=InnoDB DEFAULT CHARSET=utf8 COLLATE=utf8_unicode_ci;

--
-- Dumping data for table `events`
--

INSERT INTO `events` (`id`, `vendor_id`, `type`, `title`, `description`, `image`, `price`, `ticket_qty`, `start_date`, `start_time`, `end_date`, `end_time`, `address`, `latitude`, `longitude`, `hotel_ids`, `space_ids`, `status`, `created_at`, `updated_at`) VALUES
(49, 877, 'free', 'Bachelor Party', 'description', 'pexels-engin-akyurt-1579253.jpg', 0.00, 1, '2022-08-22', '13:00:00', '2022-08-22', '14:00:00', 'RNT Marg, Murai Mohalla, Chhawni, Indore, Madhya Pradesh, India', '', '', '[\"284\"]', '[\"575\"]', 1, '2022-08-22 08:25:49', '2022-08-24 05:34:23'),
(61, 877, 'paid', 'So Rude of Me-comedy', 'description', 'unnamed (1).jpg', 20.00, 10, '2022-08-24', '00:00:00', '2022-08-24', '02:00:00', 'RNT Marg, Murai Mohalla, Chhawni, Indore, Madhya Pradesh, India', '22.7097071', '75.87578169999999', '[\"281\"]', '[\"273\"]', 1, '2022-08-24 06:55:21', '2022-08-24 13:28:16'),
(62, 877, 'free', 'Food Expo event', 'description', 'pexels-trang-doan-1099680.jpg', 0.00, 1, '2022-08-31', '13:00:00', '2022-08-31', '14:00:00', 'RNT Marg, Murai Mohalla, Chhawni, Indore, Madhya Pradesh, India', '', '', '[\"458\",\"92\",\"90\",\"80\"]', '[\"406\",\"272\",\"273\"]', 1, '2022-08-24 07:05:21', '2022-08-26 11:50:14'),
(63, 877, 'free', 'song concert', 'Come and witness this magical evening with your loved ones', 'pexels-matheus-bertelli-2608511.jpg', 0.00, 1, '2022-08-26', '13:00:00', '2022-08-26', '14:00:00', 'RNT Marg, Murai Mohalla, Chhawni, Indore, Madhya Pradesh, India', '', '', '[\"519\"]', '[\"474\"]', 1, '2022-08-24 08:32:20', '2022-08-26 13:11:51');

-- --------------------------------------------------------

--
-- Table structure for table `event_booking`
--

CREATE TABLE `event_booking` (
  `id` int(11) NOT NULL,
  `event_id` int(11) NOT NULL,
  `user_id` int(11) NOT NULL,
  `total_amount` double(10,2) DEFAULT NULL,
  `payment_id` varchar(255) COLLATE utf8_unicode_ci DEFAULT NULL,
  `payment_token` varchar(255) COLLATE utf8_unicode_ci DEFAULT NULL,
  `payer_id` varchar(255) COLLATE utf8_unicode_ci DEFAULT NULL,
  `payment_type` varchar(255) COLLATE utf8_unicode_ci DEFAULT NULL,
  `payment_status` varchar(255) COLLATE utf8_unicode_ci DEFAULT NULL,
  `booking_status` enum('pending','processing','canceled','confirmed') COLLATE utf8_unicode_ci DEFAULT NULL,
  `created_at` datetime NOT NULL,
  `updated_at` timestamp NOT NULL DEFAULT current_timestamp() ON UPDATE current_timestamp()
) ENGINE=InnoDB DEFAULT CHARSET=utf8 COLLATE=utf8_unicode_ci;

--
-- Dumping data for table `event_booking`
--

INSERT INTO `event_booking` (`id`, `event_id`, `user_id`, `total_amount`, `payment_id`, `payment_token`, `payer_id`, `payment_type`, `payment_status`, `booking_status`, `created_at`, `updated_at`) VALUES
(1, 48, 678, 5000.00, 'PAYID-MMBWU4A0UC9365212341020N', 'EC-0T1680118P047714U', 'ER72HMHPHXM3S', 'paypal', 'successful', 'pending', '2022-08-22 11:38:07', '2022-08-22 11:38:07'),
(2, 48, 837, 5000.00, 'PAYID-MMCFYGY5LW23254E3323683Y', 'EC-28K04371P2799913T', 'ER72HMHPHXM3S', 'paypal', 'successful', 'pending', '2022-08-23 04:48:50', '2022-08-23 04:48:50'),
(3, 48, 678, 5000.00, 'PAYID-MMCHY5Q8MN117063L311980K', 'EC-0U695566CC5451413', 'ER72HMHPHXM3S', 'paypal', 'successful', 'pending', '2022-08-23 07:07:04', '2022-08-23 07:07:04'),
(4, 48, 877, 5000.00, 'PAYID-MMCJJDY3U152154S8071543W', 'EC-8C890994748565326', 'ER72HMHPHXM3S', 'paypal', 'successful', 'pending', '2022-08-23 08:50:09', '2022-08-23 08:50:09'),
(5, 48, 837, 5000.00, 'PAYID-MMC3F4I7X164195K7668902L', 'EC-9HW36325C2136502C', 'ER72HMHPHXM3S', 'paypal', 'successful', 'pending', '2022-08-24 05:11:36', '2022-08-24 05:11:36'),
(6, 48, 837, 5000.00, 'PAYID-MMC3IBA2F8773496Y020594U', 'EC-12W1753797040781L', 'ER72HMHPHXM3S', 'paypal', 'successful', 'pending', '2022-08-24 05:16:40', '2022-08-24 05:16:40'),
(7, 48, 837, 10.00, 'PAYID-MMC3Y2I71E47825KY679334V', 'EC-8Y9567177J437981U', 'ER72HMHPHXM3S', 'paypal', 'successful', 'pending', '2022-08-24 05:52:14', '2022-08-24 05:52:14'),
(8, 48, 837, 10.00, 'PAYID-MMC3ZMA65X236917H216491J', 'EC-6CC40754WD084134E', 'ER72HMHPHXM3S', 'paypal', 'successful', 'pending', '2022-08-24 05:53:47', '2022-08-24 05:53:47'),
(9, 48, 837, 10.00, 'PAYID-MMC32TA51H620415M595245R', 'EC-13682253VN496872U', 'ER72HMHPHXM3S', 'paypal', 'successful', 'pending', '2022-08-24 05:55:36', '2022-08-24 05:55:36'),
(10, 48, 837, 10.00, 'PAYID-MMC3ZMA65X236917H216491J', 'EC-6CC40754WD084134E', 'ER72HMHPHXM3S', 'paypal', 'successful', 'pending', '2022-08-24 05:57:40', '2022-08-24 05:57:40'),
(11, 48, 837, 10.00, 'PAYID-MMC3ZMA65X236917H216491J', 'EC-6CC40754WD084134E', 'ER72HMHPHXM3S', 'paypal', 'successful', 'pending', '2022-08-24 05:57:54', '2022-08-24 05:57:54'),
(12, 48, 837, 10.00, 'PAYID-MMC34DY3A997570BV663610U', 'EC-0NG13352XA579583E', 'ER72HMHPHXM3S', 'paypal', 'successful', 'pending', '2022-08-24 05:58:52', '2022-08-24 05:58:52'),
(13, 48, 837, 10.00, 'PAYID-MMC4DWY7H172351K55431746', 'EC-54G78192NM008430M', 'ER72HMHPHXM3S', 'paypal', 'successful', 'pending', '2022-08-24 06:15:21', '2022-08-24 06:15:21'),
(14, 48, 837, 10.00, 'PAYID-MMC4EYI2YH949976F352620U', 'EC-6J700676UN9790813', 'ER72HMHPHXM3S', 'paypal', 'successful', 'pending', '2022-08-24 06:17:20', '2022-08-24 06:17:20'),
(15, 64, 837, 10.00, 'PAYID-MMDRUWI2LF84040VE9377506', 'EC-0NC07788RJ166940G', 'ER72HMHPHXM3S', 'paypal', 'successful', 'pending', '2022-08-25 06:44:56', '2022-08-25 06:44:56'),
(16, 48, 837, 10.00, 'PAYID-MMDTH3A4XN49436TX021863G', 'EC-4B321070FH755284D', 'ER72HMHPHXM3S', 'paypal', 'successful', 'pending', '2022-08-25 08:34:15', '2022-08-25 08:34:15'),
(17, 64, 837, 10.00, 'PAYID-MMDUZLI0BV547199F7320716', 'EC-7PC701758G759221K', 'ER72HMHPHXM3S', 'paypal', 'successful', 'pending', '2022-08-25 10:20:17', '2022-08-25 10:20:17'),
(18, 48, 837, 10.00, 'PAYID-MMDXJPA8AF776736N573841R', 'EC-17539258LX494845F', 'ER72HMHPHXM3S', 'paypal', 'successful', 'pending', '2022-08-25 13:10:32', '2022-08-25 13:10:32'),
(19, 64, 837, 10.00, 'PAYID-MMEFRQA5XX01621PR855423P', 'EC-6T053911ET225010L', 'ER72HMHPHXM3S', 'paypal', 'successful', 'pending', '2022-08-26 05:23:33', '2022-08-26 05:23:33'),
(20, 64, 837, 10.00, 'PAYID-MMEFUKQ3J843016L9460405T', 'EC-4JY07946NB9242845', 'ER72HMHPHXM3S', 'paypal', 'successful', 'pending', '2022-08-26 05:29:26', '2022-08-26 05:29:26');

-- --------------------------------------------------------

--
-- Table structure for table `event_booking_temp`
--

CREATE TABLE `event_booking_temp` (
  `id` int(11) NOT NULL,
  `user_id` int(11) DEFAULT NULL,
  `payment_id` varchar(255) COLLATE utf8_unicode_ci DEFAULT NULL,
  `paccess_token` varchar(255) COLLATE utf8_unicode_ci DEFAULT NULL,
  `token_id` varchar(255) COLLATE utf8_unicode_ci DEFAULT NULL,
  `event_id` int(11) DEFAULT NULL,
  `start_date` date DEFAULT NULL,
  `end_date` date DEFAULT NULL,
  `total_amount` double(10,2) DEFAULT NULL,
  `created_at` datetime DEFAULT NULL,
  `updated_at` timestamp NOT NULL DEFAULT current_timestamp() ON UPDATE current_timestamp()
) ENGINE=InnoDB DEFAULT CHARSET=utf8 COLLATE=utf8_unicode_ci;

--
-- Dumping data for table `event_booking_temp`
--

INSERT INTO `event_booking_temp` (`id`, `user_id`, `payment_id`, `paccess_token`, `token_id`, `event_id`, `start_date`, `end_date`, `total_amount`, `created_at`, `updated_at`) VALUES
(1, NULL, 'PAYID-MMBWU4A0UC9365212341020N', 'A21AAJMLAl4k-FTmms-lpleq1XhAwjIVuEgbjQ6zfCiBXQhoA2wa_Ovct1vloPd_XEPswPt1urpGcgJ94fusOx2o5-PI2EocQ', 'EC-0T1680118P047714U', 48, '2022-08-25', '2022-08-25', 5000.00, '2022-08-22 11:37:20', '2022-08-22 11:37:20'),
(2, 1, 'PAYID-MMCFYGY5LW23254E3323683Y', 'A21AALrCTsbqXz6Tg7F7tnLHsmKZ8iOjrVUtqpQOA8WfOUfrY6bFrEhIVjxhNrKRt-39uNIbdzPKmeTPso8YjXFokZ8KbedNg', 'EC-28K04371P2799913T', 48, '2022-08-25', '2022-08-25', 5000.00, '2022-08-23 04:48:27', '2022-08-23 04:48:27'),
(3, NULL, 'PAYID-MMCHY5Q8MN117063L311980K', 'A21AALMuQi3viDKfnWOy8LslM4e47JXAlMFlYQlq_E7SMuzdVyXw6Vdg_yRHGhNY8aBSm2qpes39o-jLdgxBeZaigc5-_p9oA', 'EC-0U695566CC5451413', 48, '2022-08-25', '2022-08-25', 5000.00, '2022-08-23 07:06:30', '2022-08-23 07:06:30'),
(4, 1, 'PAYID-MMCJJDY3U152154S8071543W', 'A21AAJUzyOqlUdMze7A9s5ceL6kRl9cVLsKHmx18QpRHz8jMrWIv535Hvm9R332f1OCi5AhsrIZv13hilCh4VZzy5YUw3tVpQ', 'EC-8C890994748565326', 48, '2022-08-25', '2022-08-25', 5000.00, '2022-08-23 08:49:20', '2022-08-23 08:49:20'),
(5, 1, 'PAYID-MMC3F4I7X164195K7668902L', 'A21AAKtXIdAuAbmesAimWIYTdfCiqYvuPIGKHPATL8IkblzdLzcH9vhaBesaJ5wSPKMFq0giks-GHim0lH7oV6ll_5Swn2jRQ', 'EC-9HW36325C2136502C', 48, '2022-08-25', '2022-08-25', 5000.00, '2022-08-24 05:11:13', '2022-08-24 05:11:13'),
(6, 1, 'PAYID-MMC3IBA2F8773496Y020594U', 'A21AAKtXIdAuAbmesAimWIYTdfCiqYvuPIGKHPATL8IkblzdLzcH9vhaBesaJ5wSPKMFq0giks-GHim0lH7oV6ll_5Swn2jRQ', 'EC-12W1753797040781L', 48, '2022-08-25', '2022-08-25', 5000.00, '2022-08-24 05:15:48', '2022-08-24 05:15:48'),
(7, 1, 'PAYID-MMC3Y2I71E47825KY679334V', 'A21AAKtXIdAuAbmesAimWIYTdfCiqYvuPIGKHPATL8IkblzdLzcH9vhaBesaJ5wSPKMFq0giks-GHim0lH7oV6ll_5Swn2jRQ', 'EC-8Y9567177J437981U', 48, '2022-08-25', '2022-08-25', 10.00, '2022-08-24 05:51:37', '2022-08-24 05:51:37'),
(8, 1, 'PAYID-MMC3ZMA65X236917H216491J', 'A21AAKtXIdAuAbmesAimWIYTdfCiqYvuPIGKHPATL8IkblzdLzcH9vhaBesaJ5wSPKMFq0giks-GHim0lH7oV6ll_5Swn2jRQ', 'EC-6CC40754WD084134E', 48, '2022-08-25', '2022-08-25', 10.00, '2022-08-24 05:52:48', '2022-08-24 05:52:48'),
(9, 1, 'PAYID-MMC32TA51H620415M595245R', 'A21AAKtXIdAuAbmesAimWIYTdfCiqYvuPIGKHPATL8IkblzdLzcH9vhaBesaJ5wSPKMFq0giks-GHim0lH7oV6ll_5Swn2jRQ', 'EC-13682253VN496872U', 48, '2022-08-25', '2022-08-25', 10.00, '2022-08-24 05:55:24', '2022-08-24 05:55:24'),
(10, 1, 'PAYID-MMC34DY3A997570BV663610U', 'A21AAKtXIdAuAbmesAimWIYTdfCiqYvuPIGKHPATL8IkblzdLzcH9vhaBesaJ5wSPKMFq0giks-GHim0lH7oV6ll_5Swn2jRQ', 'EC-0NG13352XA579583E', 48, '2022-08-25', '2022-08-25', 10.00, '2022-08-24 05:58:39', '2022-08-24 05:58:39'),
(11, 1, 'PAYID-MMC4DWY7H172351K55431746', 'A21AAL2_fAlrgsKHHgJpssi3J7UkXXhx0fJKK5utiolM-jwAyH-mGCCcbSBCbqHpC7rG3HTsmJQzAm_QwnhHIP7DPBhf4qqPA', 'EC-54G78192NM008430M', 48, '2022-08-25', '2022-08-25', 10.00, '2022-08-24 06:14:51', '2022-08-24 06:14:51'),
(12, 1, 'PAYID-MMC4EYI2YH949976F352620U', 'A21AAL2_fAlrgsKHHgJpssi3J7UkXXhx0fJKK5utiolM-jwAyH-mGCCcbSBCbqHpC7rG3HTsmJQzAm_QwnhHIP7DPBhf4qqPA', 'EC-6J700676UN9790813', 48, '2022-08-25', '2022-08-25', 10.00, '2022-08-24 06:17:05', '2022-08-24 06:17:05'),
(13, 1, 'PAYID-MMDRUWI2LF84040VE9377506', 'A21AAItPVcMhmgiOl-JjFriIP99i7XzXVF3WqM7QMVdnz0WjLpSO48jCVRIYLHthghQVdmAdz-2LKQZI95IoTz44-4E3Dq2gA', 'EC-0NC07788RJ166940G', 64, '2022-08-28', '2022-08-31', 10.00, '2022-08-25 06:44:41', '2022-08-25 06:44:41'),
(14, 1, 'PAYID-MMDTH3A4XN49436TX021863G', 'A21AALtYPM7l8b6XZT0kUlhkDW_Ba1_Z7ZqzBBybN-4kuxYXi9QDNYSI-toLkpAHKrVw3yjRX2uzGUeuoGK9GG7uMMq7iRcWA', 'EC-4B321070FH755284D', 48, '2022-08-25', '2022-08-25', 10.00, '2022-08-25 08:33:49', '2022-08-25 08:33:49'),
(15, 1, 'PAYID-MMDUZLI0BV547199F7320716', 'A21AAJir1EAi-rXXoUmMQWxtYzQmDjNTdlNPBDNGX212n69zWz0JIegRmIlLFQH7oFVKm-k3Jlgc0Lr6u8p6pRKjHwmdVoYzA', 'EC-7PC701758G759221K', 64, '2022-08-28', '2022-08-31', 10.00, '2022-08-25 10:19:25', '2022-08-25 10:19:25'),
(16, 1, 'PAYID-MMDXJPA8AF776736N573841R', 'A21AAKoNMoUhBbtGd32qrd0m7mKoYj8RAQFvD5lsuDFohm08L4uYO1SjxMQM998noE-KajZL7BnWphMnb-_ltG-LaYf63JA4w', 'EC-17539258LX494845F', 48, '2022-08-25', '2022-08-25', 10.00, '2022-08-25 13:10:20', '2022-08-25 13:10:20'),
(17, 1, 'PAYID-MMEFRQA5XX01621PR855423P', 'A21AALSdE0om1WQ84zwcS2CZNhZ7NZx0g0mTu0xHuaOKNkFy2fNaLLEIBwuheiRRN-WydOG32u7SpvM-MmzisePE1GssrH7LQ', 'EC-6T053911ET225010L', 64, '2022-08-28', '2022-08-31', 10.00, '2022-08-26 05:23:12', '2022-08-26 05:23:12'),
(18, 1, 'PAYID-MMEFUKQ3J843016L9460405T', 'A21AALSdE0om1WQ84zwcS2CZNhZ7NZx0g0mTu0xHuaOKNkFy2fNaLLEIBwuheiRRN-WydOG32u7SpvM-MmzisePE1GssrH7LQ', 'EC-4JY07946NB9242845', 64, '2022-08-28', '2022-08-31', 10.00, '2022-08-26 05:29:15', '2022-08-26 05:29:15');

-- --------------------------------------------------------

--
-- Table structure for table `event_gallery`
--

CREATE TABLE `event_gallery` (
  `id` int(11) NOT NULL,
  `event_id` int(11) NOT NULL,
  `image` varchar(255) COLLATE utf8_unicode_ci NOT NULL,
  `status` int(11) NOT NULL,
  `created_at` datetime NOT NULL,
  `updated_at` timestamp NOT NULL DEFAULT current_timestamp() ON UPDATE current_timestamp()
) ENGINE=InnoDB DEFAULT CHARSET=utf8 COLLATE=utf8_unicode_ci;

--
-- Dumping data for table `event_gallery`
--

INSERT INTO `event_gallery` (`id`, `event_id`, `image`, `status`, `created_at`, `updated_at`) VALUES
(241, 62, '1661324721_pexels-chan-walrus-958545.jpg', 1, '2022-08-24 07:05:21', '2022-08-24 07:05:21'),
(242, 62, '1661324721_pexels-cottonbro-6466288.jpg', 1, '2022-08-24 07:05:21', '2022-08-24 07:05:21'),
(243, 62, '1661324721_pexels-daria-shevtsova-1528013.jpg', 1, '2022-08-24 07:05:21', '2022-08-24 07:05:21'),
(244, 62, '1661324721_pexels-hiteshkumar-koradiya-7793290.jpg', 1, '2022-08-24 07:05:21', '2022-08-24 07:05:21'),
(245, 62, '1661324721_pexels-julie-aagaard-2097090.jpg', 1, '2022-08-24 07:05:21', '2022-08-24 07:05:21'),
(246, 62, '1661324721_pexels-mentatdgt-1049622.jpg', 1, '2022-08-24 07:05:21', '2022-08-24 07:05:21'),
(247, 62, '1661324721_pexels-natalie-3371094.jpg', 1, '2022-08-24 07:05:21', '2022-08-24 07:05:21'),
(248, 62, '1661324721_pexels-photomix-company-95753.jpg', 1, '2022-08-24 07:05:21', '2022-08-24 07:05:21'),
(249, 62, '1661324721_pexels-photomix-company-226737.jpg', 1, '2022-08-24 07:05:21', '2022-08-24 07:05:21'),
(250, 62, '1661324721_pexels-pixabay-255501.jpg', 1, '2022-08-24 07:05:21', '2022-08-24 07:05:21'),
(251, 62, '1661324721_pexels-rajesh-tp-1633578.jpg', 1, '2022-08-24 07:05:21', '2022-08-24 07:05:21'),
(252, 62, '1661324721_pexels-trang-doan-1099680.jpg', 1, '2022-08-24 07:05:21', '2022-08-24 07:05:21'),
(253, 62, '1661324721_pexels-valeria-boltneva-1199957.jpg', 1, '2022-08-24 07:05:21', '2022-08-24 07:05:21'),
(254, 63, '1661329940_pexels-vincius-caricatte-2231755.jpg', 1, '2022-08-24 08:32:20', '2022-08-24 08:32:20'),
(255, 63, '1661329940_pexels-wendy-wei-1179581.jpg', 1, '2022-08-24 08:32:20', '2022-08-24 08:32:20'),
(256, 63, '1661329940_pexels-wendy-wei-1387174.jpg', 1, '2022-08-24 08:32:20', '2022-08-24 08:32:20'),
(257, 63, '1661329940_pexels-wendy-wei-1699160.jpg', 1, '2022-08-24 08:32:20', '2022-08-24 08:32:20'),
(258, 63, '1661329940_pexels-wendy-wei-1916817.jpg', 1, '2022-08-24 08:32:20', '2022-08-24 08:32:20'),
(259, 63, '1661329940_pexels-wendy-wei-1916819.jpg', 1, '2022-08-24 08:32:20', '2022-08-24 08:32:20'),
(260, 63, '1661329940_pexels-wouter-de-jong-750895.jpg', 1, '2022-08-24 08:32:20', '2022-08-24 08:32:20'),
(262, 61, '1661331512_unnamed.jpg', 1, '2022-08-24 08:58:32', '2022-08-24 08:58:32');

-- --------------------------------------------------------

--
-- Table structure for table `failed_jobs`
--

CREATE TABLE `failed_jobs` (
  `id` bigint(20) UNSIGNED NOT NULL,
  `uuid` varchar(255) COLLATE utf8mb4_unicode_ci NOT NULL,
  `connection` text COLLATE utf8mb4_unicode_ci NOT NULL,
  `queue` text COLLATE utf8mb4_unicode_ci NOT NULL,
  `payload` longtext COLLATE utf8mb4_unicode_ci NOT NULL,
  `exception` longtext COLLATE utf8mb4_unicode_ci NOT NULL,
  `failed_at` timestamp NOT NULL DEFAULT current_timestamp()
) ENGINE=InnoDB DEFAULT CHARSET=utf8mb4 COLLATE=utf8mb4_unicode_ci;

-- --------------------------------------------------------

--
-- Table structure for table `guestinfo`
--

CREATE TABLE `guestinfo` (
  `id` int(11) NOT NULL,
  `user_id` int(11) DEFAULT NULL,
  `hotel_id` int(11) DEFAULT NULL,
  `room_id` int(11) DEFAULT NULL,
  `tour_id` int(11) DEFAULT NULL,
  `space_id` int(11) DEFAULT NULL,
  `event_id` int(11) DEFAULT NULL,
  `email` varchar(255) COLLATE utf8_unicode_ci DEFAULT NULL,
  `first_name` varchar(255) COLLATE utf8_unicode_ci DEFAULT NULL,
  `last_name` varchar(255) COLLATE utf8_unicode_ci DEFAULT NULL,
  `mobile` varchar(50) COLLATE utf8_unicode_ci DEFAULT NULL,
  `status` int(11) NOT NULL,
  `created_date` datetime NOT NULL,
  `updated_date` timestamp NOT NULL DEFAULT current_timestamp() ON UPDATE current_timestamp()
) ENGINE=InnoDB DEFAULT CHARSET=utf8 COLLATE=utf8_unicode_ci;

--
-- Dumping data for table `guestinfo`
--

INSERT INTO `guestinfo` (`id`, `user_id`, `hotel_id`, `room_id`, `tour_id`, `space_id`, `event_id`, `email`, `first_name`, `last_name`, `mobile`, `status`, `created_date`, `updated_date`) VALUES
(1, NULL, 104, 74, NULL, NULL, NULL, 'pushpendrajha@gmail.com', 'Pushpendra', 'techs', '09179004123', 1, '2022-06-28 08:33:11', '2022-06-28 08:33:11'),
(2, NULL, 104, 74, NULL, NULL, NULL, 'pushpendrajha@gmail.com', 'Pushpendra', 'techs', '09179004123', 1, '2022-06-28 08:33:44', '2022-06-28 08:33:44'),
(3, NULL, 104, 74, NULL, NULL, NULL, 'pushpendrajha@gmail.com', 'Pushpendra', 'techs', '09179004123', 1, '2022-06-28 08:34:54', '2022-06-28 08:34:54'),
(4, NULL, 104, 74, NULL, NULL, NULL, 'pushpendrajha@gmail.com', 'Pushpendra', 'techs', '09179004123', 1, '2022-06-28 08:35:20', '2022-06-28 08:35:20'),
(5, NULL, 104, 74, NULL, NULL, NULL, 'pushpendrajha@gmail.com', 'Pushpendra', 'techs', '09179004123', 1, '2022-06-28 08:35:38', '2022-06-28 08:35:38'),
(6, NULL, 104, 74, NULL, NULL, NULL, 'pushpendrajha@gmail.com', 'Pushpendra', 'techs', '09179004123', 1, '2022-06-28 08:35:54', '2022-06-28 08:35:54'),
(7, NULL, 104, 74, NULL, NULL, NULL, 'pushpendrajha@gmail.com', 'Pushpendra', 'techs', '09179004123', 1, '2022-06-28 08:36:33', '2022-06-28 08:36:33'),
(8, NULL, 104, 74, NULL, NULL, NULL, 'pushpendrajha@gmail.com', 'Pushpendra', 'techs', '09179004123', 1, '2022-06-28 08:38:04', '2022-06-28 08:38:04'),
(9, NULL, 104, 74, NULL, NULL, NULL, 'pushpendrajha@gmail.com', 'Pushpendra', 'techs', '09179004123', 1, '2022-06-28 08:38:57', '2022-06-28 08:38:57'),
(10, NULL, 100, 55, NULL, NULL, NULL, 'votivephppushpendra@gmail.com', 'Pushpendra', 'techs', '6616630938', 1, '2022-06-28 08:54:44', '2022-06-28 08:54:44'),
(11, NULL, 118, 109, NULL, NULL, NULL, 'pushpendrajha@gmail.com', 'Pushpendra', 'techs', '09179004123', 1, '2022-06-28 13:15:53', '2022-06-28 13:15:53'),
(12, NULL, 100, 55, NULL, NULL, NULL, 'test@gmail.com', 'Pushpendra', 'techs', '09179004123', 1, '2022-06-30 10:28:18', '2022-06-30 10:28:18'),
(13, NULL, 100, 55, NULL, NULL, NULL, 'pushpendrajha@gmail.com', 'kanchan', 'techs', '09179004123', 1, '2022-06-30 12:02:01', '2022-06-30 12:02:01'),
(14, NULL, 100, 55, NULL, NULL, NULL, 'votivephppushpendra@gmail.com', 'sdfsdf', 'dfgfdhdg', '6616630938', 1, '2022-06-30 12:05:18', '2022-06-30 12:05:18'),
(15, NULL, 100, 55, NULL, NULL, NULL, 'pushpendrajha@gmail.com', 'Pushpendra', 'techs', '09179004123', 1, '2022-06-30 12:35:48', '2022-06-30 12:35:48'),
(16, NULL, 118, 107, NULL, NULL, NULL, 'votivephp.rahulraj@gmail.com', 'rahulraj', 'solanki', '0942509544', 1, '2022-06-30 13:06:27', '2022-06-30 13:06:27'),
(17, NULL, 118, 107, NULL, NULL, NULL, 'votivephp.rahulraj@gmail.com', 'rahulraj', 'solanki', '0942509544', 1, '2022-06-30 13:08:52', '2022-06-30 13:08:52'),
(18, NULL, 118, 107, NULL, NULL, NULL, 'votivephp.rahulraj@gmail.com', 'Rahul', 'Solanki', '912345698745', 1, '2022-07-01 06:36:07', '2022-07-01 06:36:07'),
(19, NULL, 80, 110, NULL, NULL, NULL, 'votivephp.rahulraj@gmail.com', 'rahul', 'solanki', '0942509544', 1, '2022-07-02 10:21:06', '2022-07-02 10:21:06'),
(20, NULL, 80, 110, NULL, NULL, NULL, 'votivephp.rahulraj@gmail.com', 'rahul', 'solanki', '0942509544', 1, '2022-07-02 10:22:01', '2022-07-02 10:22:01'),
(21, NULL, 92, 39, NULL, NULL, NULL, 'votivephp.rahulraj@gmail.com', 'rahul', 'solanki', '0942509544', 1, '2022-07-05 07:07:07', '2022-07-05 07:07:07'),
(22, NULL, 95, 76, NULL, NULL, NULL, 'votivephp.rahulraj@gmail.com', 'rahul', 'solanki', '0942509544', 1, '2022-07-05 10:46:22', '2022-07-05 10:46:22'),
(23, NULL, 95, 84, NULL, NULL, NULL, 'votivephp.rahulraj@gmail.com', 'rahul', 'solanki', '0942509544', 1, '2022-07-05 10:59:07', '2022-07-05 10:59:07'),
(24, NULL, 80, 46, NULL, NULL, NULL, 'votivetester.saurabh@gmail.com', 'aa', 'sfd', '7418529875', 1, '2022-07-06 09:15:56', '2022-07-06 09:15:56'),
(25, NULL, 80, 46, NULL, NULL, NULL, 'votivetester.saurabh@gmail.com', 'srb', 'shu', '9874569874', 1, '2022-07-06 12:10:12', '2022-07-06 12:10:12'),
(26, NULL, 80, 46, NULL, NULL, NULL, 'votivetester.saurabh@gmail.com', 'srb', 'shu', '9874569874', 1, '2022-07-06 12:10:30', '2022-07-06 12:10:30'),
(27, NULL, 80, 46, NULL, NULL, NULL, 'votivetester.surabh@gmail.com', 'srb', 'shu', '9874569874', 1, '2022-07-06 13:13:03', '2022-07-06 13:13:03'),
(28, NULL, 80, 46, NULL, NULL, NULL, 'gffdgf', 'fgfggh', 'fdffg', '9874569874', 1, '2022-07-07 07:23:18', '2022-07-07 07:23:18'),
(29, NULL, 80, 46, NULL, NULL, NULL, 'votivetester.saurabh@gmail.com', 'srb', 'shu', '9874569874', 1, '2022-07-07 08:49:50', '2022-07-07 08:49:50'),
(30, NULL, 80, 46, NULL, NULL, NULL, 'votivetester.saurabh@gmail.com', 'srb', 'sh', '9874569874', 1, '2022-07-07 09:22:10', '2022-07-07 09:22:10'),
(31, NULL, 80, 46, NULL, NULL, NULL, 'votivephp.rahulraj@gmail.com', 'rahul', 'solanki', '0942509544', 1, '2022-07-07 09:25:40', '2022-07-07 09:25:40'),
(32, NULL, 100, 55, NULL, NULL, NULL, 'votivephp.rahulraj@gmail.com', 'rahul', 'solanki', '0942509544', 1, '2022-07-07 09:26:48', '2022-07-07 09:26:48'),
(33, NULL, 100, 55, NULL, NULL, NULL, 'votivephp.rahulraj@gmail.com', 'rahul', 'solanki', '0942509544', 1, '2022-07-07 09:57:51', '2022-07-07 09:57:51'),
(34, NULL, 80, 46, NULL, NULL, NULL, 'votivetester.saurabh@gmail.com', 'srb', 'sahu', '9874562584', 1, '2022-07-08 08:53:20', '2022-07-08 08:53:20'),
(35, NULL, 80, 46, NULL, NULL, NULL, 'ssnothinginlife@gmail.com', 'srb', 'sahu', '9874562585', 1, '2022-07-08 09:01:01', '2022-07-08 09:01:01'),
(36, NULL, 80, 46, NULL, NULL, NULL, 'ssnothinginlife@gmail.com', 'srbh', 'sahu', '6958456985', 1, '2022-07-08 09:20:14', '2022-07-08 09:20:14'),
(37, NULL, 80, 110, NULL, NULL, NULL, 'ssnothinginlife@gmail.com', 'srv', 'sahu', '7485698258', 1, '2022-07-08 09:35:28', '2022-07-08 09:35:28'),
(38, NULL, 80, 46, NULL, NULL, NULL, 'ssnothinginlife@gmail.com', 'srv', 'sahu', '9874561475', 1, '2022-07-08 09:44:16', '2022-07-08 09:44:16'),
(39, NULL, 80, 46, NULL, NULL, NULL, 'votivephppushpendra@gmail.com', 'Pushpendra', 'jha', '6616630938', 1, '2022-07-08 09:45:29', '2022-07-08 09:45:29'),
(40, NULL, 82, 40, NULL, NULL, NULL, 'pushpendra88@gmail.com', 'pushpendra', 'Last', '9179004123', 1, '2022-07-08 11:00:16', '2022-07-08 11:00:16'),
(41, NULL, 82, 61, NULL, NULL, NULL, 'pushpendrajha@gmail.com', 'pushpendra', 'jha', '1234567890', 1, '2022-07-08 11:08:40', '2022-07-08 11:08:40'),
(42, NULL, 80, 110, NULL, NULL, NULL, 'votivetester.saurabh@gmail.com', 'srb', 'sahu', '9874856598', 1, '2022-07-08 12:15:33', '2022-07-08 12:15:33'),
(43, NULL, 80, 110, NULL, NULL, NULL, 'votivephp.rahulraj@gmail.com', 'rahul', 'solanki', '0942509544', 1, '2022-07-08 12:54:06', '2022-07-08 12:54:06'),
(44, NULL, 80, 46, NULL, NULL, NULL, 'votivephp.rahulraj@gmail.com', 'rahul', 'solanki', '0942509544', 1, '2022-07-08 12:54:36', '2022-07-08 12:54:36'),
(45, NULL, 100, 55, NULL, NULL, NULL, 'votivephp.rahulraj@gmail.com', 'rahul', 'solanki', '0942509544', 1, '2022-07-08 12:58:02', '2022-07-08 12:58:02'),
(46, NULL, 222, 269, NULL, NULL, NULL, 'vovds@gsd', 'sdfsd', 'sdfsd', '64654654654', 1, '2022-07-09 13:53:45', '2022-07-09 13:53:45'),
(47, NULL, 118, 108, NULL, NULL, NULL, 'sdfsd@dfgdfgdf', 'dfgdfg', 'dfgdfg', '2323131313', 1, '2022-07-10 04:52:45', '2022-07-10 04:52:45'),
(48, NULL, 82, 40, NULL, NULL, NULL, 'votivetester.surabh@gmail.com', 'srb', 'sahu', '9874856958', 1, '2022-07-11 06:11:39', '2022-07-11 06:11:39'),
(49, NULL, 92, 39, NULL, NULL, NULL, 'pushpendrajha88@gmail.com', 'pushpendra', 'jha', '9179004123', 1, '2022-07-11 06:12:09', '2022-07-11 06:12:09'),
(50, NULL, 95, 193, NULL, NULL, NULL, 'votivephone.sanjay@gmail.com', 'sanjay', 'phone', '4565412212', 1, '2022-07-11 06:20:09', '2022-07-11 06:20:09'),
(51, NULL, 100, 199, NULL, NULL, NULL, 'votivephp.rahulraj@gmail.com', 'rahul', 'solanki', '942509544', 1, '2022-07-11 06:29:15', '2022-07-11 06:29:15'),
(52, NULL, 225, 274, NULL, NULL, NULL, 'votivetester.saurabh@gmail.com', 'SRB', 'SAHU', '74859874', 1, '2022-07-11 06:55:47', '2022-07-11 06:55:47'),
(53, NULL, 226, 275, NULL, NULL, NULL, 'votivetester.saurabh@gmail.com', 'srb', 'sahu', '9874895875', 1, '2022-07-11 06:59:09', '2022-07-11 06:59:09'),
(54, NULL, 227, 276, NULL, NULL, NULL, 'votivephp.rahulraj@gmail.com', 'rahul', 'solanki', '942509544', 1, '2022-07-11 07:13:52', '2022-07-11 07:13:52'),
(55, NULL, 228, 277, NULL, NULL, NULL, 'votivephp.rahulraj@gmail.com', 'rahul booked admin room', 'solanki', '942509544', 1, '2022-07-11 07:28:38', '2022-07-11 07:28:38'),
(56, NULL, 100, 199, NULL, NULL, NULL, 'pushpendrajha88@gmail.com', 'Pushpendra', 'jha', '9179004123', 1, '2022-07-11 09:01:42', '2022-07-11 09:01:42'),
(57, NULL, 104, 66, NULL, NULL, NULL, 'pushpendrajha88@gmail.com', 'Pushpendra', 'Jha', '6616630938', 1, '2022-07-11 09:16:28', '2022-07-11 09:16:28'),
(58, NULL, 82, 40, NULL, NULL, NULL, 'votivetester.saurabh@gmail.com', 'srb', 'sahu', '7498857485', 1, '2022-07-11 09:46:34', '2022-07-11 09:46:34'),
(59, NULL, 225, 274, NULL, NULL, NULL, 'votivetester.saurabh@gmail.com', 'srb', 'sahu', '8574987485', 1, '2022-07-11 10:04:42', '2022-07-11 10:04:42'),
(60, NULL, 226, 275, NULL, NULL, NULL, 'votivephp.rahulraj@gmail.com', 'rahul', 'solanki', '942509544', 1, '2022-07-11 10:19:53', '2022-07-11 10:19:53'),
(61, NULL, 225, 274, NULL, NULL, NULL, 'votivetester.saurabh@gmail.com', 'srb', 'sahu', '9874569874', 1, '2022-07-11 10:44:16', '2022-07-11 10:44:16'),
(62, NULL, 227, 276, NULL, NULL, NULL, 'pushpendrajha88@gmail.com', 'pushpendra', 'jha', '97894563210', 1, '2022-07-11 11:36:06', '2022-07-11 11:36:06'),
(63, NULL, 227, 276, NULL, NULL, NULL, 'pushpendrajha88@gmail.com', 'Pushpendra', 'jha', '9179004123', 1, '2022-07-11 11:58:55', '2022-07-11 11:58:55'),
(64, NULL, 228, 277, NULL, NULL, NULL, 'pushpendrajha88@gmail.com', 'Pushpendra', 'Jha', '6616630938', 1, '2022-07-11 12:08:32', '2022-07-11 12:08:32'),
(65, NULL, 82, 40, NULL, NULL, NULL, 'votivetester.saurabh@gmail.com', 'srb', 'sahu', '7485698258', 1, '2022-07-11 12:09:09', '2022-07-11 12:09:09'),
(66, NULL, 100, 55, NULL, NULL, NULL, 'votivetester.saurabh@gmail.com', 'saurabh', 'sahu', '7485987458', 1, '2022-07-11 12:15:02', '2022-07-11 12:15:02'),
(67, NULL, 118, 108, NULL, NULL, NULL, 'pushpendrajha88@gmail.com', 'Pushpendra', 'techs', '6616630938', 1, '2022-07-11 12:17:24', '2022-07-11 12:17:24'),
(68, NULL, 108, 198, NULL, NULL, NULL, 'pushpendrajha88@gmail.com', 'Pushpendra', 'Jha', '6616630938', 1, '2022-07-11 12:23:25', '2022-07-11 12:23:25'),
(69, NULL, 82, 40, NULL, NULL, NULL, 'pushpendrajha88@gmail.com', 'Pushpendra', 'Jha', '6616630938', 1, '2022-07-11 12:33:23', '2022-07-11 12:33:23'),
(70, NULL, 82, 40, NULL, NULL, NULL, 'pushpendrajha@gmail.com', 'Pushpendra', 'techs', '09179004123', 1, '2022-07-11 12:45:04', '2022-07-11 12:45:04'),
(71, NULL, 82, 40, NULL, NULL, NULL, 'pushpendrajha88@gmail.com', 'Pushpendra', 'techs', '6616630938', 1, '2022-07-11 12:49:51', '2022-07-11 12:49:51'),
(72, NULL, 82, 40, NULL, NULL, NULL, 'pushpendrajha88@gmail.com', 'Pushpendra', 'techs', '6616630938', 1, '2022-07-11 12:54:37', '2022-07-11 12:54:37'),
(73, NULL, 82, 40, NULL, NULL, NULL, 'pushpendrajha88@gmail.com', 'Pushpendra', 'techs', '6616630938', 1, '2022-07-11 13:00:15', '2022-07-11 13:00:16'),
(74, NULL, 82, 136, NULL, NULL, NULL, 'pushpendrajha88@gmail.com', 'Pushpendra', '112', '6616630938', 1, '2022-07-11 13:04:04', '2022-07-11 13:04:04'),
(75, NULL, 95, 76, NULL, NULL, NULL, 'pushpendrajha88@gmail.com', 'Pushpendra', 'techs', '6616630938', 1, '2022-07-11 13:10:36', '2022-07-11 13:10:36'),
(76, NULL, 95, 76, NULL, NULL, NULL, 'pushpendrajha88@gmail.com', 'Pushpendra', 'techs', '6616630938', 1, '2022-07-11 13:15:31', '2022-07-11 13:15:31'),
(77, NULL, 228, 282, NULL, NULL, NULL, 'votivephp.rahulraj@gmail.com', 'rahul', 'solanki', '942509544', 1, '2022-07-12 06:53:10', '2022-07-12 06:53:10'),
(78, NULL, 95, 84, NULL, NULL, NULL, 'votivephp.rahulraj@gmail.com', 'rahul', 'solanki', '942509544', 1, '2022-07-12 06:57:13', '2022-07-12 06:57:13'),
(79, NULL, 108, 87, NULL, NULL, NULL, 'pushpendrajha88@gmail.com', 'Pushpendra', 'Jha', '6616630938', 1, '2022-07-12 09:34:08', '2022-07-12 09:34:08'),
(80, NULL, 108, 87, NULL, NULL, NULL, 'pushpendrajha@gmail.com', 'Pushpendra', 'techs', '09179004123', 1, '2022-07-12 09:41:42', '2022-07-12 09:41:42'),
(81, NULL, 118, 107, NULL, NULL, NULL, 'pushpendrajha@gmail.com', 'Pushpendra', 'techs', '09179004123', 1, '2022-07-12 09:47:13', '2022-07-12 09:47:13'),
(82, NULL, 108, 87, NULL, NULL, NULL, 'pushpendrajha88@gmail.com', 'Pushpendra', 'techs', '6616630938', 1, '2022-07-12 09:52:42', '2022-07-12 09:52:42'),
(83, NULL, 92, 39, NULL, NULL, NULL, 'votivetester.saurabh@gmail.com', 'srb', 'sahu', '9874562585', 1, '2022-07-13 05:04:35', '2022-07-13 05:04:35'),
(84, NULL, 225, 274, NULL, NULL, NULL, 'votivetester.saurabh@gmail.com', 'srb', 'sahu', '7418529875', 1, '2022-07-13 05:06:19', '2022-07-13 05:06:19'),
(85, NULL, 240, 299, NULL, NULL, NULL, 'votivetester.saurabh@gmail.com', 'srb', 'sahu', '9874125864', 1, '2022-07-13 06:30:03', '2022-07-13 06:30:03'),
(86, NULL, 239, 301, NULL, NULL, NULL, 'votivetester.saurabh@gmail.com', 'srb', 'SAHU', '6958456985', 1, '2022-07-13 08:48:54', '2022-07-13 08:48:54'),
(87, NULL, 239, 303, NULL, NULL, NULL, 'votivetester.saurabh@gmail.com', 'srb', 'sahu', '9874569874', 1, '2022-07-13 09:41:43', '2022-07-13 09:41:43'),
(88, NULL, 239, 303, NULL, NULL, NULL, 'votivetester.saurabh@gmail.com', 'srb', 'sahu', '9874105879', 1, '2022-07-13 12:46:20', '2022-07-13 12:46:20'),
(89, NULL, 239, 320, NULL, NULL, NULL, 'votivetester.saurabh@gmail.com', 'srb', 'sahu', '9874125698', 1, '2022-07-14 06:00:36', '2022-07-14 06:00:36'),
(90, NULL, 239, 329, NULL, NULL, NULL, 'votivetester.saurabh@gmail.com', 'srb', 'sahu', '9874589694', 1, '2022-07-14 09:09:52', '2022-07-14 09:09:52'),
(91, NULL, 148, 287, NULL, NULL, NULL, 'votivetester.saurabh@gmail.com', 'srb', 'sahu', '9874562584', 1, '2022-07-15 05:59:00', '2022-07-15 05:59:00'),
(92, NULL, 148, 287, NULL, NULL, NULL, 'votivetester.saurabh@gmail.com', 'srb', 'sahu', '9874562584', 1, '2022-07-15 05:59:02', '2022-07-15 05:59:02'),
(93, NULL, 92, 39, NULL, NULL, NULL, 'votivetester.saurabh@gmail.com', 'srb', 'sahu', '9874561475', 1, '2022-07-16 05:30:22', '2022-07-16 05:30:22'),
(94, NULL, 226, 275, NULL, NULL, NULL, 'votivetester.saurabh@gmail.com', 'saurabh', 'sahu', '1472589874', 1, '2022-07-16 09:37:47', '2022-07-16 09:37:47'),
(95, NULL, 95, 118, NULL, NULL, NULL, 'votivetester.saurabh@gmail.com', 'saurabh', 'sahu', '7898412536', 1, '2022-07-19 04:58:54', '2022-07-19 04:58:54'),
(96, NULL, 281, 379, NULL, NULL, NULL, 'votivetester.saurabh@gmail.com', 'saurabh', 'sahu', '1245789858', 1, '2022-07-19 05:19:21', '2022-07-19 05:19:21'),
(97, NULL, 281, 382, NULL, NULL, NULL, 'votivetester.saurabh@gmail.com', 'srb', 'sahu', '9887456598', 1, '2022-07-19 05:31:13', '2022-07-19 05:31:13'),
(98, NULL, 281, 383, NULL, NULL, NULL, 'votivetester.saurabh@gmail.com', 'saurabh', 'sahu', '9874562584', 1, '2022-07-19 05:32:41', '2022-07-19 05:32:41'),
(99, NULL, 100, 55, NULL, NULL, NULL, 'votivetester.saurabh@gmail.com', 'saurabh', 'sahu', '9874562584', 1, '2022-07-19 05:38:36', '2022-07-19 05:38:36'),
(100, NULL, 104, 389, NULL, NULL, NULL, 'votivetester.saurabh@gmail.com', 'srb', 'sahu', '9874545869', 1, '2022-07-19 08:49:11', '2022-07-19 08:49:11'),
(101, NULL, 281, 382, NULL, NULL, NULL, 'votivetester.saurabh@gmail.com', 'srb', 'sahu', '9874562584', 1, '2022-07-20 05:23:23', '2022-07-20 05:23:23'),
(102, NULL, 92, 39, NULL, NULL, NULL, 'votivetester.saurabh@gmail.com', 'srb', 'sahu', '9874562584', 1, '2022-07-22 05:29:05', '2022-07-22 05:29:05'),
(103, NULL, 281, 383, NULL, NULL, NULL, 'votivetester.saurabh@gmail.com', 'srb', 'sahu', '9874562584', 1, '2022-07-22 10:55:36', '2022-07-22 10:55:36'),
(104, NULL, 281, 382, NULL, NULL, NULL, 'votivetester.saurabh@gmail.com', 'srb', 'sahu', '9874562584', 1, '2022-07-25 07:24:27', '2022-07-25 07:24:27'),
(105, NULL, 302, 458, NULL, NULL, NULL, 'votivephp.rahulraj@gmail.com', 'rahul', 'solanki', '942509544', 1, '2022-07-25 11:40:54', '2022-07-25 11:40:54'),
(106, NULL, 302, 458, NULL, NULL, NULL, 'votivephp.rahulraj@gmail.com', 'rahul', 'solanki', '942509544', 1, '2022-07-25 11:40:55', '2022-07-25 11:40:55'),
(107, NULL, 281, 383, NULL, NULL, NULL, 'votivetester.saurabh@gmail.com', 'srb', 'sahu', '7412583698', 1, '2022-07-26 08:29:11', '2022-07-26 08:29:11'),
(108, NULL, 281, 384, NULL, NULL, NULL, 'votivetester.saurabh@gmail.com', 'srb', 'sahu', '9874562584', 1, '2022-07-26 10:03:05', '2022-07-26 10:03:05'),
(109, NULL, 281, 385, NULL, NULL, NULL, 'votivetester.saurabh@gmail.com', 'srb', 'sahu', '9874561475', 1, '2022-07-26 10:07:58', '2022-07-26 10:07:58'),
(110, NULL, 281, 382, NULL, NULL, NULL, 'votivetester.saurabh@gmail.com', 'srb', 'sahu', '9874562584', 1, '2022-07-27 06:14:41', '2022-07-27 06:14:41'),
(111, NULL, 327, 508, NULL, NULL, NULL, 'votivetester.saurabh@gmail.com', 'srb', 'sahu', '9874562584', 1, '2022-07-27 09:03:40', '2022-07-27 09:03:40'),
(112, NULL, 281, 445, NULL, NULL, NULL, 'votivetester.saurabh@gmail.com', 'srb', 'sahu', '9874561478', 1, '2022-07-27 09:08:52', '2022-07-27 09:08:52'),
(113, NULL, 92, 39, NULL, NULL, NULL, 'votivephp.rahulraj@gmail.com', 'rahul', 'raj', '24568790987', 1, '2022-07-27 10:32:42', '2022-07-27 10:32:42'),
(114, NULL, 100, 199, NULL, NULL, NULL, 'votiverahul.raj@gmail.com', 'Rahul', 'Raj', '92345678890', 1, '2022-07-27 10:47:23', '2022-07-27 10:47:23'),
(115, NULL, 92, 523, NULL, NULL, NULL, 'votivetester.saurabh@gmail.com', 'srb', 'sahu', '9874562587', 1, '2022-07-28 05:29:24', '2022-07-28 05:29:24'),
(116, NULL, 92, 523, NULL, NULL, NULL, 'votivetester.saurabh@gmail.com', 'saurabh', 'sahu', '6547891478', 1, '2022-07-28 06:55:40', '2022-07-28 06:55:40'),
(117, NULL, 281, 383, NULL, NULL, NULL, 'votivetester.saurabh@gmail.com', 'srb', 'sahu', '9874562587', 1, '2022-07-28 10:29:47', '2022-07-28 10:29:47'),
(118, NULL, 92, 39, NULL, NULL, NULL, 'votivetester.saurabh@gmail.com', 'saurabh', 'sahu', '7412589874', 1, '2022-07-29 07:20:36', '2022-07-29 07:20:36'),
(119, NULL, NULL, NULL, 54, NULL, NULL, 'pushpendrajha88@gmail.com', 'Pushpendra', 'Kha', '7845454545', 1, '2022-07-29 10:58:24', '2022-07-29 10:58:24'),
(120, NULL, NULL, NULL, 54, NULL, NULL, 'pushpendrajha88@gmail.com', 'Pushpendra', 'Kha', '7845454545', 1, '2022-07-29 10:59:26', '2022-07-29 10:59:26'),
(121, NULL, 311, 479, NULL, NULL, NULL, 'ayesharoadnstay@gmail.com', 'Ayesha', 'Zahid', '1234567890', 1, '2022-07-29 12:05:18', '2022-07-29 12:05:18'),
(122, NULL, NULL, NULL, 52, NULL, NULL, 'votivetester.saurabh@gmail.com', 'saurabh', 'sahu', '7412583698', 1, '2022-07-29 12:49:14', '2022-07-29 12:49:14'),
(123, NULL, 92, 39, NULL, NULL, NULL, 'votivetester.saurabh@gmail.com', 'saurabh', 'sahu', '7412589874', 1, '2022-07-29 13:01:01', '2022-07-29 13:01:01'),
(124, NULL, NULL, NULL, 51, NULL, NULL, 'votivetester.saurabh@gmail.com', 'srb', 'sahu', '9874562584', 1, '2022-07-29 13:03:41', '2022-07-29 13:03:41'),
(125, NULL, NULL, NULL, 17, NULL, NULL, 'votivetester.saurabh@gmail.com', 'saurabh', 'sahu', '7412589874', 1, '2022-07-30 05:31:35', '2022-07-30 05:31:35'),
(126, NULL, NULL, NULL, 17, NULL, NULL, 'votivetester.saurabh@gmail.com', 'saurabh', 'sahu', '7412589874', 1, '2022-07-30 05:31:54', '2022-07-30 05:31:54'),
(127, NULL, NULL, NULL, 17, NULL, NULL, 'votivetester.saurabh@gmail.com', 'saurabh', 'sahu', '7412589874', 1, '2022-07-30 05:36:33', '2022-07-30 05:36:33'),
(128, NULL, NULL, NULL, 54, NULL, NULL, 'votivephp.rahulraj@gmail.com', 'rahul', 'votivephp', '942509544', 1, '2022-07-30 05:53:09', '2022-07-30 05:53:09'),
(129, NULL, NULL, NULL, 73, NULL, NULL, 'votivephp.rahulraj@gmail.com', 'rahul', 'votivephp', '942509544', 1, '2022-07-30 06:39:01', '2022-07-30 06:39:02'),
(130, NULL, NULL, NULL, NULL, 297, NULL, 'votivephp.rahulraj@gmail.com', 'rahul', 'solanki', '942509544', 1, '2022-07-30 07:09:53', '2022-07-30 07:09:53'),
(131, NULL, 92, 39, NULL, NULL, NULL, 'votivetester.saurabh@gmail.com', 'saurabh', 'sahu', '7412583694', 1, '2022-07-30 09:51:09', '2022-07-30 09:51:09'),
(132, NULL, NULL, NULL, NULL, 297, NULL, 'votivephp.rahulraj@gmail.com', 'rahul', 'solanki', '942509544', 1, '2022-07-30 10:05:33', '2022-07-30 10:05:33'),
(133, NULL, NULL, NULL, 19, NULL, NULL, 'votivetester.saurabh@gmail.com', 'saurabh', 'sahu', '7412589874', 1, '2022-07-30 10:08:16', '2022-07-30 10:08:16'),
(134, NULL, 92, 39, NULL, NULL, NULL, 'votivetester.saurabh@gmail.com', 'saurabh', 'sahu', '7441258987', 1, '2022-07-30 11:42:09', '2022-07-30 11:42:09'),
(135, NULL, NULL, NULL, NULL, 297, NULL, 'votivephp.rahulraj@gmail.com', 'rahul', 'solanki', '942509544', 1, '2022-07-30 11:42:36', '2022-07-30 11:42:36'),
(136, NULL, NULL, NULL, 50, NULL, NULL, 'votivetester.saurabh@gmail.com', 'srb', 'sahu', '7412583697', 1, '2022-07-30 11:46:43', '2022-07-30 11:46:43'),
(137, NULL, NULL, NULL, 73, NULL, NULL, 'votivetester.saurabh@gmail.com', 'saurabh', 'sahu', '7412583694', 1, '2022-07-30 11:48:30', '2022-07-30 11:48:30'),
(138, NULL, NULL, NULL, 73, NULL, NULL, 'votivephp.rahulraj@gmail.com', 'rahul', 'votivephp', '942509544', 1, '2022-07-30 11:59:03', '2022-07-30 11:59:03'),
(139, NULL, NULL, NULL, NULL, 362, NULL, 'votivephp.rahulraj@gmail.com', 'rahul', 'solanki', '942509544', 1, '2022-07-30 12:03:48', '2022-07-30 12:03:48'),
(140, NULL, NULL, NULL, NULL, 362, NULL, 'votivephp.rahulraj@gmail.com', 'rahul', 'solanki', '942509544', 1, '2022-07-30 12:12:52', '2022-07-30 12:12:52'),
(141, NULL, NULL, NULL, NULL, 362, NULL, 'votivephp.rahulraj@gmail.com', 'rahul', 'solanki', '942509544', 1, '2022-07-30 12:15:19', '2022-07-30 12:15:19'),
(142, NULL, NULL, NULL, 18, NULL, NULL, 'votivetester.saurabh@gmail.com', 'saurabh', 'sahu', '7412583694', 1, '2022-07-30 12:18:00', '2022-07-30 12:18:00'),
(143, NULL, NULL, NULL, NULL, 362, NULL, 'votivephp.rahulraj@gmail.com', 'rahul', 'solanki', '942509544', 1, '2022-07-30 12:18:29', '2022-07-30 12:18:29'),
(144, NULL, 92, 39, NULL, NULL, NULL, 'votivetester.saurabh@gmail.com', 'saurabh', 'sahu', '7412589874', 1, '2022-07-30 12:24:36', '2022-07-30 12:24:36'),
(145, NULL, NULL, NULL, NULL, 362, NULL, 'votivephp.rahulraj@gmail.com', 'rahul', 'solanki', '942509544', 1, '2022-07-30 12:27:20', '2022-07-30 12:27:20'),
(146, NULL, NULL, NULL, NULL, 297, NULL, 'votivtester.saurabh@gmail.com', 'saurabh', 'sahu', '7412585897', 1, '2022-07-30 12:29:50', '2022-07-30 12:29:50'),
(147, NULL, NULL, NULL, 53, NULL, NULL, 'votivetester.saurabh@gmail.com', 'saurabh', 'sahu', '7412589874', 1, '2022-07-30 12:31:38', '2022-07-30 12:31:38'),
(148, NULL, NULL, NULL, 54, NULL, NULL, 'votivetester.saurabh@gmail.com', 'saurabh', 'sahu', '7415898745', 1, '2022-07-30 12:37:32', '2022-07-30 12:37:32'),
(149, NULL, NULL, NULL, NULL, 362, NULL, 'votivephp.rahulraj@gmail.com', 'rahul', 'solanki', '942509544', 1, '2022-07-30 12:39:44', '2022-07-30 12:39:44'),
(150, NULL, NULL, NULL, NULL, 362, NULL, 'votivephp.rahulraj@gmail.com', 'rahul', 'solanki', '942509544', 1, '2022-07-30 12:41:50', '2022-07-30 12:41:50'),
(151, NULL, NULL, NULL, 52, NULL, NULL, 'votivetester.saurabh@gmail.com', 'saurabh', 'sahu', '7412583698', 1, '2022-07-30 12:44:38', '2022-07-30 12:44:38'),
(152, NULL, NULL, NULL, 54, NULL, NULL, 'votivetester.saurabh@gmail.com', 'saurabh', 'sahu', '7412589874', 1, '2022-07-30 12:50:38', '2022-07-30 12:50:38'),
(153, NULL, NULL, NULL, NULL, 362, NULL, 'votivephp.rahulraj@gmail.com', 'rahul', 'solanki', '942509544', 1, '2022-07-30 12:51:27', '2022-07-30 12:51:27'),
(154, NULL, NULL, NULL, NULL, 362, NULL, 'votivephp.rahulraj@gmail.com', 'rahul', 'solanki', '942509544', 1, '2022-07-30 12:55:08', '2022-07-30 12:55:08'),
(155, NULL, NULL, NULL, NULL, 362, NULL, 'votivephp.rahulraj@gmail.com', 'rahul', 'solanki', '942509544', 1, '2022-07-30 12:56:30', '2022-07-30 12:56:30'),
(156, NULL, NULL, NULL, NULL, 362, NULL, 'votivephp.rahulraj@gmail.com', 'rahul', 'solanki', '942509544', 1, '2022-07-30 12:57:35', '2022-07-30 12:57:35'),
(157, NULL, NULL, NULL, NULL, 362, NULL, 'votivephp.rahulraj@gmail.com', 'rahul', 'solanki', '942509544', 1, '2022-07-30 12:59:49', '2022-07-30 12:59:49'),
(158, NULL, NULL, NULL, 52, NULL, NULL, 'votivetester.saurabh@gmail.com', 'saurabh', 'sahu', '7412583698', 1, '2022-07-30 13:05:39', '2022-07-30 13:05:39'),
(159, NULL, NULL, NULL, NULL, 272, NULL, 'votivetester.saurabh@gmail.com', 'srb', 'sahu', '7412589874', 1, '2022-07-30 13:10:40', '2022-07-30 13:10:40'),
(160, NULL, 92, 39, NULL, NULL, NULL, 'votivetester.saurabh@gmail.com', 'saurabh', 'sahu', '7412589974', 1, '2022-07-30 13:14:33', '2022-07-30 13:14:33'),
(161, NULL, NULL, NULL, NULL, 270, NULL, 'votivetester.saurabh@gmail.com', 'saurabh', 'SAHU', '9874562584', 1, '2022-07-30 13:25:16', '2022-07-30 13:25:16'),
(162, NULL, NULL, NULL, 53, NULL, NULL, 'votivetester.saurabh@gmail.com', 'srb', 'sahu', '7412589874', 1, '2022-07-30 13:26:57', '2022-07-30 13:26:57'),
(163, NULL, NULL, NULL, NULL, 270, NULL, 'votivetester.saurabh@gmail.com', 'saurabh', 'sahu', '7412583694', 1, '2022-07-30 13:28:03', '2022-07-30 13:28:03'),
(164, NULL, 92, 39, NULL, NULL, NULL, 'votivetester.saurabh@gmail.com', 'saurabh', 'sahu', '7412589874', 1, '2022-08-01 04:57:26', '2022-08-01 04:57:26'),
(165, NULL, NULL, NULL, 54, NULL, NULL, 'votivetester.saurabh@gmail.com', 'saurabh', 'sahu', '9874562554', 1, '2022-08-01 05:01:46', '2022-08-01 05:01:46'),
(166, NULL, NULL, NULL, 54, NULL, NULL, 'votivetester.saurabh@gmail.com', 'saurabh', 'sahu', '9874562554', 1, '2022-08-01 05:01:56', '2022-08-01 05:01:56'),
(167, NULL, NULL, NULL, NULL, 375, NULL, 'votivetester.saurabh@gmail.com', 'saurabh', 'sahu', '7412589874', 1, '2022-08-01 05:06:34', '2022-08-01 05:06:34'),
(168, NULL, NULL, NULL, 20, NULL, NULL, 'votivetester.saurabh@gmail.com', 'saurabh', 'sahu', '7412589874', 1, '2022-08-01 06:18:48', '2022-08-01 06:18:48'),
(169, NULL, 281, 382, NULL, NULL, NULL, 'votivetester.saurabh@gmail.com', 'SAURABH', 'SAHU', '9874562587', 1, '2022-08-01 06:30:13', '2022-08-01 06:30:13'),
(170, NULL, NULL, NULL, 73, NULL, NULL, 'votivetester.saurabh@gmail.com', 'SAURABH', 'SAHU', '9874562587', 1, '2022-08-01 06:31:20', '2022-08-01 06:31:20'),
(171, NULL, NULL, NULL, NULL, 272, NULL, 'votivetester.saurabh@gmail.com', 'saurabh', 'SAHU', '7412589874', 1, '2022-08-01 06:32:39', '2022-08-01 06:32:39'),
(172, NULL, NULL, NULL, NULL, 272, NULL, 'votivephp.rahulraj@gmail.com', 'rahul', 'solanki', '942509544', 1, '2022-08-01 08:29:09', '2022-08-01 08:29:09'),
(173, NULL, NULL, NULL, 54, NULL, NULL, 'votivetester.saurabh@gmail.com', 'SAURABH', 'SAHU', '9874562584', 1, '2022-08-01 08:45:19', '2022-08-01 08:45:19'),
(174, NULL, NULL, NULL, 53, NULL, NULL, 'votivetester.saurabh@gmail.com', 'srb', 'sahu', '9874562587', 1, '2022-08-01 08:46:59', '2022-08-01 08:46:59'),
(175, NULL, NULL, NULL, 54, NULL, NULL, 'votivetester.saurabh@gmail.com', 'SAURABH', 'SAHU', '9874562547', 1, '2022-08-01 08:48:29', '2022-08-01 08:48:29'),
(176, NULL, NULL, NULL, 52, NULL, NULL, 'votivetester.saurabh@gmail.com', 'srb', 'sahu', '9874562587', 1, '2022-08-01 09:01:00', '2022-08-01 09:01:00'),
(177, NULL, NULL, NULL, NULL, 297, NULL, 'votivetester.saurabh@gmail.com', 'saurabh', 'sahu', '9874562587', 1, '2022-08-01 09:04:29', '2022-08-01 09:04:29'),
(178, NULL, NULL, NULL, 51, NULL, NULL, 'votivetester.saurabh@gmail.com', 'saurabh', 'sahu', '9874561474', 1, '2022-08-01 09:23:39', '2022-08-01 09:23:39'),
(179, NULL, NULL, NULL, NULL, 297, NULL, 'votivephp.rahulraj@gmail.com', 'rahul', 'solanki', '942509544', 1, '2022-08-01 09:26:21', '2022-08-01 09:26:21'),
(180, NULL, NULL, NULL, NULL, 297, NULL, 'votivephp.rahulraj@gmail.com', 'rahul', 'solanki', '942509544', 1, '2022-08-01 09:28:58', '2022-08-01 09:28:58'),
(181, NULL, NULL, NULL, NULL, 297, NULL, 'votivephp.rahulraj@gmail.com', 'rahul', 'solanki', '942509544', 1, '2022-08-01 09:30:33', '2022-08-01 09:30:33'),
(182, NULL, NULL, NULL, 19, NULL, NULL, 'votivetester.saurabh@gmail.com', 'saurabh', 'sahu', '7441258987', 1, '2022-08-01 09:39:27', '2022-08-01 09:39:27'),
(183, NULL, NULL, NULL, NULL, 361, NULL, 'votivetester.saurabh@gmail.com', 'saurabh', 'sahu', '9874561475', 1, '2022-08-01 09:48:02', '2022-08-01 09:48:02'),
(184, NULL, NULL, NULL, 53, NULL, NULL, 'pushpendrajha88@gmail.com', 'Pushpendra', 'jha', '6616630938', 1, '2022-08-01 10:05:32', '2022-08-01 10:05:32'),
(185, NULL, NULL, NULL, 53, NULL, NULL, 'pushpendrajha88@gmail.com', 'Pushpendra', 'jha', '54878782155', 1, '2022-08-01 10:11:46', '2022-08-01 10:11:46'),
(186, NULL, NULL, NULL, NULL, 297, NULL, 'votivephp.rahulraj@gmail.com', 'rahul', 'solanki', '942509544', 1, '2022-08-01 11:43:01', '2022-08-01 11:43:01'),
(187, NULL, NULL, NULL, NULL, 297, NULL, 'votivephp.rahulraj@gmail.com', 'rahul', 'solanki', '942509544', 1, '2022-08-01 11:51:32', '2022-08-01 11:51:32'),
(188, NULL, NULL, NULL, NULL, 270, NULL, 'votivephp.rahulraj@gmail.com', 'rahul', 'solanki', '942509544', 1, '2022-08-01 12:00:20', '2022-08-01 12:00:20'),
(189, NULL, NULL, NULL, NULL, 270, NULL, 'votivephp.rahulraj@gmail.com', 'rahul', 'solanki', '942509544', 1, '2022-08-01 12:31:54', '2022-08-01 12:31:54'),
(190, NULL, NULL, NULL, 19, NULL, NULL, 'pushpendrajha@gmail.com', 'Pushpendra', 'jha', '09179004123', 1, '2022-08-01 12:37:38', '2022-08-01 12:37:38'),
(191, NULL, NULL, NULL, NULL, 270, NULL, 'votivephp.rahulraj@gmail.com', 'rahul', 'solanki', '942509544', 1, '2022-08-01 12:38:28', '2022-08-01 12:38:28'),
(192, NULL, NULL, NULL, 20, NULL, NULL, 'votivtester.saurabh@gmail.com', 'srb', 'sahu', '9874562587', 1, '2022-08-02 05:12:02', '2022-08-02 05:12:03'),
(193, NULL, NULL, NULL, 53, NULL, NULL, 'votivetester.saurabh@gmail.com', 'saurabh', 'sahu', '9874562587', 1, '2022-08-02 05:21:32', '2022-08-02 05:21:32'),
(194, NULL, NULL, NULL, NULL, 270, NULL, 'votivetester.saurabh@gmail.com', 'saurabh', 'sahu', '9874561475', 1, '2022-08-02 05:24:29', '2022-08-02 05:24:29'),
(195, NULL, NULL, NULL, NULL, 297, NULL, 'votivephp.rahulraj@gmail.com', 'rahul', 'solanki', '942509544', 1, '2022-08-02 05:53:07', '2022-08-02 05:53:07'),
(196, NULL, NULL, NULL, NULL, 375, NULL, 'votivephp.rahulraj@gmail.com', 'rahul', 'solanki', '942509544', 1, '2022-08-02 06:01:39', '2022-08-02 06:01:39'),
(197, NULL, NULL, NULL, NULL, 362, NULL, 'votivephp.rahulraj@gmail.com', 'rahul', 'solanki', '942509544', 1, '2022-08-02 06:04:05', '2022-08-02 06:04:05'),
(198, NULL, NULL, NULL, NULL, 362, NULL, 'votivephp.rahul@gmail.com', 'rahul', 'solanki', '942509544', 1, '2022-08-02 06:06:50', '2022-08-02 06:06:50'),
(199, NULL, NULL, NULL, NULL, 323, NULL, 'votivephp.rahulraj@gmail.com', 'rahul', 'solanki', '942509544', 1, '2022-08-02 06:15:47', '2022-08-02 06:15:47'),
(200, NULL, NULL, NULL, NULL, 323, NULL, 'votivephp.rahulraj@gmail.com', 'rahul', 'solanki', '942509544', 1, '2022-08-02 06:18:04', '2022-08-02 06:18:04'),
(201, NULL, NULL, NULL, NULL, 323, NULL, 'votivephp.rahulraj@gmail.com', 'rahul', 'solanki', '942509544', 1, '2022-08-02 06:20:36', '2022-08-02 06:20:36'),
(202, NULL, NULL, NULL, NULL, 323, NULL, 'votivephp.rahulraj@gmail.com', 'rahul', 'solanki', '942509544', 1, '2022-08-02 06:22:23', '2022-08-02 06:22:23'),
(203, NULL, NULL, NULL, NULL, 323, NULL, 'votivephp.rahulraj@gmail.com', 'rahul', 'solanki', '942509544', 1, '2022-08-02 06:23:15', '2022-08-02 06:23:15'),
(204, NULL, NULL, NULL, NULL, 323, NULL, 'votivephp.rahulraj@gmail.com', 'rahul', 'solanki', '942509544', 1, '2022-08-02 06:25:37', '2022-08-02 06:25:38'),
(205, NULL, NULL, NULL, NULL, 323, NULL, 'votivephp.rahulraj@gmail.com', 'rahul', 'solanki', '942509544', 1, '2022-08-02 06:26:39', '2022-08-02 06:26:39'),
(206, NULL, NULL, NULL, NULL, 406, NULL, 'votivephp.rahulraj@gmail.com', 'rahul', 'solanki', '942509544', 1, '2022-08-02 06:34:08', '2022-08-02 06:34:08'),
(207, NULL, NULL, NULL, NULL, 406, NULL, 'votivephp.rahulraj@gmail.com', 'rahul', 'solanki', '942509544', 1, '2022-08-02 06:39:22', '2022-08-02 06:39:22'),
(208, NULL, NULL, NULL, NULL, 406, NULL, 'votivephp.rahulraj@gmail.com', 'rahul', 'solanki', '942509544', 1, '2022-08-02 06:39:26', '2022-08-02 06:39:26'),
(209, NULL, NULL, NULL, NULL, 406, NULL, 'votivephp.rahulraj@gmail.com', 'rahul', 'solanki', '942509544', 1, '2022-08-02 07:07:05', '2022-08-02 07:07:05'),
(210, NULL, NULL, NULL, NULL, 406, NULL, 'votivephp.rahulraj@gmail.com', 'rahul', 'solanki', '942509544', 1, '2022-08-02 07:09:44', '2022-08-02 07:09:44'),
(211, NULL, NULL, NULL, NULL, 406, NULL, 'votivephp.rahulraj@gmail.com', 'rahul', 'solanki', '942509544', 1, '2022-08-02 07:25:37', '2022-08-02 07:25:37'),
(212, NULL, NULL, NULL, NULL, 406, NULL, 'votivephp.rahulraj@gmail.com', 'rahul', 'solanki', '942509544', 1, '2022-08-02 07:28:27', '2022-08-02 07:28:27'),
(213, NULL, NULL, NULL, NULL, 406, NULL, 'votivephp.rahulraj@gmail.com', 'rahul', 'solanki', '942509544', 1, '2022-08-02 09:07:25', '2022-08-02 09:07:25'),
(214, NULL, NULL, NULL, NULL, 406, NULL, 'votivephp.rahulraj@gmail.com', 'rahul', 'solanki', '942509544', 1, '2022-08-02 09:14:19', '2022-08-02 09:14:19'),
(215, NULL, 92, 39, NULL, NULL, NULL, 'votivetester.saurabh@gmail.com', 'saurabh', 'sahu', '9874562587', 1, '2022-08-02 09:15:14', '2022-08-02 09:15:14'),
(216, NULL, NULL, NULL, NULL, 406, NULL, 'votivephp.rahulraj@gmail.com', 'rahul', 'solanki', '942509544', 1, '2022-08-02 09:24:37', '2022-08-02 09:24:37'),
(217, NULL, NULL, NULL, NULL, 406, NULL, 'votivephp.rahulraj@gmail.com', 'rahul', 'solanki', '942509544', 1, '2022-08-02 09:28:10', '2022-08-02 09:28:10'),
(218, NULL, NULL, NULL, NULL, 406, NULL, 'votivephp.rahulraj@gmail.com', 'rahul', 'solanki', '942509544', 1, '2022-08-02 09:39:28', '2022-08-02 09:39:28'),
(219, NULL, NULL, NULL, 50, NULL, NULL, 'votivetester.saurabh@gmail.com', 'saurabh', 'sahu', '9874562587', 1, '2022-08-02 09:40:15', '2022-08-02 09:40:15'),
(220, NULL, NULL, NULL, NULL, 406, NULL, 'votivephp.rahulraj@gmail.com', 'rahul', 'solanki', '942509544', 1, '2022-08-02 09:45:43', '2022-08-02 09:45:43'),
(221, NULL, NULL, NULL, 18, NULL, NULL, 'votivetester.saurabh@gmail.com', 'saurabh', 'sahu', '9874562587', 1, '2022-08-02 09:51:59', '2022-08-02 09:51:59'),
(222, NULL, NULL, NULL, NULL, 406, NULL, 'votivephp.rahulraj@gmail.com', 'rahul', 'solanki', '942509544', 1, '2022-08-02 10:00:18', '2022-08-02 10:00:18'),
(223, NULL, NULL, NULL, NULL, 412, NULL, 'votivephp.rahulraj@gmail.com', 'rahul', 'solanki', '942509544', 1, '2022-08-02 10:21:23', '2022-08-02 10:21:23'),
(224, NULL, NULL, NULL, NULL, 412, NULL, 'votivephp.rahulraj@gmail.com', 'rahul', 'solanki', '942509544', 1, '2022-08-02 10:22:34', '2022-08-02 10:22:34'),
(225, NULL, NULL, NULL, NULL, 412, NULL, 'votivephp.rahulraj@gmail.com', 'rahul', 'solanki', '942509544', 1, '2022-08-02 10:49:27', '2022-08-02 10:49:28'),
(226, NULL, NULL, NULL, NULL, 412, NULL, 'votivephp.rahulraj@gmail.com', 'rahul', 'solanki', '942509544', 1, '2022-08-02 10:53:38', '2022-08-02 10:53:38'),
(227, NULL, NULL, NULL, NULL, 412, NULL, 'votivephp.rahulraj@gmail.com', 'rahul', 'solanki', '942509544', 1, '2022-08-02 11:09:30', '2022-08-02 11:09:30'),
(228, NULL, NULL, NULL, NULL, 412, NULL, 'votivephp.rahulraj@gmail.com', 'rahul', 'solanki', '942509544', 1, '2022-08-02 11:36:19', '2022-08-02 11:36:19'),
(229, NULL, NULL, NULL, NULL, 412, NULL, 'votivephp.rahulraj@gmail.com', 'rahul', 'solanki', '942509544', 1, '2022-08-02 11:41:47', '2022-08-02 11:41:47'),
(230, NULL, NULL, NULL, NULL, 412, NULL, 'votivephp.rahulraj@gmail.com', 'rahul', 'solanki', '942509544', 1, '2022-08-02 11:47:29', '2022-08-02 11:47:29'),
(231, NULL, NULL, NULL, NULL, 406, NULL, 'votivephp.rahulraj@gmail.com', 'rahul', 'solanki', '942509544', 1, '2022-08-02 12:46:12', '2022-08-02 12:46:12'),
(232, NULL, NULL, NULL, 52, NULL, NULL, 'votivephp.rahulraj@gmail.com', 'rahulraj', 'votivephp', '942509544', 1, '2022-08-02 12:54:05', '2022-08-02 12:54:05'),
(233, NULL, 148, 394, NULL, NULL, NULL, 'votivephp.rahulraj@gmail.com', 'rahul', 'solanki', '942509544', 1, '2022-08-02 12:55:34', '2022-08-02 12:55:34'),
(234, NULL, NULL, NULL, 20, NULL, NULL, 'votivetester.saurabh@gmail.com', 'saurabh', 'sahu', '7894786984', 1, '2022-08-02 13:20:38', '2022-08-02 13:20:38'),
(235, NULL, NULL, NULL, 52, NULL, NULL, 'votivetester.saurabh@gmail.com', 'saurabh', 'sahu', '9874562584', 1, '2022-08-02 13:24:56', '2022-08-02 13:24:56'),
(236, NULL, NULL, NULL, NULL, 361, NULL, 'votivetester.saurabh@gmail.com', 'srb', 'sahu', '7412589874', 1, '2022-08-03 06:26:39', '2022-08-03 06:26:39'),
(237, NULL, 281, 382, NULL, NULL, NULL, 'votivetester.saurabh@gmail.com', 'srb', 'sahu', '7412589874', 1, '2022-08-03 10:37:36', '2022-08-03 10:37:36'),
(238, NULL, NULL, NULL, 54, NULL, NULL, 'votivetester.saurabh@gmail.com', 'srb', 'sahu', '7412587987', 1, '2022-08-03 10:39:25', '2022-08-03 10:39:25'),
(239, NULL, NULL, NULL, NULL, 270, NULL, 'votivetester.saurabh@gmail.com', 'saurabh', 'sahu', '7412589874', 1, '2022-08-03 10:40:46', '2022-08-03 10:40:46'),
(240, NULL, 281, 383, NULL, NULL, NULL, 'votivetester.saurabh@gmail.com', 'srb', 'sahu', '7412589874', 1, '2022-08-03 11:58:45', '2022-08-03 11:58:45'),
(241, NULL, NULL, NULL, 52, NULL, NULL, 'votivetester.saurabh@gmail.com', 'srb', 'sahu', '7412589874', 1, '2022-08-03 12:48:42', '2022-08-03 12:48:42'),
(242, NULL, NULL, NULL, NULL, 270, NULL, 'votivetester.saurabh@gmail.com', 'srb', 'sahu', '74125898784', 1, '2022-08-03 13:18:17', '2022-08-03 13:18:17'),
(243, NULL, 281, 384, NULL, NULL, NULL, 'votivetester.saurabh@gmail.com', 'saurabh', 'sahu', '7742589874', 1, '2022-08-04 05:20:43', '2022-08-04 05:20:43'),
(244, NULL, NULL, NULL, 104, NULL, NULL, 'votivetester.saurabh@gmail.com', 'srb', 'sahu', '7412589874', 1, '2022-08-04 05:40:35', '2022-08-04 05:40:35'),
(245, NULL, NULL, NULL, NULL, 418, NULL, 'votivetester.saurabh@gmail.com', 'srb', 'sahu', '7412587987', 1, '2022-08-04 05:42:17', '2022-08-04 05:42:17'),
(246, NULL, NULL, NULL, 106, NULL, NULL, 'votivetester.saurabh@gmail.com', 'srb', 'sahu', '7412589874', 1, '2022-08-04 06:18:44', '2022-08-04 06:18:44'),
(247, NULL, NULL, NULL, NULL, 422, NULL, 'votivetester.saurabh@gmail.com', 'saurabh', 'sahu', '7412589874', 1, '2022-08-04 06:25:40', '2022-08-04 06:25:40'),
(248, NULL, 92, 39, NULL, NULL, NULL, 'votivetester.saurabh@gmail.com', 'srb', 'sahu', '7445879874', 1, '2022-08-04 08:34:06', '2022-08-04 08:34:06'),
(249, NULL, NULL, NULL, 108, NULL, NULL, 'votivetester.saurabh@gmail.com', 'srb', 'sahu', '7412589874', 1, '2022-08-04 08:44:57', '2022-08-04 08:44:57'),
(250, NULL, NULL, NULL, NULL, 425, NULL, 'votivetester.saurabh@gmail.com', 'srb', 'sahu', '9874562584', 1, '2022-08-04 08:52:35', '2022-08-04 08:52:35'),
(251, NULL, 380, 691, NULL, NULL, NULL, 'votivetester.saurabh@gmail.com', 'srb', 'sahu', '9874562587', 1, '2022-08-04 09:13:16', '2022-08-04 09:13:16'),
(252, NULL, NULL, NULL, NULL, 427, NULL, 'votivetester.saurabh@gmail.com', 'srb', 'sahu', '7412588698', 1, '2022-08-04 09:22:35', '2022-08-04 09:22:35'),
(253, NULL, 78, 693, NULL, NULL, NULL, 'votivephp.rahulraj@gmail.com', 'rahul', 'solanki', '942509544', 1, '2022-08-04 09:35:45', '2022-08-04 09:35:45'),
(254, NULL, NULL, NULL, 110, NULL, NULL, 'votivetester.saurabh@gmail.com', 'srb', 'sahu', '7412589974', 1, '2022-08-04 09:37:42', '2022-08-04 09:37:42'),
(255, NULL, 281, 385, NULL, NULL, NULL, 'votivetester.saurabh@gmail.com', 'srb', 'sahu', '9874562587', 1, '2022-08-04 09:47:25', '2022-08-04 09:47:25'),
(256, NULL, 78, 693, NULL, NULL, NULL, 'votivephp.rahulraj@gmail.com', 'rahul', 'solanki', '942509544', 1, '2022-08-04 09:50:59', '2022-08-04 09:50:59'),
(257, NULL, 118, 107, NULL, NULL, NULL, 'votivetester.saurabh@gmail.com', 'srb', 'sahu', '9874562587', 1, '2022-08-04 09:51:24', '2022-08-04 09:51:24'),
(258, NULL, NULL, NULL, 54, NULL, NULL, 'votivetester.saurabh@gmail.com', 'srb', 'sahu', '9874562584', 1, '2022-08-04 10:25:42', '2022-08-04 10:25:42'),
(259, NULL, NULL, NULL, 54, NULL, NULL, 'votivetester.saurabh@gmail.com', 'srb', 'sahu', '7425836987', 1, '2022-08-05 08:27:22', '2022-08-05 08:27:22'),
(260, NULL, NULL, NULL, 73, NULL, NULL, 'votivtester.saurabh@gmail.com', 'srb', 'sahu', '7412589874', 1, '2022-08-05 08:44:03', '2022-08-05 08:44:03'),
(261, NULL, NULL, NULL, NULL, 273, NULL, 'votivetester.saurabh@gmail.com', 'srb', 'sahu', '74125836984', 1, '2022-08-05 09:26:12', '2022-08-05 09:26:12'),
(262, NULL, NULL, NULL, NULL, 323, NULL, 'votivephp.rahulraj@gmail.com', 'rahul', 'solanki', '942509544', 1, '2022-08-05 09:51:24', '2022-08-05 09:51:24'),
(263, NULL, NULL, NULL, 73, NULL, NULL, 'votivetester.saurabh@gmail.com', 'saurabh', 'sahu', '9874562584', 1, '2022-08-05 09:55:05', '2022-08-05 09:55:05'),
(264, NULL, NULL, NULL, NULL, 270, NULL, 'votivetester.saurabh@gmail.com', 'srb', 'sahu', '7412583698', 1, '2022-08-05 10:28:06', '2022-08-05 10:28:06'),
(265, NULL, NULL, NULL, NULL, 272, NULL, 'pushpendrajha@gmail.com', 'pushpendra', 'jha', '74397595794', 1, '2022-08-05 10:29:24', '2022-08-05 10:29:24'),
(266, NULL, NULL, NULL, NULL, 270, NULL, 'votivetester.saurabh@gmail.com', 'saurabh', 'sahu', '7412589874', 1, '2022-08-05 10:40:52', '2022-08-05 10:40:52'),
(267, NULL, NULL, NULL, 73, NULL, NULL, 'votivetester.saurabh@gmail.com', 'saurabh', 'sahu', '7412589874', 1, '2022-08-05 11:42:28', '2022-08-05 11:42:28'),
(268, NULL, NULL, NULL, NULL, 270, NULL, 'votivetester.saurabh@gmail.com', 'saurabh', 'sahu', '7412589874', 1, '2022-08-05 11:44:34', '2022-08-05 11:44:34'),
(269, NULL, NULL, NULL, NULL, 272, NULL, 'votivetester.saurabh@gmail.com', 'saurabh', 'sahu', '9874562587', 1, '2022-08-06 04:53:14', '2022-08-06 04:53:14'),
(270, NULL, NULL, NULL, NULL, 406, NULL, 'votivetester.saurabh@gmail.com', 'saurabh', 'sahu', '9874562587', 1, '2022-08-06 05:02:30', '2022-08-06 05:02:30'),
(271, NULL, NULL, NULL, NULL, 270, NULL, 'votivetester.saurabh@gmail.com', 'saurabh', 'sahu', '7412589874', 1, '2022-08-06 06:42:15', '2022-08-06 06:42:15'),
(272, NULL, NULL, NULL, 73, NULL, NULL, 'votivetester.saurabh@gmail.com', 'srb', 'sahu', '7412589874', 1, '2022-08-06 06:43:43', '2022-08-06 06:43:43'),
(273, NULL, 92, 39, NULL, NULL, NULL, 'votivetester.saurabh@gmail.com', 'saurabh', 'sahu', '7412589874', 1, '2022-08-06 06:49:13', '2022-08-06 06:49:13'),
(274, NULL, NULL, NULL, NULL, 273, NULL, 'votivetester.saurabh@gmail.com', 'saurabh', 'sahu', '9874562587', 1, '2022-08-06 06:53:02', '2022-08-06 06:53:02'),
(275, NULL, NULL, NULL, NULL, 273, NULL, 'votivetester.saurabh@gmail.com', 'saurabh', 'sahu', '9874562584', 1, '2022-08-06 08:15:43', '2022-08-06 08:15:43'),
(276, NULL, NULL, NULL, 51, NULL, NULL, 'votivetester.saurabh@gmail.com', 'srb', 'sahu', '7412589874', 1, '2022-08-06 12:39:12', '2022-08-06 12:39:12'),
(277, NULL, 281, 383, NULL, NULL, NULL, 'votivetester.saurabh@gmail.com', 'srb', 'sahu', '9874625874', 1, '2022-08-09 06:48:44', '2022-08-09 06:48:44'),
(278, NULL, NULL, NULL, 120, NULL, NULL, 'votivetester.saurabh@gmail.com', 'srb', 'sahu', '9874562587', 1, '2022-08-09 06:54:32', '2022-08-09 06:54:32'),
(279, NULL, NULL, NULL, 120, NULL, NULL, 'votivetester.saurabh@gmail.com', 'srb', 'sahu', '9874562587', 1, '2022-08-09 06:56:15', '2022-08-09 06:56:15'),
(280, NULL, NULL, NULL, NULL, 273, NULL, 'votivetester.saurabh@gmail.com', 'srb', 'SAHU', '9874562584', 1, '2022-08-09 06:59:02', '2022-08-09 06:59:02'),
(281, NULL, NULL, NULL, NULL, 451, NULL, 'votivetester.saurabh@gmail.com', 'saurabh', 'sahu', '9874562587', 1, '2022-08-09 07:19:10', '2022-08-09 07:19:10'),
(282, NULL, NULL, NULL, 20, NULL, NULL, 'votivetester.saurabh@gmail.com', 'srb', 'sahu', '9874562587', 1, '2022-08-09 08:27:22', '2022-08-09 08:27:22'),
(283, NULL, NULL, NULL, 20, NULL, NULL, 'votivetester.saurabh@gmail.com', 'srb', 'sahu', '9874562587', 1, '2022-08-09 08:27:36', '2022-08-09 08:27:36'),
(284, NULL, 281, 384, NULL, NULL, NULL, 'votivetester.saurabh@gmail.com', 'saurabh', 'sahu', '9874562587', 1, '2022-08-09 08:30:27', '2022-08-09 08:30:27'),
(285, NULL, NULL, NULL, 120, NULL, NULL, 'votivetester.saurabh@gmail.com', 'srb', 'sahu', '9874562587', 1, '2022-08-09 08:32:02', '2022-08-09 08:32:02'),
(286, NULL, NULL, NULL, NULL, 362, NULL, 'votivetester.saurabh@gmail.com', 'srb', 'sahu', '9874562587', 1, '2022-08-09 08:34:27', '2022-08-09 08:34:27'),
(287, NULL, NULL, NULL, NULL, 434, NULL, 'votivephp.rahulraj@gmail.com', 'rahul', 'solanki', '942509544', 1, '2022-08-09 09:49:09', '2022-08-09 09:49:09'),
(288, NULL, NULL, NULL, 122, NULL, NULL, 'votivetester.saurabh@gmail.com', 'saurabh', 'sahu', '9874562587', 1, '2022-08-09 10:32:12', '2022-08-09 10:32:13'),
(289, NULL, 281, 385, NULL, NULL, NULL, 'votivetester.saurabh@gmail.com', 'srb', 'sahu', '9874562587', 1, '2022-08-09 10:37:46', '2022-08-09 10:37:46'),
(290, NULL, 400, 749, NULL, NULL, NULL, 'votivetester.saurabh@gmail.com', 'srb', 'sahu', '9874123698', 1, '2022-08-09 10:45:57', '2022-08-09 10:45:57'),
(291, NULL, NULL, NULL, 18, NULL, NULL, 'votivetester.saurabh@gmail.com', 'srb', 'sahu', '9874562587', 1, '2022-08-09 10:47:26', '2022-08-09 10:47:26'),
(292, NULL, NULL, NULL, 18, NULL, NULL, 'votivetester.saurabh@gmail.com', 'srb', 'sahu', '9874562587', 1, '2022-08-09 10:47:28', '2022-08-09 10:47:28'),
(293, NULL, NULL, NULL, NULL, 455, NULL, 'votivetester.saurabh@gmail.com', 'srb', 'sahu', '9874562587', 1, '2022-08-09 10:50:10', '2022-08-09 10:50:10'),
(294, NULL, 402, 753, NULL, NULL, NULL, 'votivetester.saurabh@gmail.com', 'saurabh', 'sahu', '9874562587', 1, '2022-08-09 12:25:10', '2022-08-09 12:25:10'),
(295, NULL, NULL, NULL, 122, NULL, NULL, 'votivetester.saurabh@gmail.com', 'srb', 'sahu', '9874562587', 1, '2022-08-09 12:26:53', '2022-08-09 12:26:53'),
(296, NULL, 402, 754, NULL, NULL, NULL, 'votivetester.saurabh@gmail.com', 'saurabh', 'sahu', '9874562587', 1, '2022-08-09 12:32:03', '2022-08-09 12:32:03'),
(297, NULL, NULL, NULL, 52, NULL, NULL, 'votivetester.saurabh@gmail.com', 'saurabh', 'sahu', '9874562587', 1, '2022-08-09 13:25:03', '2022-08-09 13:25:03'),
(298, NULL, 92, 39, NULL, NULL, NULL, 'votivetester.saurabh@gmail.com', 'saurabh', 'sahu', '7419874798', 1, '2022-08-10 05:34:38', '2022-08-10 05:34:38'),
(299, NULL, NULL, NULL, NULL, 465, NULL, 'votivetester.saurabh@gmail.com', 'saurabh', 'sahu', '9874562587', 1, '2022-08-10 05:45:50', '2022-08-10 05:45:50'),
(300, NULL, NULL, NULL, NULL, 434, NULL, 'votivephp.rahulraj@gmail.com', 'rahul', 'solanki', '942509544', 1, '2022-08-10 06:04:27', '2022-08-10 06:04:27'),
(301, NULL, NULL, NULL, NULL, 465, NULL, 'votivetester.saurabh@gmail.com', 'saurabh', 'sahu', '9874562587', 1, '2022-08-10 06:05:09', '2022-08-10 06:05:09'),
(302, NULL, NULL, NULL, 50, NULL, NULL, 'votivetester.saurabh@gmail.com', 'saurabh', 'sahu', '9874562587', 1, '2022-08-10 06:19:14', '2022-08-10 06:19:14'),
(303, NULL, 104, 66, NULL, NULL, NULL, 'votivetester.saurabh@gmail.com', 'saurabh', 'sahu', '9874562584', 1, '2022-08-10 06:27:17', '2022-08-10 06:27:17'),
(304, NULL, NULL, NULL, NULL, 465, NULL, 'votivetester.saurabh@gmail.com', 'saurabh', 'sahu', '9874562587', 1, '2022-08-10 06:29:08', '2022-08-10 06:29:08'),
(305, NULL, NULL, NULL, 129, NULL, NULL, 'votivetester.saurabh@gmail.com', 'srb', 'sahu', '9874562587', 1, '2022-08-10 06:32:01', '2022-08-10 06:32:02'),
(306, NULL, NULL, NULL, NULL, 273, NULL, 'votivetester.saurabh@gmail.com', 'srb', 'sahu', '9874562587', 1, '2022-08-10 06:50:17', '2022-08-10 06:50:17'),
(307, NULL, 100, 55, NULL, NULL, NULL, 'votivetester.saurabh@gmail.com', 'saurabh', 'sahu', '9874562587', 1, '2022-08-10 08:20:06', '2022-08-10 08:20:06'),
(308, NULL, NULL, NULL, 127, NULL, NULL, 'votivetester.saurabh@gmail.com', 'saurabh', 'sahu', '7412589874', 1, '2022-08-10 08:23:48', '2022-08-10 08:23:48'),
(309, NULL, NULL, NULL, 128, NULL, NULL, 'votivetester.saurabh@gmail.com', 'srb', 'sahu', '9874562587', 1, '2022-08-10 08:44:36', '2022-08-10 08:44:36'),
(310, NULL, NULL, NULL, NULL, 470, NULL, 'votivetester.saurabh@gmail.com', 'srb', 'sahu', '9874562587', 1, '2022-08-10 08:45:57', '2022-08-10 08:45:57'),
(311, NULL, NULL, NULL, 128, NULL, NULL, 'votivetester.saurabh@gmail.com', 'srb', 'sahu', '9874562587', 1, '2022-08-10 08:50:39', '2022-08-10 08:50:39'),
(312, NULL, NULL, NULL, NULL, 410, NULL, 'votivetester.saurabh@gmail.com', 'srb', 'sahu', '9874562587', 1, '2022-08-10 09:02:39', '2022-08-10 09:02:39'),
(313, NULL, 331, 770, NULL, NULL, NULL, 'ayeshazahid913@gmail.com', 'Ayesha', 'Zahid', '1234567890', 1, '2022-08-10 09:23:18', '2022-08-10 09:23:18'),
(314, NULL, NULL, NULL, NULL, 472, NULL, 'votivetester.saurabh@gmail.com', 'saurabh', 'sahu', '9874562587', 1, '2022-08-10 10:19:17', '2022-08-10 10:19:17'),
(315, NULL, NULL, NULL, 52, NULL, NULL, 'votivetester.saurabh@gmail.com', 'srb', 'sahu', '9874562587', 1, '2022-08-10 10:43:15', '2022-08-10 10:43:15'),
(316, NULL, 409, 775, NULL, NULL, NULL, 'ayeshazahid913@gmail.com', 'Ayesha', 'Zahid', '1234567890', 1, '2022-08-10 11:26:10', '2022-08-10 11:26:10'),
(317, NULL, NULL, NULL, NULL, 410, NULL, 'votivetester.saurabh@gmail.com', 'srb', 'sahu', '9874562587', 1, '2022-08-10 11:41:21', '2022-08-10 11:41:21'),
(318, NULL, NULL, NULL, NULL, 474, NULL, 'ayeshazahid913@gmail.com', 'Ayesha', 'Zahid', '1234567890', 1, '2022-08-10 11:53:01', '2022-08-10 11:53:01'),
(319, NULL, NULL, NULL, NULL, 272, NULL, 'votivephp.rahulraj@gmail.com', 'rahul', 'solanki', '942509544', 1, '2022-08-10 12:45:53', '2022-08-10 12:45:53'),
(320, NULL, NULL, NULL, 53, NULL, NULL, 'votivephp.rahulraj@gmail.com', 'rahul', 'votivephp', '942509544', 1, '2022-08-10 12:48:26', '2022-08-10 12:48:26'),
(321, NULL, NULL, NULL, NULL, 449, NULL, 'votivetester.saurabh@gmail.com', 'srb', 'sahu', '9874562584', 1, '2022-08-10 12:51:25', '2022-08-10 12:51:25'),
(322, NULL, NULL, NULL, NULL, 449, NULL, 'ayeshazahid913@gmail.com', 'Ayesha', 'Zahid', '1234567890', 1, '2022-08-10 13:00:15', '2022-08-10 13:00:15'),
(323, NULL, NULL, NULL, NULL, 272, NULL, 'asda@sdfsdf', 'sdfsd', 'sdfsd', 'sdfdfs', 1, '2022-08-12 13:42:35', '2022-08-12 13:42:35'),
(324, NULL, 281, 382, NULL, NULL, NULL, 'votivetester.saurabh@gmail.com', 'srb', 'SAHU', '7412589874', 1, '2022-08-16 04:42:42', '2022-08-16 04:42:42'),
(325, NULL, NULL, NULL, 54, NULL, NULL, 'votivetester.saurabh@gmail.com', 'srb', 'sahu', '9874562587', 1, '2022-08-16 04:46:04', '2022-08-16 04:46:04'),
(326, NULL, NULL, NULL, NULL, 273, NULL, 'votivetester.saurabh@gmail.com', 'srb', 'sahu', '9874562587', 1, '2022-08-16 04:48:22', '2022-08-16 04:48:22'),
(327, NULL, NULL, NULL, NULL, 362, NULL, 'votivetester.saurabh@gmail.com', 'srb', 'sahu', '7414798745', 1, '2022-08-16 04:50:11', '2022-08-16 04:50:11');
INSERT INTO `guestinfo` (`id`, `user_id`, `hotel_id`, `room_id`, `tour_id`, `space_id`, `event_id`, `email`, `first_name`, `last_name`, `mobile`, `status`, `created_date`, `updated_date`) VALUES
(328, NULL, NULL, NULL, NULL, 272, NULL, 'votivetester.saurabh@gmail.com', 'srb', 'sahu', '9874562587', 1, '2022-08-16 06:27:44', '2022-08-16 06:27:44'),
(329, NULL, 281, 383, NULL, NULL, NULL, 'votivetester.saurabh@gmail.com', 'srb', 'sahu', '9874562587', 1, '2022-08-16 08:15:08', '2022-08-16 08:15:08'),
(330, NULL, NULL, NULL, 53, NULL, NULL, 'votivetester.saurabh@gmail.com', 'srb', 'sahu', '9874562587', 1, '2022-08-16 08:17:05', '2022-08-16 08:17:05'),
(331, NULL, NULL, NULL, NULL, 297, NULL, 'votivetester.saurabh@gmail.com', 'saurabh', 'sahu', '9874562587', 1, '2022-08-16 08:18:39', '2022-08-16 08:18:39'),
(332, NULL, NULL, NULL, 54, NULL, NULL, 'votivetester.saurabh@gmail.com', 'srb', 'sahu', '9874562587', 1, '2022-08-16 09:44:19', '2022-08-16 09:44:19'),
(333, NULL, NULL, NULL, NULL, 482, NULL, 'votivetester.saurabh@gmail.com', 'srb', 'sahu', '9874561478', 1, '2022-08-16 09:45:46', '2022-08-16 09:45:46'),
(334, NULL, 281, 384, NULL, NULL, NULL, 'votivetester.saurabh@gmail.com', 'srb', 'sahu', '9874561478', 1, '2022-08-16 10:05:40', '2022-08-16 10:05:40'),
(335, NULL, NULL, NULL, NULL, 487, NULL, 'votivetester.saurabh@gmail.com', 'srb', 'sahu', '9874562587', 1, '2022-08-16 11:52:14', '2022-08-16 11:52:14'),
(336, NULL, NULL, NULL, NULL, 487, NULL, 'votivetester.saurabh@gmail.com', 'srb', 'sahu', '9874561478', 1, '2022-08-16 12:50:08', '2022-08-16 12:50:08'),
(337, NULL, 281, 805, NULL, NULL, NULL, 'votivetester.saurabh@gmail.com', 'srb', 'sahu', '9874561478', 1, '2022-08-16 12:57:52', '2022-08-16 12:57:52'),
(338, NULL, NULL, NULL, 53, NULL, NULL, 'votivetester.saurabh@gmail.com', 'srb', 'sahu', '9874562587', 1, '2022-08-16 13:00:59', '2022-08-16 13:00:59'),
(339, NULL, NULL, NULL, NULL, 487, NULL, 'votivetester.saurabh@gmail.com', 'srb', 'sahu', '9874562587', 1, '2022-08-16 13:02:18', '2022-08-16 13:02:18'),
(340, NULL, 281, 806, NULL, NULL, NULL, 'votivetester.saurabh@gmail.com', 'srb', 'sahu', '9874561478', 1, '2022-08-17 05:17:30', '2022-08-17 05:17:30'),
(341, NULL, NULL, NULL, 52, NULL, NULL, 'votivetester.saurabh@gmail.com', 'srb', 'sahu', '9874561478', 1, '2022-08-17 05:19:29', '2022-08-17 05:19:29'),
(342, NULL, NULL, NULL, NULL, 490, NULL, 'votivetester.saurabh@gmail.com', 'srb', 'sahu', '9874561478', 1, '2022-08-17 05:21:01', '2022-08-17 05:21:01'),
(343, NULL, 92, 39, NULL, NULL, NULL, 'votivetester.saurabh@gmail.com', 'SAURABH', 'SAHU', '9874555565', 1, '2022-08-17 07:23:14', '2022-08-17 07:23:14'),
(344, NULL, NULL, NULL, NULL, 272, NULL, 'votivephp.rahulraj@gmail.com', 'rahul', 'solanki', '942509544', 1, '2022-08-17 10:39:51', '2022-08-17 10:39:51'),
(345, NULL, 228, 277, NULL, NULL, NULL, 'votivetester.saurabh@gmail.com', 'srb', 'sahu', '9874562587', 1, '2022-08-17 10:46:39', '2022-08-17 10:46:39'),
(346, NULL, NULL, NULL, 152, NULL, NULL, 'votivetester.saurabh@gmail.com', 'srb', 'sahu', '9874562587', 1, '2022-08-17 10:47:57', '2022-08-17 10:47:57'),
(347, NULL, NULL, NULL, NULL, 512, NULL, 'votivetester.saurabh@gmail.com', 'srb', 'sahu', '9874563698', 1, '2022-08-17 10:51:08', '2022-08-17 10:51:08'),
(348, NULL, NULL, NULL, NULL, 491, NULL, 'votivetester.saurabh@gmail.com', 'srb', 'sahu', '9987456987', 1, '2022-08-17 13:06:48', '2022-08-17 13:06:48'),
(349, NULL, NULL, NULL, NULL, 491, NULL, 'votivetester.saurabh@gmail.com', 'srb', 'sahu', '9987456987', 1, '2022-08-17 13:06:59', '2022-08-17 13:06:59'),
(350, NULL, NULL, NULL, 54, NULL, NULL, 'votivetester.saurabh@gmail.com', 'srb', 'sahu', '9874561475', 1, '2022-08-17 13:08:54', '2022-08-17 13:08:54'),
(351, NULL, 228, 288, NULL, NULL, NULL, 'srb', 'srb', 'sahu', '9874561474', 1, '2022-08-17 13:10:47', '2022-08-17 13:10:47'),
(352, NULL, NULL, NULL, NULL, 273, NULL, 'votivetester.saurabh@gmail.com', 'srb', 'sahu', '9874561475', 1, '2022-08-17 13:27:55', '2022-08-17 13:27:55'),
(353, NULL, NULL, NULL, NULL, 272, NULL, 'votivephp.rahulraj@gmail.com', 'rahul', 'solanki', '942509544', 1, '2022-08-18 04:44:52', '2022-08-18 04:44:52'),
(354, NULL, 281, 382, NULL, NULL, NULL, 'votivetester.saurabh@gmail.com', 'srb', 'sahu', '9874562587', 1, '2022-08-18 05:21:15', '2022-08-18 05:21:15'),
(355, NULL, NULL, NULL, 54, NULL, NULL, 'votivetester.saurabh@gmail.com', 'srb', 'sahu', '9874561478', 1, '2022-08-18 05:23:59', '2022-08-18 05:23:59'),
(356, NULL, NULL, NULL, NULL, 273, NULL, 'votivetester.saurabh@gmail.com', 'srb', 'sahu', '9874561478', 1, '2022-08-18 05:26:07', '2022-08-18 05:26:07'),
(357, NULL, NULL, NULL, 54, NULL, NULL, 'votivetester.saurabh@gmail.com', 'srb', 'sahu', '9874561478', 1, '2022-08-18 06:40:36', '2022-08-18 06:40:36'),
(358, NULL, NULL, NULL, NULL, 362, NULL, 'votivetester.saurabh@gmail.com', 'srb', 'sahu', '9874561478', 1, '2022-08-18 07:07:03', '2022-08-18 07:07:03'),
(359, NULL, 281, 805, NULL, NULL, NULL, 'votivetester.saurabh@gmail.com', 'srb', 'sahu', '9874561478', 1, '2022-08-18 10:43:51', '2022-08-18 10:43:51'),
(360, NULL, NULL, NULL, NULL, 487, NULL, 'votivetester.saurabh@gmail.com', 'srb', 'sahu', '9874142587', 1, '2022-08-18 10:47:30', '2022-08-18 10:47:30'),
(361, NULL, 281, 383, NULL, NULL, NULL, 'votivetester.saurabh@gmail.com', 'srb', 'sahu', '9874561478', 1, '2022-08-18 10:56:02', '2022-08-18 10:56:02'),
(362, NULL, NULL, NULL, 54, NULL, NULL, 'votivetester.saurabh@gmail.com', 'srb', 'sahu', '9874561478', 1, '2022-08-18 10:57:32', '2022-08-18 10:57:32'),
(363, NULL, NULL, NULL, NULL, 482, NULL, 'votivetester.saurabh@gmail.com', 'srb', 'sahu', '9874561478', 1, '2022-08-18 10:58:58', '2022-08-18 10:58:58'),
(364, NULL, NULL, NULL, NULL, 272, NULL, 'votivetester.saurabh@gmail.com', 'srb', 'sahu', '9874561478', 1, '2022-08-18 13:01:24', '2022-08-18 13:01:24'),
(365, NULL, NULL, NULL, NULL, 492, NULL, 'votivetester.saurabh@gmail.com', 'srb', 'sahu', '9874561478', 1, '2022-08-18 13:03:35', '2022-08-18 13:03:35'),
(366, NULL, 92, 39, NULL, NULL, NULL, 'votivetester.saurabh@gmail.com', 'srb', 'sahu', '9874561478', 1, '2022-08-18 13:10:53', '2022-08-18 13:10:53'),
(367, NULL, NULL, NULL, NULL, 492, NULL, 'votivetester.saurabh@gmail.com', 'srb', 'sahu', '9874561478', 1, '2022-08-18 13:13:25', '2022-08-18 13:13:25'),
(368, NULL, NULL, NULL, NULL, 273, NULL, 'votivetester.saurabh@gmail.com', 'srb', 'sahu', '9874561478', 1, '2022-08-18 13:15:39', '2022-08-18 13:15:39'),
(369, NULL, NULL, NULL, NULL, 526, NULL, 'votivetester.saurabh@gmail.com', 'srb', 'sahu', '9874561478', 1, '2022-08-18 13:17:29', '2022-08-18 13:17:29'),
(370, NULL, NULL, NULL, NULL, 490, NULL, 'votivetester.saurabh@gmail.com', 'srb', 'sahu', '9874561475', 1, '2022-08-19 05:08:06', '2022-08-19 05:08:06'),
(371, NULL, NULL, NULL, NULL, 490, NULL, 'votivetester.saurabh@gmail.com', 'srb', 'sahu', '9874561478', 1, '2022-08-19 05:18:41', '2022-08-19 05:18:41'),
(372, NULL, NULL, NULL, 165, NULL, NULL, 'votivetester.saurabh@gmail.com', 'srb', 'sahu', '9874561478', 1, '2022-08-19 07:00:52', '2022-08-19 07:00:52'),
(373, NULL, NULL, NULL, 54, NULL, NULL, 'votivetester.saurabh@gmail.com', 'srb', 'sahu', '9874562587', 1, '2022-08-19 08:22:57', '2022-08-19 08:22:57'),
(374, NULL, NULL, NULL, 54, NULL, NULL, 'votivetester.saurabh@gmail.com', 'srb', 'sahu', '9874562587', 1, '2022-08-19 08:24:36', '2022-08-19 08:24:36'),
(375, NULL, NULL, NULL, NULL, 273, NULL, 'votivetester.saurabh@gmail.com', 'srb', 'sahu', '9874561478', 1, '2022-08-19 08:25:53', '2022-08-19 08:25:53'),
(376, NULL, NULL, NULL, 53, NULL, NULL, 'votivetester.saurabh@gmail.com', 'srb', 'sahu', '9874561478', 1, '2022-08-19 08:27:20', '2022-08-19 08:27:20'),
(377, NULL, NULL, NULL, 54, NULL, NULL, 'votivetester.saurabh@gmail.com', 'srb', 'sahu', '9874562587', 1, '2022-08-19 09:36:01', '2022-08-19 09:36:01'),
(378, NULL, NULL, NULL, NULL, 540, NULL, 'votivetester.saurabh@gmail.com', 'srb', 'sahu', '9874562587', 1, '2022-08-19 09:37:49', '2022-08-19 09:37:49'),
(379, NULL, NULL, NULL, 18, NULL, NULL, 'votivetester.saurabh@gmail.com', 'srb', 'sahu', '9874561478', 1, '2022-08-19 09:42:58', '2022-08-19 09:42:58'),
(380, NULL, 118, 107, NULL, NULL, NULL, 'votivetester.saurabh@gmail.com', 'srb', 'sahu', '9874561478', 1, '2022-08-19 10:12:00', '2022-08-19 10:12:00'),
(381, NULL, 104, 66, NULL, NULL, NULL, 'pushpendrajha88@gmail.com', 'Pushpendra', 'Jha', '6616630938', 1, '2022-08-19 10:57:41', '2022-08-19 10:57:41'),
(382, NULL, NULL, NULL, NULL, 541, NULL, 'votivetester.saurabh@gmail.com', 'srb', 'sahu', '9874561478', 1, '2022-08-19 11:42:33', '2022-08-19 11:42:33'),
(383, NULL, 100, 55, NULL, NULL, NULL, 'votivetester.saurabh@gmail.com', 'srb', 'sahu', '9874561476', 1, '2022-08-19 12:48:29', '2022-08-19 12:48:29'),
(384, NULL, NULL, NULL, 54, NULL, NULL, 'votivetester.saurabh@gmail.com', 'arb', 'sahu', '9874561478', 1, '2022-08-22 05:20:12', '2022-08-22 05:20:12'),
(385, NULL, 281, 382, NULL, NULL, NULL, 'votivetester.saurabh@gmail.com', 'srb', 'sahu', '9874561478', 1, '2022-08-22 05:29:27', '2022-08-22 05:29:27'),
(386, NULL, NULL, NULL, NULL, 273, NULL, 'votivetester.saurabh@gmail.com', 'srb', 'sahu', '9874561478', 1, '2022-08-22 05:30:44', '2022-08-22 05:30:44'),
(387, NULL, NULL, NULL, 50, NULL, NULL, 'votivetester.saurabh@gmail.com', 'srb', 'sahu', '9874561478', 1, '2022-08-22 06:01:21', '2022-08-22 06:01:21'),
(388, NULL, NULL, NULL, 51, NULL, NULL, 'votivetester.saurabh@gmail.com', 'srb', 'sahu', '9874561478', 1, '2022-08-22 06:05:07', '2022-08-22 06:05:07'),
(389, NULL, NULL, NULL, NULL, 362, NULL, 'votivetester.saurabh@gmail.com', 'srb', 'sahu', '9874561478', 1, '2022-08-22 06:13:28', '2022-08-22 06:13:28'),
(390, NULL, NULL, NULL, NULL, 362, NULL, 'votivetester.saurabh@gmail.com', 'srb', 'sahu', '9874561478', 1, '2022-08-22 06:46:45', '2022-08-22 06:46:45'),
(391, NULL, NULL, NULL, NULL, 362, NULL, 'votivetester.saurabh@gmail.com', 'srb', 'sahu', '9874561478', 1, '2022-08-22 06:51:26', '2022-08-22 06:51:26'),
(392, NULL, NULL, NULL, 53, NULL, NULL, 'votivetester.saurabh@gmail.com', 'srb', 'sahu', '9874561478', 1, '2022-08-22 06:55:56', '2022-08-22 06:55:56'),
(393, NULL, NULL, NULL, 54, NULL, NULL, 'votivetester.saurabh@gmail.com', 'srb', 'sahu', '9874561478', 1, '2022-08-22 06:57:50', '2022-08-22 06:57:50'),
(394, NULL, NULL, NULL, NULL, 362, NULL, 'votivetester.saurabh@gmail.com', 'srb', 'sahu', '9874562587', 1, '2022-08-22 06:58:45', '2022-08-22 06:58:45'),
(395, NULL, NULL, NULL, NULL, 272, NULL, 'votivephp.rahulraj@gmail.com', 'rahul', 'solanki', '942509544', 1, '2022-08-22 07:26:46', '2022-08-22 07:26:46'),
(396, NULL, 92, 39, NULL, NULL, NULL, 'votivetester.saurabh@gmail.com', 'srb', 'sahu', '9874561478', 1, '2022-08-22 08:32:00', '2022-08-22 08:32:00'),
(397, NULL, NULL, NULL, NULL, 270, NULL, 'votivetester.saurabh@gmail.com', 'srb', 'sahu', '9874561478', 1, '2022-08-22 08:37:47', '2022-08-22 08:37:47'),
(398, NULL, NULL, NULL, 54, NULL, NULL, 'votivephp.rahulraj@gmail.com', 'rahul', 'votivephp', '942509544', 1, '2022-08-22 09:01:11', '2022-08-22 09:01:11'),
(399, NULL, 92, 39, NULL, NULL, NULL, 'votivephp.rahulraj@gmail.com', 'rahul', 'solanki', '942509544', 1, '2022-08-22 09:04:45', '2022-08-22 09:04:45'),
(400, NULL, 118, 108, NULL, NULL, NULL, 'votivetester.saurabh@gmail.com', 'srb', 'sahu', '9874562587', 1, '2022-08-22 09:17:04', '2022-08-22 09:17:04'),
(401, NULL, NULL, NULL, 179, NULL, NULL, 'votivetester.saurabh@gmail.com', 'srb', 'sahu', '9874561478', 1, '2022-08-22 09:20:05', '2022-08-22 09:20:05'),
(402, NULL, NULL, NULL, NULL, 541, NULL, 'votivetester.saurabh@gmail.com', 'srb', 'sahu', '9874561478', 1, '2022-08-22 09:23:24', '2022-08-22 09:23:24'),
(403, NULL, 118, 107, NULL, NULL, NULL, 'votivetester.saurabh@gmail.com', 'srb', 'sahu', '9874561478', 1, '2022-08-22 09:29:58', '2022-08-22 09:29:58'),
(404, NULL, 281, 383, NULL, NULL, NULL, 'votivetester.saurabh@gmail.com', 'srb', 'sahu', '9874561478', 1, '2022-08-22 09:55:45', '2022-08-22 09:55:45'),
(405, NULL, 104, 66, NULL, NULL, NULL, 'votivetester.saurabh@gmail.com', 'srb', 'sahu', '9874261478', 1, '2022-08-22 10:01:02', '2022-08-22 10:01:02'),
(406, NULL, NULL, NULL, NULL, 540, NULL, 'votivetester.saurabh@gmail.com', 'srb', 'sahu', '9874562587', 1, '2022-08-22 10:17:31', '2022-08-22 10:17:31'),
(407, NULL, NULL, NULL, NULL, 540, NULL, 'votivetester.saurabh@gmail.com', 'srb', 'sahu', '9874461478', 1, '2022-08-22 10:19:44', '2022-08-22 10:19:44'),
(408, NULL, NULL, NULL, 179, NULL, NULL, 'votivetester.saurabh@gmail.com', 'srb', 'sahu', '9874562587', 1, '2022-08-22 10:20:43', '2022-08-22 10:20:43'),
(409, NULL, 281, 384, NULL, NULL, NULL, 'votivetester.saurabh@gmail.com', 'srb', 'sahu', '9874562587', 1, '2022-08-22 10:37:19', '2022-08-22 10:37:19'),
(410, NULL, NULL, NULL, 53, NULL, NULL, 'votivetester.saurabh@gmail.com', 'srb', 'sahu', '9874561478', 1, '2022-08-22 10:42:48', '2022-08-22 10:42:48'),
(411, NULL, NULL, NULL, 179, NULL, NULL, 'votivetester.saurabh@gmail.com', 'srb', 'sahu', '9874562587', 1, '2022-08-22 10:43:59', '2022-08-22 10:43:59'),
(412, NULL, NULL, NULL, NULL, 323, NULL, 'votivetester.saurabh@gmail.com', 'srb', 'sahu', '9874561478', 1, '2022-08-22 10:45:12', '2022-08-22 10:45:12'),
(413, NULL, NULL, NULL, NULL, NULL, 48, 'votivetester.saurabh@gmail.com', 'srb', 'sahu', '9874562587', 1, '2022-08-22 10:48:31', '2022-08-22 10:48:31'),
(414, NULL, NULL, NULL, 53, NULL, NULL, 'votivetester.saurabh@gmail.com', 'srb', 'sahu', '9874562587', 1, '2022-08-22 10:55:21', '2022-08-22 10:55:21'),
(415, NULL, 104, 72, NULL, NULL, NULL, 'votivetester.saurabh@gmail.com', 'srb', 'sahu', '9874561478', 1, '2022-08-22 10:56:26', '2022-08-22 10:56:26'),
(416, NULL, NULL, NULL, NULL, NULL, 48, 'votivephppushpendra@gmail.com', 'Pushpendra', 'Jha', '09179004123', 1, '2022-08-22 11:35:46', '2022-08-22 11:35:46'),
(417, NULL, NULL, NULL, NULL, NULL, 48, 'votivephppushpendra@gmail.com', 'Pushpendra', 'Jha', '09179004123', 1, '2022-08-22 11:37:20', '2022-08-22 11:37:20'),
(418, NULL, NULL, NULL, NULL, 540, NULL, 'votivetester.saurabh@gmail.com', 'srb', 'sahu', '9877456987', 1, '2022-08-22 12:20:33', '2022-08-22 12:20:33'),
(419, NULL, NULL, NULL, NULL, 570, NULL, 'votivetester.saurabh@gmail.com', 'srb', 'sahu', '9874561478', 1, '2022-08-22 12:22:48', '2022-08-22 12:22:48'),
(420, NULL, NULL, NULL, NULL, 542, NULL, 'votivetester.saurabh@gmail.com', 'srb', 'sahu', '9874465147', 1, '2022-08-22 12:44:38', '2022-08-22 12:44:38'),
(421, NULL, NULL, NULL, 54, NULL, NULL, 'votivetester.saurabh@gmail.com', 'srb', 'sahu', '9874561478', 1, '2022-08-22 12:48:06', '2022-08-22 12:48:06'),
(422, NULL, 104, 74, NULL, NULL, NULL, 'votivetester.saurabh@gmail.com', 'srb', 'sahu', '9874561478', 1, '2022-08-22 12:49:09', '2022-08-22 12:49:09'),
(423, NULL, 409, 775, NULL, NULL, NULL, 'ayeshazahid913@gmail.com', 'Ayesha', 'Zahid', '1234567890', 1, '2022-08-22 12:51:58', '2022-08-22 12:51:58'),
(424, NULL, NULL, NULL, 53, NULL, NULL, 'votivetester.saurabh@gmail.com', 'srb', 'sahu', '9874614785', 1, '2022-08-22 12:53:30', '2022-08-22 12:53:30'),
(425, NULL, NULL, NULL, 52, NULL, NULL, 'votivetester.saurabh@gmail.com', 'srb', 'sahu', '9874561478', 1, '2022-08-22 12:56:26', '2022-08-22 12:56:26'),
(426, NULL, 228, 277, NULL, NULL, NULL, 'votivetester.saurabh@gmail.com', 'srb', 'sahu', '9874561474', 1, '2022-08-22 13:08:50', '2022-08-22 13:08:50'),
(427, NULL, NULL, NULL, 52, NULL, NULL, 'votivetester.saurabh@gmail.com', 'srb', 'sahu', '9874561478', 1, '2022-08-22 13:13:22', '2022-08-22 13:13:22'),
(428, NULL, 100, 55, NULL, NULL, NULL, 'votivetester.saurabh@gmail.com', 'srb', 'sahu', '9874561478', 1, '2022-08-23 04:45:45', '2022-08-23 04:45:45'),
(429, NULL, NULL, NULL, 51, NULL, NULL, 'votivetester.saurabh@gmail.com', 'srb', 'sahu', '9874569874', 1, '2022-08-23 04:47:38', '2022-08-23 04:47:38'),
(430, NULL, NULL, NULL, NULL, NULL, 48, 'votivetester.saurabh@gmail.com', 'srb', 'sahu', '9874561478', 1, '2022-08-23 04:48:27', '2022-08-23 04:48:27'),
(431, NULL, NULL, NULL, 52, NULL, NULL, 'votivetester.saurabh@gmail.com', 'srb', 'sahu', '9874561478', 1, '2022-08-23 05:54:28', '2022-08-23 05:54:28'),
(432, NULL, NULL, NULL, NULL, 575, NULL, 'votivetester.saurabh@gmail.com', 'srb', 'sahu', '9874561478', 1, '2022-08-23 06:18:54', '2022-08-23 06:18:54'),
(433, NULL, NULL, NULL, NULL, 270, NULL, 'votivetester.saurabh@gmail.com', 'srb', 'sahu', '9874561478', 1, '2022-08-23 06:22:23', '2022-08-23 06:22:23'),
(434, NULL, NULL, NULL, 21, NULL, NULL, 'votivetester.saurabh@gmail.com', 'srb', 'sahu', '9874561478', 1, '2022-08-23 06:38:47', '2022-08-23 06:38:47'),
(435, NULL, NULL, NULL, 51, NULL, NULL, 'votivetester.saurabh@gmail.com', 'srb', 'sahu', '9874561478', 1, '2022-08-23 06:40:04', '2022-08-23 06:40:04'),
(436, NULL, NULL, NULL, 52, NULL, NULL, 'votivetester.saurabh@gmail.com', 'srb', 'sahu', '9874561478', 1, '2022-08-23 06:44:22', '2022-08-23 06:44:22'),
(437, NULL, NULL, NULL, NULL, 297, NULL, 'votivetester.saurabh@gmail.com', 'srb', 'sahu', '9874561478', 1, '2022-08-23 06:46:12', '2022-08-23 06:46:12'),
(438, NULL, NULL, NULL, NULL, NULL, 48, 'votivetester.saurabh@gmail.com', 'srb', 'sahu', '9874561478', 1, '2022-08-23 07:06:30', '2022-08-23 07:06:30'),
(439, NULL, NULL, NULL, 50, NULL, NULL, 'votivetester.saurabh@gmail.com', 'srb', 'sahu', '7412583698', 1, '2022-08-23 08:16:50', '2022-08-23 08:16:50'),
(440, NULL, NULL, NULL, 52, NULL, NULL, 'votivetester.saurabh@gmail.com', 'srb', 'sahu', '9874561478', 1, '2022-08-23 08:18:29', '2022-08-23 08:18:29'),
(441, NULL, NULL, NULL, NULL, NULL, 48, 'votivetester.saurabh@gmail.com', 'srb', 'sahu', '9874561478', 1, '2022-08-23 08:49:20', '2022-08-23 08:49:20'),
(442, NULL, NULL, NULL, NULL, 578, NULL, 'votivetester.saurabh@gmail.com', 'srb', 'sahu', '9874514785', 1, '2022-08-23 09:14:57', '2022-08-23 09:14:57'),
(443, NULL, NULL, NULL, NULL, 580, NULL, 'votivetester.saurabh@gmail.com', 'srb', 'sahu', '9874561478', 1, '2022-08-23 09:17:36', '2022-08-23 09:17:36'),
(444, NULL, NULL, NULL, NULL, 297, NULL, 'votivetester.saurabh@gmail.com', 'srb', 'sahu', '7412583698', 1, '2022-08-23 09:21:55', '2022-08-23 09:21:55'),
(445, NULL, NULL, NULL, NULL, 367, NULL, 'votivetester.saurabh@gmail.com', 'srb', 'sahu', '9874561478', 1, '2022-08-23 09:24:38', '2022-08-23 09:24:38'),
(446, NULL, NULL, NULL, 54, NULL, NULL, 'votivetester.saurabh@gmail.com', 'srb', 'sahu', '9874562587', 1, '2022-08-23 10:55:57', '2022-08-23 10:55:57'),
(447, NULL, NULL, NULL, 53, NULL, NULL, 'votivetester.saurabh@gmail.com', 'srb', 'sahu', '9874561478', 1, '2022-08-23 11:07:58', '2022-08-23 11:07:58'),
(448, NULL, NULL, NULL, 53, NULL, NULL, 'votivetester.saurabh@gmail.com', 'srb', 'sahu', '7412583698', 1, '2022-08-23 11:34:00', '2022-08-23 11:34:00'),
(449, NULL, NULL, NULL, 53, NULL, NULL, 'votivetester.saurabh@gmail.com', 'srb', 'sahu', '9874562587', 1, '2022-08-23 11:36:09', '2022-08-23 11:36:09'),
(450, NULL, NULL, NULL, 52, NULL, NULL, 'votivetester.saurabh@gmail.com', 'srbsahu', 'sahu', '9874561478', 1, '2022-08-23 12:17:10', '2022-08-23 12:17:10'),
(451, NULL, 281, 382, NULL, NULL, NULL, 'votivetester.saurabh@gmail.com', 'srb', 'sahu', '9874561478', 1, '2022-08-24 05:08:09', '2022-08-24 05:08:09'),
(452, NULL, NULL, NULL, NULL, NULL, 48, 'votivtester.saurabh@gmail.com', 'srb', 'sahu', '9874561478', 1, '2022-08-24 05:11:13', '2022-08-24 05:11:13'),
(453, NULL, NULL, NULL, NULL, 273, NULL, 'votivetester.saurabh@gmail.com', 'srb', 'sahu', '9874561478', 1, '2022-08-24 05:12:22', '2022-08-24 05:12:22'),
(454, NULL, NULL, NULL, NULL, NULL, 48, 'votivetester.saurabh@gmail.com', 'srb', 'sahu', '9874561478', 1, '2022-08-24 05:15:48', '2022-08-24 05:15:48'),
(455, NULL, 281, 383, NULL, NULL, NULL, 'votivetester.saurabh@gmail.com', 'srb', 'sahu', '9874561478', 1, '2022-08-24 05:24:36', '2022-08-24 05:24:36'),
(456, NULL, 281, 383, NULL, NULL, NULL, 'votivetester.saurabh@gmail.com', 'srb', 'sahu', '9874561478', 1, '2022-08-24 05:28:11', '2022-08-24 05:28:11'),
(457, NULL, NULL, NULL, NULL, 362, NULL, 'votivetester.saurabh@gmail.com', 'srb', 'sahu', '9874561478', 1, '2022-08-24 05:29:36', '2022-08-24 05:29:36'),
(458, NULL, NULL, NULL, NULL, NULL, 48, 'votivetester.saurabh@gmail.com', 'srb', 'sahu', '9874561478', 1, '2022-08-24 05:51:37', '2022-08-24 05:51:37'),
(459, NULL, NULL, NULL, NULL, NULL, 48, 'pushpendrajha@gmail.com', 'Pushpendra', 'Jha', '09179004123', 1, '2022-08-24 05:52:48', '2022-08-24 05:52:48'),
(460, NULL, 108, 87, NULL, NULL, NULL, 'votivetester.saurabh@gmail.com', 'srb', 'sahu', '9874561478', 1, '2022-08-24 05:54:07', '2022-08-24 05:54:07'),
(461, NULL, NULL, NULL, NULL, NULL, 48, 'votivetester.saurabh@gmail.com', 'srb', 'sahu', '7412583698', 1, '2022-08-24 05:55:24', '2022-08-24 05:55:24'),
(462, NULL, NULL, NULL, 192, NULL, NULL, 'votivetester.saurabh@gmail.com', 'srb', 'sahu', '7412583698', 1, '2022-08-24 05:56:54', '2022-08-24 05:56:54'),
(463, NULL, 281, 384, NULL, NULL, NULL, 'votivetester.saurabh@gmail.com', 'srb', 'sahu', '7412583698', 1, '2022-08-24 05:58:29', '2022-08-24 05:58:29'),
(464, NULL, NULL, NULL, NULL, NULL, 48, 'votivephppushpendra@gmail.com', 'Pushpendra', 'jha', '09179004123', 1, '2022-08-24 05:58:39', '2022-08-24 05:58:39'),
(465, NULL, NULL, NULL, 50, NULL, NULL, 'votivetester.saurabh@gmail.com', 'srb', 'sahu', '7412583698', 1, '2022-08-24 06:01:22', '2022-08-24 06:01:22'),
(466, NULL, NULL, NULL, 190, NULL, NULL, 'votivetester.saurabh@gmail.com', 'srb', 'sahu', '7412583698', 1, '2022-08-24 06:03:16', '2022-08-24 06:03:16'),
(467, NULL, NULL, NULL, 190, NULL, NULL, 'votivetester.saurabh@gmail.com', 'srb', 'sahu', '7412583698', 1, '2022-08-24 06:06:20', '2022-08-24 06:06:20'),
(468, NULL, NULL, NULL, NULL, NULL, 48, 'votivetester.saurabh@gmail.com', 'srb', 'sahu', '7412583698', 1, '2022-08-24 06:14:51', '2022-08-24 06:14:51'),
(469, NULL, NULL, NULL, NULL, NULL, 48, 'votivetester.saurabh@gmail.com', 'srb', 'sahu', '9874561474', 1, '2022-08-24 06:17:05', '2022-08-24 06:17:05'),
(470, NULL, NULL, NULL, 192, NULL, NULL, 'votivetester.saurabh@gmail.com', 'srb', 'sahu', '9874561478', 1, '2022-08-24 06:22:51', '2022-08-24 06:22:51'),
(471, NULL, NULL, NULL, 190, NULL, NULL, 'votivetester.saurabh@gmail.com', 'srb', 'sahu', '7412583698', 1, '2022-08-24 06:26:04', '2022-08-24 06:26:04'),
(472, NULL, 228, 277, NULL, NULL, NULL, 'votivetester.saurabh@gmail.com', 'srb', 'sahu', '7412583698', 1, '2022-08-24 06:28:16', '2022-08-24 06:28:16'),
(473, NULL, NULL, NULL, 192, NULL, NULL, 'votivetester.saurabh@gmail.com', 'srb', 'sahu', '7412583698', 1, '2022-08-24 06:29:17', '2022-08-24 06:29:17'),
(474, NULL, 92, 39, NULL, NULL, NULL, 'votivetester.saurabh@gmail.com', 'srb', 'sahu', '7412583698', 1, '2022-08-24 06:31:00', '2022-08-24 06:31:00'),
(475, NULL, NULL, NULL, 190, NULL, NULL, 'votivetester.saurabh@gmail.com', 'srb', 'sahu', '7412583698', 1, '2022-08-24 06:31:50', '2022-08-24 06:31:50'),
(476, NULL, NULL, NULL, 188, NULL, NULL, 'votivetester.saurabh@gmail.com', 'srb', 'sahu', '7412583698', 1, '2022-08-24 06:32:45', '2022-08-24 06:32:45'),
(477, NULL, NULL, NULL, 190, NULL, NULL, 'votivetester.saurabh@gmail.com', 'srb', 'sahu', '7412583699', 1, '2022-08-24 06:33:40', '2022-08-24 06:33:40'),
(478, NULL, 100, 199, NULL, NULL, NULL, 'votivetester.saurabh@gmail.com', 'srb', 'sahu', '7412583698', 1, '2022-08-24 06:36:23', '2022-08-24 06:36:23'),
(479, NULL, NULL, NULL, 54, NULL, NULL, 'votivetester.saurabh@gmail.com', 'srb', 'sahu', '7412583698', 1, '2022-08-24 06:40:45', '2022-08-24 06:40:45'),
(480, NULL, NULL, NULL, 54, NULL, NULL, 'votivetester.saurabh@gmail.com', 'srb', 'sahu', '7412583698', 1, '2022-08-24 06:45:34', '2022-08-24 06:45:34'),
(481, NULL, NULL, NULL, 192, NULL, NULL, 'votivetester.saurabh@gmail.com', 'srb', 'sahu', '9874561478', 1, '2022-08-24 08:19:08', '2022-08-24 08:19:08'),
(482, NULL, NULL, NULL, 188, NULL, NULL, 'votivetester.saurabh@gmail.com', 'srb', 'sahu', '7412583698', 1, '2022-08-24 09:56:41', '2022-08-24 09:56:41'),
(483, NULL, NULL, NULL, 53, NULL, NULL, 'votivetester.saurabh@gmail.com', 'srb', 'sahu', '7412583698', 1, '2022-08-24 11:00:29', '2022-08-24 11:00:29'),
(484, NULL, NULL, NULL, NULL, 586, NULL, 'votivetester.saurabh@gmail.com', 'srb', 'sahu', '7412583369', 1, '2022-08-24 11:03:32', '2022-08-24 11:03:32'),
(485, NULL, 104, 66, NULL, NULL, NULL, 'votivetester.saurabh@gmail.com', 'srb', 'sahu', '7412583698', 1, '2022-08-24 11:04:47', '2022-08-24 11:04:47'),
(486, NULL, NULL, NULL, 53, NULL, NULL, 'votivetester.saurabh@gmail.com', 'srb', 'sahu', '7412583698', 1, '2022-08-24 11:05:44', '2022-08-24 11:05:44'),
(487, NULL, 108, 390, NULL, NULL, NULL, 'votivetester.saurabh@gmail.com', 'srb', 'sahu', '7412583698', 1, '2022-08-24 11:06:45', '2022-08-24 11:06:45'),
(488, NULL, NULL, NULL, NULL, 592, NULL, 'votivetester.saurabh@gmail.com', 'srb', 'sahu', '7412583698', 1, '2022-08-24 11:08:56', '2022-08-24 11:08:56'),
(489, NULL, NULL, NULL, 190, NULL, NULL, 'votivetster.saurabh@gmail.com', 'srb', 'sahu', '7412583698', 1, '2022-08-24 12:03:01', '2022-08-24 12:03:01'),
(490, NULL, 281, 967, NULL, NULL, NULL, 'votivetester.saurabh@gmail.com', 'srb', 'sahu', '7412583698', 1, '2022-08-24 13:18:10', '2022-08-24 13:18:10'),
(491, NULL, NULL, NULL, 190, NULL, NULL, 'votivetester.saurabh@gmail.com', 'srb', 'sahu', '7412583698', 1, '2022-08-24 13:19:14', '2022-08-24 13:19:14'),
(492, NULL, NULL, NULL, 190, NULL, NULL, 'votivetester.saurabh@gmail.com', 'srb', 'sahu', '7412583698', 1, '2022-08-24 13:20:13', '2022-08-24 13:20:13'),
(493, NULL, NULL, NULL, 190, NULL, NULL, 'pushpendrajha@gmail.com', 'Pushpendra', 'jha', '09179004123', 1, '2022-08-24 13:21:39', '2022-08-24 13:21:39'),
(494, NULL, NULL, NULL, NULL, 323, NULL, 'votivetester.saurabh@gmail.com', 'srb', 'sahu', '9874561478', 1, '2022-08-24 13:25:20', '2022-08-24 13:25:20'),
(495, NULL, NULL, NULL, NULL, 297, NULL, 'votivetester.saurabh@gmail.com', 'srb', 'sahu', '9874561478', 1, '2022-08-24 13:27:21', '2022-08-24 13:27:21'),
(496, NULL, NULL, NULL, 190, NULL, NULL, 'votivetester.saurabh@gmail.com', 'srb', 'sahu', '7125836987', 1, '2022-08-24 13:28:38', '2022-08-24 13:28:38'),
(497, NULL, NULL, NULL, 190, NULL, NULL, 'votivetester.saurabh@gmail.com', 'srb', 'sahu', '9874561478', 1, '2022-08-24 13:29:28', '2022-08-24 13:29:28'),
(498, NULL, NULL, NULL, 190, NULL, NULL, 'pushpendrajha@gmail.com', 'Pushpendra', 'jha', '9179004123', 1, '2022-08-24 13:30:46', '2022-08-24 13:30:46'),
(499, NULL, NULL, NULL, 190, NULL, NULL, 'votivetester.saurabh@gmail.com', 'srb', 'sahu', '9874561478', 1, '2022-08-24 13:34:50', '2022-08-24 13:34:50'),
(500, NULL, NULL, NULL, 190, NULL, NULL, 'votivetester.saurabh@gmail.com', 'srb', 'sahu', '9874561478', 1, '2022-08-24 13:36:24', '2022-08-24 13:36:24'),
(501, NULL, NULL, NULL, 190, NULL, NULL, 'pushpendrajha@gmail.com', 'Pushpendra', 'jha', '9794545454', 1, '2022-08-24 13:37:41', '2022-08-24 13:37:41'),
(502, NULL, 281, 971, NULL, NULL, NULL, 'votivetester.saurabh@gmail.com', 'srb', 'sahu', '7412583699', 1, '2022-08-25 05:20:47', '2022-08-25 05:20:47'),
(503, NULL, NULL, NULL, 190, NULL, NULL, 'votivetester.saurabh@gmail.com', 'srb', 'sahu', '7412583698', 1, '2022-08-25 05:21:59', '2022-08-25 05:21:59'),
(504, NULL, NULL, NULL, NULL, 323, NULL, 'votivetester.saurabh@gmail.com', 'srb', 'sahu', '7412583698', 1, '2022-08-25 05:24:47', '2022-08-25 05:24:47'),
(505, NULL, 228, 282, NULL, NULL, NULL, 'votivetester.saurabh@gmail.com', 'srb', 'sahu', '7412583698', 1, '2022-08-25 06:42:00', '2022-08-25 06:42:00'),
(506, NULL, NULL, NULL, 190, NULL, NULL, 'votivetester.saurabh@gmail.com', 'srb', 'sahu', '7412583698', 1, '2022-08-25 06:43:08', '2022-08-25 06:43:08'),
(507, NULL, NULL, NULL, NULL, NULL, 64, 'votivetester.saurabh@gmail.com', 'srb', 'sahu', '7412583698', 1, '2022-08-25 06:44:41', '2022-08-25 06:44:41'),
(508, NULL, NULL, NULL, NULL, 403, NULL, 'votivetester.saurabh@gmail.com', 'srb', 'sahu', '7412589874', 1, '2022-08-25 06:45:41', '2022-08-25 06:45:41'),
(509, NULL, NULL, NULL, 188, NULL, NULL, 'votivetester.saurabh@gmail.com', 'srb', 'sahu', '7412583698', 1, '2022-08-25 08:16:56', '2022-08-25 08:16:56'),
(510, NULL, NULL, NULL, NULL, 403, NULL, 'votivetester.saurabh@gmail.com', 'srb', 'sahu', '7412583698', 1, '2022-08-25 08:24:11', '2022-08-25 08:24:11'),
(511, NULL, NULL, NULL, 188, NULL, NULL, 'votivetester.saurabh@gmail.com', 'srb', 'sahu', '7412536984', 1, '2022-08-25 08:26:08', '2022-08-25 08:26:08'),
(512, NULL, NULL, NULL, 203, NULL, NULL, 'votivetester.saurabh@gmail.com', 'srb', 'sahu', '7412583698', 1, '2022-08-25 08:27:12', '2022-08-25 08:27:12'),
(513, NULL, 95, 76, NULL, NULL, NULL, 'votivetester.saurabh@gmail.com', 'srb', 'sahu', '7412583698', 1, '2022-08-25 08:31:29', '2022-08-25 08:31:29'),
(514, NULL, 100, 55, NULL, NULL, NULL, 'votivetester.saurabh@gmail.com', 'srb', 'sahu', '7412583694', 1, '2022-08-25 08:32:51', '2022-08-25 08:32:51'),
(515, NULL, NULL, NULL, NULL, NULL, 48, 'votivetester.saurabh@gmail.com', 'srb', 'sahu', '9874561478', 1, '2022-08-25 08:33:49', '2022-08-25 08:33:49'),
(516, NULL, 95, 84, NULL, NULL, NULL, 'votivetester.saurabh@gmail.com', 'srb', 'sahu', '7412583698', 1, '2022-08-25 09:27:54', '2022-08-25 09:27:54'),
(517, NULL, NULL, NULL, 190, NULL, NULL, 'votivetester.saurabh@gmail.com', 'srb', 'sahu', '7412583698', 1, '2022-08-25 09:31:07', '2022-08-25 09:31:08'),
(518, NULL, 228, 288, NULL, NULL, NULL, 'votivetester.saurabh@gmail.com', 'srb', 'sahu', '7412583669', 1, '2022-08-25 10:16:46', '2022-08-25 10:16:46'),
(519, NULL, NULL, NULL, NULL, 540, NULL, 'votivetester.saurabh@gmail.com', 'srb', 'sahu', '7412583698', 1, '2022-08-25 10:18:06', '2022-08-25 10:18:06'),
(520, NULL, NULL, NULL, NULL, NULL, 64, 'votivetester.saurabh@gmail.com', 'srb', 'sahu', '7412583698', 1, '2022-08-25 10:19:25', '2022-08-25 10:19:25'),
(521, NULL, NULL, NULL, 54, NULL, NULL, 'votivetester.saurabh@gmail.com', 'srb', 'sahu', '7412583698', 1, '2022-08-25 10:20:51', '2022-08-25 10:20:51'),
(522, NULL, NULL, NULL, 54, NULL, NULL, 'votivetester.saurabh@gmail.com', 'srb', 'sahu', '9874561478', 1, '2022-08-25 10:51:18', '2022-08-25 10:51:18'),
(523, NULL, NULL, NULL, 188, NULL, NULL, 'votivetester.saurabh@gmail.com', 'srb', 'sahu', '7412583698', 1, '2022-08-25 10:54:53', '2022-08-25 10:54:53'),
(524, NULL, NULL, NULL, 190, NULL, NULL, 'votivetester.saurabh@gmail.com', 'srb', 'sahu', '7412583694', 1, '2022-08-25 10:59:12', '2022-08-25 10:59:12'),
(525, NULL, NULL, NULL, NULL, 406, NULL, 'votivetester.saurabh@gmail.com', 'srb', 'sahu', '9874562587', 1, '2022-08-25 11:07:56', '2022-08-25 11:07:56'),
(526, NULL, NULL, NULL, 188, NULL, NULL, 'votivetester.saurabh@gmail.com', 'srb', 'sahu', '7412583698', 1, '2022-08-25 11:38:47', '2022-08-25 11:38:47'),
(527, NULL, NULL, NULL, 54, NULL, NULL, 'votivetester.saurabh@gmail.com', 'srb', 'sahu', '7412583698', 1, '2022-08-25 11:40:38', '2022-08-25 11:40:38'),
(528, NULL, NULL, NULL, NULL, 272, NULL, 'votivephp.rahulraj@gmail.com', 'rahul', 'solanki', '942509544', 1, '2022-08-25 12:21:54', '2022-08-25 12:21:54'),
(529, NULL, NULL, NULL, 188, NULL, NULL, 'votivetester.saurabh@gmail.com', 'srb', 'sahu', '7412583698', 1, '2022-08-25 12:42:31', '2022-08-25 12:42:31'),
(530, NULL, NULL, NULL, 18, NULL, NULL, 'votivetester.saurabh@gmail.com', 'srb', 'sahu', '74412583698', 1, '2022-08-25 12:48:02', '2022-08-25 12:48:02'),
(531, NULL, NULL, NULL, 190, NULL, NULL, 'votivetester.saurabh@gmail.com', 'srb', 'sahu', '9874561478', 1, '2022-08-25 12:50:38', '2022-08-25 12:50:38'),
(532, NULL, 104, 72, NULL, NULL, NULL, 'votivetester.saurabh@gmail.com', 'srb', 'sahu', '7412583698', 1, '2022-08-25 13:06:28', '2022-08-25 13:06:28'),
(533, NULL, NULL, NULL, 188, NULL, NULL, 'votivetester.saurabh@gmail.com', 'srb', 'sahu', '7412583698', 1, '2022-08-25 13:09:02', '2022-08-25 13:09:02'),
(534, NULL, NULL, NULL, NULL, NULL, 48, 'votivetester.saurabh@gmail.com', 'srb', 'sahu', '9874561478', 1, '2022-08-25 13:10:20', '2022-08-25 13:10:20'),
(535, NULL, NULL, NULL, NULL, 406, NULL, 'votivetester.saurabh@gmail.com', 'srb', 'sahu', '7412583698', 1, '2022-08-25 13:11:05', '2022-08-25 13:11:05'),
(536, NULL, NULL, NULL, 54, NULL, NULL, 'votivetester.saurabh@gmail.com', 'srb', 'sahu', '9874561478', 1, '2022-08-25 13:13:26', '2022-08-25 13:13:26'),
(537, NULL, NULL, NULL, 53, NULL, NULL, 'votivetester.saurabh@gmail.com', 'srb', 'sahu', '9874561478', 1, '2022-08-25 13:14:29', '2022-08-25 13:14:29'),
(538, NULL, NULL, NULL, 190, NULL, NULL, 'votivetester.saurabh@gmail.com', 'srb', 'sahu', '9874561478', 1, '2022-08-25 13:15:25', '2022-08-25 13:15:25'),
(539, NULL, NULL, NULL, NULL, 622, NULL, 'votivetester.saurabh@gmail.com', 'srb', 'sahu', '9874562587', 1, '2022-08-25 13:17:18', '2022-08-25 13:17:18'),
(540, NULL, NULL, NULL, 188, NULL, NULL, 'votivetester.saurabh@gmail.com', 'srb', 'sahu', '7412583698', 1, '2022-08-26 04:46:17', '2022-08-26 04:46:17'),
(541, NULL, NULL, NULL, 54, NULL, NULL, 'votivetester.saurabh@gmail.com', 'srb', 'sahu', '9874562587', 1, '2022-08-26 04:50:49', '2022-08-26 04:50:49'),
(542, NULL, NULL, NULL, 54, NULL, NULL, 'votivetester.saurabh@gmail.com', 'srb', 'sahu', '74125583698', 1, '2022-08-26 05:22:02', '2022-08-26 05:22:02'),
(543, NULL, NULL, NULL, NULL, NULL, 64, 'votivetester.saurabh@gmail.com', 'srb', 'sahu', '9874562587', 1, '2022-08-26 05:23:12', '2022-08-26 05:23:12'),
(544, NULL, NULL, NULL, NULL, 273, NULL, 'votivetester.saurabh@gmail.com', 'srb', 'sahu', '7412583699', 1, '2022-08-26 05:24:28', '2022-08-26 05:24:28'),
(545, NULL, 281, 382, NULL, NULL, NULL, 'votivetester.saurabh@gmail.com', 'srb', 'sahu', '9874562587', 1, '2022-08-26 05:26:29', '2022-08-26 05:26:29'),
(546, NULL, NULL, NULL, 53, NULL, NULL, 'votivetester.saurabh@gmail.com', 'srb', 'sahu', '7412583698', 1, '2022-08-26 05:27:28', '2022-08-26 05:27:28'),
(547, NULL, NULL, NULL, 188, NULL, NULL, 'votivetester.saurabh@gmail.com', 'srb', 'sahu', '7412583698', 1, '2022-08-26 05:28:33', '2022-08-26 05:28:33'),
(548, NULL, NULL, NULL, NULL, NULL, 64, 'votivetester.saurabh@gmail.com', 'srb', 'sahu', '7412583698', 1, '2022-08-26 05:29:15', '2022-08-26 05:29:15'),
(549, NULL, NULL, NULL, NULL, 297, NULL, 'votivetester.saurabh@gmail.com', 'srb', 'sahu', '9874562587', 1, '2022-08-26 05:29:53', '2022-08-26 05:29:53'),
(550, NULL, NULL, NULL, 214, NULL, NULL, 'votivetester.saurabh@gmail.com', 'srb', 'sahu', '7412583698', 1, '2022-08-26 05:48:32', '2022-08-26 05:48:32'),
(551, NULL, 281, 383, NULL, NULL, NULL, 'votivetester.saurabh@gmail.com', 'srb', 'sahu', '9874562587', 1, '2022-08-26 06:34:09', '2022-08-26 06:34:09'),
(552, NULL, NULL, NULL, 190, NULL, NULL, 'votivetester.saurabh@gmail.com', 'srb', 'sahu', '9874561478', 1, '2022-08-26 06:36:13', '2022-08-26 06:36:13'),
(553, NULL, NULL, NULL, 188, NULL, NULL, 'votivetester.saurabh@gmail.com', 'srb', 'sahu', '7412583698', 1, '2022-08-26 06:37:39', '2022-08-26 06:37:39'),
(554, NULL, NULL, NULL, NULL, 626, NULL, 'votivetester.saurabh@gmail.com', 'srb', 'sahu', '7412583698', 1, '2022-08-26 06:39:45', '2022-08-26 06:39:45'),
(555, NULL, NULL, NULL, 53, NULL, NULL, 'votivetester.saurabh@gmail.com', 'srb', 'sahu', '7412583698', 1, '2022-08-26 06:54:18', '2022-08-26 06:54:18'),
(556, NULL, 104, 195, NULL, NULL, NULL, 'votivetester.saurabh@gmail.com', 'srb', 'sahu', '9874561478', 1, '2022-08-26 06:56:50', '2022-08-26 06:56:50'),
(557, NULL, NULL, NULL, NULL, 633, NULL, 'votivetester.saurabh@gmail.com', 'srb', 'sahu', '7412583698', 1, '2022-08-26 06:58:21', '2022-08-26 06:58:21'),
(558, NULL, NULL, NULL, 190, NULL, NULL, 'votivetester.saurabh@gmail.com', 'srb', 'sahu', '9874561478', 1, '2022-08-26 07:01:00', '2022-08-26 07:01:00'),
(559, NULL, 519, 1033, NULL, NULL, NULL, 'votivephp.rahulraj@gmail.com', 'rahul', 'solanki', '942509544', 1, '2022-08-26 08:19:31', '2022-08-26 08:19:31'),
(560, NULL, NULL, NULL, 190, NULL, NULL, 'votivetester.saurabh@gmail.com', 'srb', 'sahu', '9874561478', 1, '2022-08-26 10:03:49', '2022-08-26 10:03:49'),
(561, NULL, 118, 107, NULL, NULL, NULL, 'votivetester.saurabh@gmail.com', 'srb', 'sahu', '9874562587', 1, '2022-08-26 10:10:58', '2022-08-26 10:10:58'),
(562, NULL, NULL, NULL, 190, NULL, NULL, 'votivetester.saurabh@gmail.com', 'srb', 'sahu', '9874561478', 1, '2022-08-26 10:50:49', '2022-08-26 10:50:49'),
(563, NULL, NULL, NULL, NULL, 323, NULL, 'votivetester.saurabh@gmail.com', 'srb', 'sahu', '9874561478', 1, '2022-08-26 11:07:12', '2022-08-26 11:07:12'),
(564, NULL, NULL, NULL, 54, NULL, NULL, 'votivetester.saurabh@gmail.com', 'srb', 'sahu', '9874561478', 1, '2022-08-26 11:58:07', '2022-08-26 11:58:07'),
(565, NULL, 100, 199, NULL, NULL, NULL, 'votivetester.saurabh@gmail.com', 'srb', 'sahu', '9874561478', 1, '2022-08-26 11:59:19', '2022-08-26 11:59:19'),
(566, NULL, NULL, NULL, NULL, 270, NULL, 'votivetester.saurabh@gmail.com', 'srb', 'sahu', '9874561478', 1, '2022-08-26 12:01:13', '2022-08-26 12:01:13'),
(567, NULL, 104, 66, NULL, NULL, NULL, 'votivetester.saurabh@gmail.com', 'srb', 'sahu', '9874561478', 1, '2022-08-26 12:04:29', '2022-08-26 12:04:29'),
(568, NULL, 104, 74, NULL, NULL, NULL, 'votivetester.saurabh@gmail.com', 'srb', 'sahu', '9874561478', 1, '2022-08-26 12:05:50', '2022-08-26 12:05:50'),
(569, NULL, NULL, NULL, 188, NULL, NULL, 'votivetester.saurabh@gmail.com', 'srb', 'sahu', '9874561478', 1, '2022-08-26 12:19:52', '2022-08-26 12:19:52'),
(570, NULL, 409, 775, NULL, NULL, NULL, 'votivephp.rahulraj@gmail.com', 'rahul', 'solanki', '942509544', 1, '2022-08-26 13:03:05', '2022-08-26 13:03:05'),
(571, NULL, 409, 775, NULL, NULL, NULL, 'votivephp.rahulraj@gmail.com', 'rahul', 'solanki', '942509544', 1, '2022-08-26 13:08:29', '2022-08-26 13:08:29'),
(572, NULL, 519, 1033, NULL, NULL, NULL, 'votivephp.rahulraj@gmail.com', 'rahul', 'solanki', '942509544', 1, '2022-08-26 13:32:26', '2022-08-26 13:32:26'),
(573, NULL, 458, 875, NULL, NULL, NULL, 'votivephp.rahulraj@gmail.com', 'rahul', 'solanki', '942509544', 1, '2022-08-27 08:43:07', '2022-08-27 08:43:07'),
(574, NULL, NULL, NULL, NULL, 362, NULL, 'votivephp.rahulraj@gmail.com', 'rahul', 'solanki', '942509544', 1, '2022-08-27 09:05:51', '2022-08-27 09:05:51'),
(575, NULL, NULL, NULL, NULL, 270, NULL, 'votivephp.rahulraj@gmail.com', 'rahul', 'solanki', '942509544', 1, '2022-08-27 10:56:52', '2022-08-27 10:56:52'),
(576, NULL, NULL, NULL, NULL, 272, NULL, 'votivephp.rahulraj@gmail.com', 'rahul', 'solanki', '942509544', 1, '2022-08-27 11:50:02', '2022-08-27 11:50:02'),
(577, NULL, NULL, NULL, 190, NULL, NULL, 'votivephp.rahulraj@gmail.com', 'rahulraj', 'votivephp', '942509544', 1, '2022-08-31 05:09:27', '2022-08-31 05:09:27'),
(578, NULL, NULL, NULL, 190, NULL, NULL, 'votivedesigner.krishna@gmail.com', 'krishna', 'patel', '95754870525', 1, '2022-09-01 09:45:20', '2022-09-01 09:45:20'),
(579, NULL, 520, 1034, NULL, NULL, NULL, 'votivephp.rahulraj@gmail.com', 'rahul', 'solanki', '942509544', 1, '2022-09-01 11:53:25', '2022-09-01 11:53:25'),
(580, NULL, NULL, NULL, 192, NULL, NULL, 'votivedesigner.krishna@gmail.com', 'krishna', 'patel', '9575487052', 1, '2022-09-01 11:54:39', '2022-09-01 11:54:39'),
(581, NULL, NULL, NULL, 190, NULL, NULL, 'votivephp.rahulraj@gmail.com', 'rahul', 'votivephp', '942509544', 1, '2022-09-01 12:37:23', '2022-09-01 12:37:23'),
(582, NULL, NULL, NULL, 190, NULL, NULL, 'votivedesigner.krishna@gmail.com', 'krishna', 'patel', '95754870525', 1, '2022-09-02 06:20:23', '2022-09-02 06:20:23'),
(583, NULL, 458, 1035, NULL, NULL, NULL, 'votivedesigner.krishna@gmail.com', 'krishna', 'patel', '9575487052', 1, '2022-09-06 06:24:10', '2022-09-06 06:24:10');

-- --------------------------------------------------------

--
-- Table structure for table `H1_Hotel_and_other_Stays`
--

CREATE TABLE `H1_Hotel_and_other_Stays` (
  `id` int(11) NOT NULL,
  `stay_type` varchar(255) COLLATE utf8_unicode_ci NOT NULL,
  `description` text COLLATE utf8_unicode_ci NOT NULL,
  `status` tinyint(2) NOT NULL DEFAULT 1,
  `created_at` datetime DEFAULT current_timestamp(),
  `updated_at` timestamp NULL DEFAULT NULL
) ENGINE=InnoDB DEFAULT CHARSET=utf8 COLLATE=utf8_unicode_ci;

--
-- Dumping data for table `H1_Hotel_and_other_Stays`
--

INSERT INTO `H1_Hotel_and_other_Stays` (`id`, `stay_type`, `description`, `status`, `created_at`, `updated_at`) VALUES
(4, 'Homestay', 'A shared home where the guest has a private room and the host lives and is on site. Some facilities are shared between hosts and guests.', 1, '2022-06-01 10:11:13', NULL),
(5, 'Hostel', 'Budget accommodation with mostly dorm-style bedding and a social atmosphere', 1, '2022-06-01 10:11:25', NULL),
(6, 'Aparthotel', 'A self-catering apartment with some hotel facilities like a reception desk', 1, '2022-06-01 10:11:36', '2022-07-07 05:39:45'),
(7, 'Capsule', 'Extremely small units or capsules offering cheap and basic overnight accommodation', 1, '2022-06-01 10:11:47', '2022-07-26 09:28:22'),
(8, 'Country house', 'Private home with simple accommodation in the countryside', 1, '2022-06-01 10:11:47', NULL),
(9, 'Farm stay', 'Private farm with simple accommodation.', 1, '2022-06-01 10:12:34', '2022-06-02 10:43:59'),
(10, 'Inn', 'Small and basic accommodation with a rustic feel', 1, '2022-06-01 10:12:43', NULL),
(11, 'Motel', 'Roadside hotel usually for motorists, with direct access to parking and little to no amenities', 1, '2022-06-01 10:13:04', '2022-08-26 13:16:37'),
(12, 'Hotel', 'Accommodation for travellers often offering restaurants, meeting rooms and other guest services', 1, '2022-08-30 16:02:42', NULL),
(14, 'Guest House', 'Private home with separate living facilities for host and guest', 1, '2022-09-05 11:28:30', NULL),
(15, 'Bed and breakfast', 'Private home offering overnight stays and breakfast', 1, '2022-09-05 11:28:44', NULL),
(16, 'Lodge', 'Private home with accommodation surrounded by nature, such as mountains or forest', 1, '2022-09-05 11:29:01', NULL),
(17, 'Resort', 'A place for relaxation with onsite restaurants, activities and often with a luxury feel', 1, '2022-09-05 11:30:11', NULL);

-- --------------------------------------------------------

--
-- Table structure for table `H2_Amenities`
--

CREATE TABLE `H2_Amenities` (
  `amenity_id` int(11) NOT NULL,
  `amenity_name` varchar(255) COLLATE utf8_unicode_ci NOT NULL,
  `amenity_icon` varchar(255) COLLATE utf8_unicode_ci DEFAULT NULL,
  `amenity_type` int(11) NOT NULL,
  `amenity_type_name` varchar(255) COLLATE utf8_unicode_ci DEFAULT NULL,
  `amenity_type_sym` varchar(255) COLLATE utf8_unicode_ci DEFAULT NULL,
  `order_by` varchar(255) COLLATE utf8_unicode_ci DEFAULT NULL,
  `status` tinyint(2) NOT NULL DEFAULT 1,
  `created_at` datetime NOT NULL DEFAULT current_timestamp(),
  `updated_at` timestamp NULL DEFAULT NULL
) ENGINE=InnoDB DEFAULT CHARSET=utf8 COLLATE=utf8_unicode_ci;

--
-- Dumping data for table `H2_Amenities`
--

INSERT INTO `H2_Amenities` (`amenity_id`, `amenity_name`, `amenity_icon`, `amenity_type`, `amenity_type_name`, `amenity_type_sym`, `order_by`, `status`, `created_at`, `updated_at`) VALUES
(19, 'Alarm clock', '', 8, 'Services & extras', 'Services_&_extras', NULL, 1, '2022-06-02 07:11:13', '2022-08-05 05:51:00'),
(30, 'support', '', 8, 'Services & extras', 'Services_&_extras', NULL, 1, '2022-06-10 12:46:55', NULL),
(43, 'Extra long beds (> 2 metres)', '', 1, 'Room Amenities', 'Room_Amenities', NULL, 1, '2022-06-13 06:55:10', NULL),
(44, 'Fan', '', 1, 'Room Amenities', 'Room_Amenities', NULL, 1, '2022-06-13 06:56:23', NULL),
(45, 'Fireplace', '', 1, 'Room Amenities', 'Room_Amenities', NULL, 1, '2022-06-13 06:57:02', NULL),
(46, 'Heating', '', 1, 'Room Amenities', 'Room_Amenities', NULL, 1, '2022-06-13 06:57:42', NULL),
(47, 'Interconnected room(s) available', '', 1, 'Room Amenities', 'Room_Amenities', NULL, 1, '2022-06-13 06:58:16', NULL),
(48, 'Iron', '', 1, 'Room Amenities', 'Room_Amenities', NULL, 1, '2022-06-13 06:58:54', NULL),
(49, 'Ironing facilities', '', 1, 'Room Amenities', 'Room_Amenities', NULL, 1, '2022-06-13 06:59:23', NULL),
(50, 'Mosquito net', '', 1, 'Room Amenities', 'Room_Amenities', NULL, 1, '2022-06-13 07:00:08', NULL),
(51, 'Safety deposit box', '', 1, 'Room Amenities', 'Room_Amenities', NULL, 1, '2022-06-13 07:00:45', NULL),
(53, 'Soundproofing', '', 1, 'Room Amenities', 'Room_Amenities', NULL, 1, '2022-06-13 07:02:08', NULL),
(54, 'Seating Area', '', 1, 'Room Amenities', 'Room_Amenities', NULL, 1, '2022-06-13 07:02:47', NULL),
(55, 'Tile/marble floor', '', 1, 'Room Amenities', 'Room_Amenities', NULL, 1, '2022-06-13 07:03:20', NULL),
(56, 'Pants press', '', 1, 'Room Amenities', 'Room_Amenities', NULL, 1, '2022-06-13 07:03:58', NULL),
(57, 'Hardwood or parquet floors', '', 1, 'Room Amenities', 'Room_Amenities', NULL, 1, '2022-06-13 07:04:27', NULL),
(58, 'Desk', '', 1, 'Room Amenities', 'Room_Amenities', NULL, 1, '2022-06-13 07:05:06', NULL),
(59, 'Hypoallergenic', '', 1, 'Room Amenities', 'Room_Amenities', NULL, 1, '2022-06-13 07:05:36', NULL),
(60, 'Cleaning products', '', 1, 'Room Amenities', 'Room_Amenities', NULL, 1, '2022-06-13 07:06:07', NULL),
(61, 'Electric blankets', '', 1, 'Room Amenities', 'Room_Amenities', NULL, 1, '2022-06-13 07:06:32', NULL),
(62, 'Private entrance', '', 1, 'Room Amenities', 'Room_Amenities', NULL, 1, '2022-06-13 07:09:11', NULL),
(63, 'Bath', '', 2, 'Bathroom', 'Bathroom', NULL, 1, '2022-06-13 07:16:20', NULL),
(64, 'Bidet', '', 2, 'Bathroom', 'Bathroom', NULL, 1, '2022-06-13 07:16:44', NULL),
(65, 'Bath or shower', '', 2, 'Bathroom', 'Bathroom', NULL, 1, '2022-06-13 07:17:12', NULL),
(66, 'Bathrobe', '', 2, 'Bathroom', 'Bathroom', NULL, 1, '2022-06-13 07:17:42', NULL),
(67, 'Private bathroom', '', 2, 'Bathroom', 'Bathroom', NULL, 1, '2022-06-13 07:18:20', NULL),
(68, 'Free toiletries', '', 2, 'Bathroom', 'Bathroom', NULL, 1, '2022-06-13 07:18:55', NULL),
(69, 'Spa bath', '', 2, 'Bathroom', 'Bathroom', NULL, 1, '2022-06-13 07:19:53', NULL),
(70, 'Shared bathroom', '', 2, 'Bathroom', 'Bathroom', NULL, 1, '2022-06-13 07:20:23', NULL),
(71, 'Shower', '', 2, 'Bathroom', 'Bathroom', NULL, 1, '2022-06-13 07:20:56', NULL),
(73, 'Slippers', '', 2, 'Bathroom', 'Bathroom', NULL, 1, '2022-06-13 07:21:59', NULL),
(74, 'Toilet', '', 2, 'Bathroom', 'Bathroom', NULL, 1, '2022-06-13 07:22:21', NULL),
(75, 'Books, DVDs, or music for children', '', 7, 'Entertainment and family services', 'Entertainment_and_family_services', NULL, 1, '2022-06-13 07:25:45', NULL),
(76, 'Child safety socket covers', '', 7, 'Entertainment and family services', 'Entertainment_and_family_services', NULL, 1, '2022-06-13 07:26:19', NULL),
(77, 'Wake-up service', '', 8, 'Services & extras', 'Services_&_extras', NULL, 1, '2022-06-13 07:28:37', NULL),
(78, 'Wake up service/Alarm clock', '', 8, 'Services & extras', 'Services_&_extras', NULL, 1, '2022-06-13 07:28:53', NULL),
(79, 'Linen', '', 8, 'Services & extras', 'Services_&_extras', NULL, 1, '2022-06-13 07:29:07', NULL),
(80, 'Towels', '', 8, 'Services & extras', 'Services_&_extras', NULL, 1, '2022-06-13 07:29:22', NULL),
(81, 'Towels/sheets (extra fee)', '', 8, 'Services & extras', 'Services_&_extras', NULL, 1, '2022-06-13 07:29:40', NULL),
(82, 'Game console', '', 3, 'Media and Technology', 'Media_and_Technology', NULL, 1, '2022-06-13 08:13:26', NULL),
(83, 'Game console  Nintendo Wii', '', 3, 'Media and Technology', 'Media_and_Technology', NULL, 1, '2022-06-13 08:14:09', NULL),
(85, 'Game console  PS2', '', 3, 'Media and Technology', 'Media_and_Technology', NULL, 1, '2022-06-13 08:14:54', NULL),
(86, 'Game console  PS3', '', 3, 'Media and Technology', 'Media_and_Technology', NULL, 1, '2022-06-13 08:15:38', NULL),
(87, 'Game console  Xbox 360', '', 3, 'Media and Technology', 'Media_and_Technology', NULL, 1, '2022-06-13 08:16:11', NULL),
(88, 'Laptop', '', 3, 'Media and Technology', 'Media_and_Technology', NULL, 1, '2022-06-13 08:16:47', NULL),
(89, 'iPad', '', 3, 'Media and Technology', 'Media_and_Technology', NULL, 1, '2022-06-13 08:19:53', NULL),
(90, 'Cable channels', '', 3, 'Media and Technology', 'Media_and_Technology', NULL, 1, '2022-06-13 08:20:18', NULL),
(91, 'CD player', '', 3, 'Media and Technology', 'Media_and_Technology', NULL, 1, '2022-06-13 08:20:39', NULL),
(92, 'DVD player', '', 3, 'Media and Technology', 'Media_and_Technology', NULL, 1, '2022-06-13 08:20:56', NULL),
(93, 'Fax', '', 3, 'Media and Technology', 'Media_and_Technology', NULL, 1, '2022-06-13 08:21:26', NULL),
(94, 'iPod dock', '', 3, 'Media and Technology', 'Media_and_Technology', NULL, 1, '2022-06-13 08:21:51', NULL),
(95, 'Laptop safe', '', 3, 'Media and Technology', 'Media_and_Technology', NULL, 1, '2022-06-13 08:22:21', NULL),
(96, 'Flat-screen TV', '', 3, 'Media and Technology', 'Media_and_Technology', NULL, 1, '2022-06-13 08:22:49', NULL),
(97, 'Pay-per-view channels', '', 3, 'Media and Technology', 'Media_and_Technology', NULL, 1, '2022-06-13 08:23:14', NULL),
(98, 'Radio', '', 3, 'Media and Technology', 'Media_and_Technology', NULL, 1, '2022-06-13 08:23:41', NULL),
(99, 'Satellite channels', '', 3, 'Media and Technology', 'Media_and_Technology', NULL, 1, '2022-06-13 08:24:03', NULL),
(100, 'Telephone', '', 3, 'Media and Technology', 'Media_and_Technology', NULL, 1, '2022-06-13 08:24:32', NULL),
(101, 'TV', '', 3, 'Media and Technology', 'Media_and_Technology', NULL, 1, '2022-06-13 08:24:52', NULL),
(102, 'Video', '', 3, 'Media and Technology', 'Media_and_Technology', NULL, 1, '2022-06-13 08:25:07', NULL),
(103, 'Video games', '', 3, 'Media and Technology', 'Media_and_Technology', NULL, 1, '2022-06-13 08:25:26', NULL),
(104, 'Blu-ray player', '', 3, 'Media and Technology', 'Media_and_Technology', NULL, 1, '2022-06-13 08:25:53', NULL),
(105, 'Barbecue', '', 4, 'Food & drink', 'Food_&_drink', NULL, 1, '2022-06-13 08:27:02', NULL),
(108, 'Toaster', '', 4, 'Food & drink', 'Food_&_drink', NULL, 1, '2022-06-13 08:27:58', NULL),
(109, 'Electric kettle', '', 4, 'Food & drink', 'Food_&_drink', NULL, 1, '2022-06-13 08:28:26', NULL),
(110, 'Outdoor dining area', '', 4, 'Food & drink', 'Food_&_drink', NULL, 1, '2022-06-13 08:28:59', NULL),
(111, 'Outdoor furniture', '', 4, 'Food & drink', 'Food_&_drink', NULL, 1, '2022-06-13 08:29:24', NULL),
(112, 'Minibar', '', 4, 'Food & drink', 'Food_&_drink', NULL, 1, '2022-06-13 08:30:00', NULL),
(113, 'Kitchenette', '', 4, 'Food & drink', 'Food_&_drink', NULL, 1, '2022-06-13 08:30:30', NULL),
(114, 'Kitchenware', '', 4, 'Food & drink', 'Food_&_drink', NULL, 1, '2022-06-13 08:30:57', NULL),
(115, 'Microwave', '', 4, 'Food & drink', 'Food_&_drink', NULL, 1, '2022-06-13 08:31:20', NULL),
(116, 'Refrigerator', '', 4, 'Food & drink', 'Food_&_drink', NULL, 1, '2022-06-13 08:31:42', NULL),
(117, 'Tea/Coffee maker', '', 4, 'Food & drink', 'Food_&_drink', NULL, 1, '2022-06-13 08:32:05', NULL),
(118, 'Coffee machine', '', 4, 'Food & drink', 'Food_&_drink', NULL, 1, '2022-06-13 08:32:34', NULL),
(119, 'Children\'s high chair', '', 4, 'Food & drink', 'Food_&_drink', NULL, 1, '2022-06-13 08:32:49', NULL),
(121, 'View', '', 5, 'Outdoor and view', 'Outdoor_and_view', NULL, 1, '2022-06-13 08:33:52', NULL),
(122, 'Terrace', '', 5, 'Outdoor and view', 'Outdoor_and_view', NULL, 1, '2022-06-13 08:34:25', NULL),
(123, 'City view', '', 5, 'Outdoor and view', 'Outdoor_and_view', NULL, 1, '2022-06-13 08:34:43', NULL),
(124, 'Garden view', '', 5, 'Outdoor and view', 'Outdoor_and_view', NULL, 1, '2022-06-13 08:35:06', NULL),
(125, 'Lake view', '', 5, 'Outdoor and view', 'Outdoor_and_view', NULL, 1, '2022-06-13 08:35:32', NULL),
(126, 'Landmark view', '', 5, 'Outdoor and view', 'Outdoor_and_view', NULL, 1, '2022-06-13 08:35:59', NULL),
(127, 'Mountain view', '', 5, 'Outdoor and view', 'Outdoor_and_view', NULL, 1, '2022-06-13 08:36:15', NULL),
(128, 'Pool view', '', 5, 'Outdoor and view', 'Outdoor_and_view', NULL, 1, '2022-06-13 08:36:33', NULL),
(129, 'River view', '', 5, 'Outdoor and view', 'Outdoor_and_view', NULL, 1, '2022-06-13 08:36:52', NULL),
(130, 'Sea view', '', 5, 'Outdoor and view', 'Outdoor_and_view', NULL, 1, '2022-06-13 08:37:22', NULL),
(131, 'Stovetop', '', 4, 'Food & drink', 'Food_&_drink', NULL, 1, '2022-06-13 08:50:58', NULL),
(132, 'Upper floors accessible by elevator', '', 6, 'Accessibility', 'Accessibility', NULL, 1, '2022-06-13 08:55:53', NULL),
(133, 'Upper floors accessible by stairs only', '', 6, 'Accessibility', 'Accessibility', NULL, 1, '2022-06-13 08:56:12', NULL),
(134, 'Toilet with grab rails', '', 6, 'Accessibility', 'Accessibility', NULL, 1, '2022-06-13 08:56:29', NULL),
(144, 'certain', '', 1, 'Room Amenities', 'Room_Amenities', NULL, 1, '2022-06-15 06:22:34', NULL),
(147, 'exhaust fan', '', 1, 'Room Amenities', 'Room_Amenities', NULL, 1, '2022-06-15 12:16:55', NULL),
(157, 'internet', NULL, 6, 'Accessibility', 'Accessibility', NULL, 1, '2022-06-21 08:47:14', '2022-08-02 08:27:41'),
(159, 'fridge, kitchenware', NULL, 30, 'kitchen facility', 'kitchen_facility', NULL, 1, '2022-06-21 10:49:00', NULL);

-- --------------------------------------------------------

--
-- Table structure for table `H3_Services`
--

CREATE TABLE `H3_Services` (
  `id` int(11) NOT NULL,
  `service_name` varchar(255) COLLATE utf8_unicode_ci NOT NULL,
  `service_type_id` int(11) NOT NULL,
  `service_type_name` varchar(255) COLLATE utf8_unicode_ci NOT NULL,
  `service_type` varchar(255) COLLATE utf8_unicode_ci NOT NULL,
  `status` tinyint(2) NOT NULL DEFAULT 1,
  `created_at` datetime NOT NULL DEFAULT current_timestamp(),
  `updated_at` timestamp NULL DEFAULT current_timestamp() ON UPDATE current_timestamp()
) ENGINE=InnoDB DEFAULT CHARSET=utf8 COLLATE=utf8_unicode_ci;

--
-- Dumping data for table `H3_Services`
--

INSERT INTO `H3_Services` (`id`, `service_name`, `service_type_id`, `service_type_name`, `service_type`, `status`, `created_at`, `updated_at`) VALUES
(1, 'Baby safety gates', 1, 'Entertainment_and_family_services', 'Entertainment_n_Family', 1, '2022-06-02 05:17:06', '2022-06-17 06:31:55'),
(2, 'Board games/puzzles', 1, 'Entertainment_and_family_services', 'Entertainment_n_Family', 1, '2022-06-02 05:17:06', '2022-06-17 06:31:59'),
(3, 'Books, DVDs, or music for children', 1, 'Entertainment_and_family_services', 'Entertainment_n_Family', 1, '2022-06-02 05:17:06', '2022-06-17 06:32:02'),
(4, 'Child safety socket covers', 1, 'Entertainment_and_family_services', 'Entertainment_n_Family', 1, '2022-06-02 05:17:06', '2022-06-17 06:32:06'),
(5, 'Executive lounge access', 2, 'Services_&_Extras', 'Services_n_Extras', 1, '2022-06-02 05:18:46', '2022-06-17 06:32:53'),
(6, 'Alarm clock', 2, 'Services_&_Extras', 'Services_n_Extras', 1, '2022-06-02 05:18:46', '2022-06-17 06:32:57'),
(7, 'Wake-up service', 2, 'Services_&_Extras', 'Services_n_Extras', 1, '2022-06-02 05:18:46', '2022-06-17 06:33:00'),
(8, 'Wake up service/Alarm clock', 2, 'Services_&_Extras', 'Services_n_Extras', 1, '2022-06-02 05:18:46', '2022-06-17 06:33:04'),
(9, 'Linen', 2, 'Services_&_Extras', 'Services_n_Extras', 1, '2022-06-02 05:18:46', '2022-06-17 06:33:08'),
(10, 'Towels', 2, 'Services_&_Extras', 'Services_n_Extras', 1, '2022-06-02 05:18:46', '2022-06-17 06:33:12'),
(11, 'Towels/sheets (extra fee) ', 2, 'Services_&_Extras', 'Services_n_Extras', 1, '2022-06-02 05:18:46', '2022-06-17 06:33:15');

-- --------------------------------------------------------

--
-- Table structure for table `hotels`
--

CREATE TABLE `hotels` (
  `hotel_id` int(11) NOT NULL,
  `hotel_user_id` int(11) NOT NULL DEFAULT 0,
  `is_admin` int(11) NOT NULL DEFAULT 0 COMMENT '"1" =>Admin, "2"=>?, "3"=> Vendor',
  `hotel_name` varchar(255) COLLATE utf8_unicode_ci NOT NULL,
  `hotel_content` text COLLATE utf8_unicode_ci DEFAULT NULL,
  `property_contact_name` varchar(255) COLLATE utf8_unicode_ci NOT NULL,
  `property_contact_num` varchar(255) COLLATE utf8_unicode_ci NOT NULL,
  `property_alternate_num` varchar(255) COLLATE utf8_unicode_ci DEFAULT NULL,
  `cat_listed_room_type` int(11) DEFAULT NULL,
  `where_property_listed` int(11) NOT NULL,
  `do_you_multiple_hotel` int(11) NOT NULL,
  `hotel_rating` int(11) NOT NULL,
  `user_rating` int(11) DEFAULT NULL,
  `scout_id` int(11) DEFAULT NULL,
  `checkin_time` varchar(255) COLLATE utf8_unicode_ci DEFAULT NULL,
  `checkout_time` varchar(255) COLLATE utf8_unicode_ci DEFAULT NULL,
  `min_day_before_book` varchar(255) COLLATE utf8_unicode_ci DEFAULT NULL,
  `min_day_stays` varchar(255) COLLATE utf8_unicode_ci DEFAULT NULL,
  `hotel_video` varchar(255) COLLATE utf8_unicode_ci DEFAULT NULL,
  `hotel_gallery` varchar(255) COLLATE utf8_unicode_ci DEFAULT NULL,
  `hotel_document` varchar(255) COLLATE utf8_unicode_ci DEFAULT NULL,
  `hotel_notes` text COLLATE utf8_unicode_ci DEFAULT NULL,
  `booking_option` tinyint(2) DEFAULT 0,
  `payment_mode` tinyint(4) NOT NULL DEFAULT 0 COMMENT '"0" =>Pay at Desk, "1"=>Full Payment, "2"=> Partial Payment ',
  `cancellation_mode` tinyint(4) NOT NULL DEFAULT 0,
  `cancel_time_period` tinyint(4) DEFAULT NULL,
  `num_of_days_cancellation` int(11) DEFAULT NULL,
  `cancel_policy` text COLLATE utf8_unicode_ci DEFAULT NULL,
  `min_hrs` int(11) DEFAULT NULL,
  `max_hrs` int(11) DEFAULT NULL,
  `min_hrs_percentage` int(11) DEFAULT NULL,
  `max_hrs_percentage` int(11) DEFAULT NULL,
  `hotel_address` varchar(255) COLLATE utf8_unicode_ci DEFAULT NULL,
  `hotel_latitude` varchar(255) COLLATE utf8_unicode_ci DEFAULT NULL,
  `hotel_longitude` varchar(255) COLLATE utf8_unicode_ci DEFAULT NULL,
  `hotel_city` varchar(255) COLLATE utf8_unicode_ci DEFAULT NULL,
  `neighb_area` varchar(255) COLLATE utf8_unicode_ci DEFAULT NULL,
  `hotel_country` varchar(255) COLLATE utf8_unicode_ci DEFAULT NULL,
  `attraction_name` varchar(255) COLLATE utf8_unicode_ci DEFAULT NULL,
  `attraction_content` text COLLATE utf8_unicode_ci DEFAULT NULL,
  `attraction_distance` varchar(255) COLLATE utf8_unicode_ci DEFAULT NULL,
  `attraction_type` varchar(255) COLLATE utf8_unicode_ci DEFAULT NULL,
  `stay_price` int(55) DEFAULT NULL,
  `extra_price_name` varchar(255) COLLATE utf8_unicode_ci DEFAULT NULL,
  `extra_price` varchar(255) COLLATE utf8_unicode_ci DEFAULT NULL,
  `extra_price_type` varchar(255) COLLATE utf8_unicode_ci DEFAULT NULL,
  `service_fee_name` varchar(255) COLLATE utf8_unicode_ci DEFAULT NULL,
  `service_fee` varchar(255) COLLATE utf8_unicode_ci DEFAULT NULL,
  `service_fee_type` varchar(255) COLLATE utf8_unicode_ci DEFAULT NULL,
  `property_type` varchar(255) COLLATE utf8_unicode_ci DEFAULT NULL,
  `parking_option` tinyint(4) NOT NULL DEFAULT 0 COMMENT '"0" =>No Parking, "1"=>Free Parking, "2"=> Paid Parking ',
  `parking_price` int(11) DEFAULT 0,
  `payment_interval` varchar(255) CHARACTER SET utf8 NOT NULL DEFAULT '0',
  `parking_reserv_need` tinyint(4) NOT NULL DEFAULT 0,
  `parking_locate` tinyint(4) NOT NULL DEFAULT 0,
  `parking_type` tinyint(4) NOT NULL DEFAULT 0,
  `breakfast_availability` tinyint(4) NOT NULL DEFAULT 0,
  `breakfast_price_inclusion` tinyint(4) NOT NULL DEFAULT 0,
  `breakfast_cost` varchar(100) CHARACTER SET utf8 DEFAULT NULL,
  `breakfast_type` varchar(100) CHARACTER SET utf8 DEFAULT NULL,
  `hotel_status` tinyint(4) NOT NULL DEFAULT 1,
  `created_at` datetime NOT NULL DEFAULT current_timestamp(),
  `updated_at` timestamp NULL DEFAULT current_timestamp()
) ENGINE=InnoDB DEFAULT CHARSET=utf8 COLLATE=utf8_unicode_ci;

--
-- Dumping data for table `hotels`
--

INSERT INTO `hotels` (`hotel_id`, `hotel_user_id`, `is_admin`, `hotel_name`, `hotel_content`, `property_contact_name`, `property_contact_num`, `property_alternate_num`, `cat_listed_room_type`, `where_property_listed`, `do_you_multiple_hotel`, `hotel_rating`, `user_rating`, `scout_id`, `checkin_time`, `checkout_time`, `min_day_before_book`, `min_day_stays`, `hotel_video`, `hotel_gallery`, `hotel_document`, `hotel_notes`, `booking_option`, `payment_mode`, `cancellation_mode`, `cancel_time_period`, `num_of_days_cancellation`, `cancel_policy`, `min_hrs`, `max_hrs`, `min_hrs_percentage`, `max_hrs_percentage`, `hotel_address`, `hotel_latitude`, `hotel_longitude`, `hotel_city`, `neighb_area`, `hotel_country`, `attraction_name`, `attraction_content`, `attraction_distance`, `attraction_type`, `stay_price`, `extra_price_name`, `extra_price`, `extra_price_type`, `service_fee_name`, `service_fee`, `service_fee_type`, `property_type`, `parking_option`, `parking_price`, `payment_interval`, `parking_reserv_need`, `parking_locate`, `parking_type`, `breakfast_availability`, `breakfast_price_inclusion`, `breakfast_cost`, `breakfast_type`, `hotel_status`, `created_at`, `updated_at`) VALUES
(409, 934, 3, 'TJ', 'This is TJ hotel', 'Ayesha Zahid', '02145682652', NULL, NULL, 1, 1, 5, NULL, 557, '3:02 PM', '8:02 PM', '2', '3', '', 'pexels-pixabay-271624-hotelMainImg-1660125929.jpg', '', 'Lorem ipsum dolor sit amet, consectetur adipiscing elit, sed do eiusmod tempor incididunt ut labore et dolore magna aliqua.', 1, 2, 0, NULL, NULL, NULL, NULL, NULL, NULL, NULL, 'Liberty Chowk, Commercial Area Gulberg III, Lahore, Pakistan', '31.5106497', '74.34073769999999', 'Lahore', 'Gulberg III', '162', NULL, NULL, NULL, NULL, 25000, NULL, NULL, NULL, NULL, NULL, NULL, '128', 2, 500, '0', 1, 1, 1, 1, 0, NULL, 'null', 1, '2022-08-10 10:05:29', '2022-08-22 07:05:26'),
(458, 1, 1, 'Hotel Tulip Inn Gulberg', 'Situated within 29 km of Wagah Border and 500 m of Pace Shopping Mall, Hotel Tulip Inn, Gulberg features rooms with air conditioning and a private bathroom in Lahore. This 3-star hotel offers a 24-hour front desk, room service, security and free WiFi. The hotel has family rooms. The rooms in the hotel are fitted with a flat-screen TV and free toiletries. Hotel has a large dinning hall for Buffet Meals. Hotel Tulip Inn, Gulberg offers a continental or halal Buffet breakfast. Vogue Towers is 1.7 km from the accommodation, Liberty Market is 2 km, while Lahore Gymkhana is 3 km from the property. The nearest airport is Allama Iqbal International Airport, 5 km from Hotel Tulip Inn, Gulberg. We speak your language!', 'Afraz Khan', '923004008465', '923224008465', NULL, 0, 1, 3, NULL, 1114, '12:00 AM', '2:00 PM', '1', '1', '', 'WhatsApp-Image-2021-04-27-at-2.46.10-PM-hotelMainImg-1660863765.jpeg', '', 'roadnstays.com will make payment after 07-Days of every guest check-out & roadnstays.com will be charged 15% on every guest reservation.', 2, 2, 0, 3, NULL, NULL, NULL, NULL, NULL, NULL, 'MM Alam Road, Block B 1 Gulberg III, Lahore, Pakistan', '31.5129662', '74.3511007', 'Lahore', 'Gulberg III', '162', NULL, NULL, NULL, NULL, 1975, NULL, NULL, NULL, NULL, NULL, NULL, '12', 1, 100, '0', 0, 1, 1, 1, 1, NULL, 'null', 1, '2022-08-18 23:02:45', '2022-09-03 12:18:58'),
(520, 1082, 3, 'Hotel The Oriel', 'Hotel the oriel Islamabad features accommodations with a restaurant, free private parking, a garden and a terrace. Boasting a 24-hour front desk.', 'Rahim Jadoon', '3149369335', NULL, NULL, 1, 0, 4, NULL, 557, '4:00 AM', '12:00 PM', '1', '1', '', 'Capture3-hotelMainImg-1661862875.jpg', '', NULL, 2, 2, 2, 1, NULL, NULL, NULL, NULL, NULL, NULL, 'Zia Balti & BBQ, G-7/1 G 7/1 G-7, Islamabad, Pakistan', '33.6989681', '73.064934', 'Islamabad', 'G-7', '162', NULL, NULL, NULL, NULL, 3850, NULL, NULL, NULL, NULL, NULL, NULL, '12', 1, NULL, '0', 0, 1, 0, 0, 0, NULL, 'null', 1, '2022-08-30 12:34:35', '2022-09-03 13:40:32'),
(522, 1, 1, 'Hilton Hotel Bypass', 'Delux Room at Swat Hilton Hotel Bypass Mingora Swat', 'Raffiullah khan', '3440025026', NULL, NULL, 0, 0, 5, NULL, 1115, '2:00 PM', '10:00 PM', '1', '2', '', 'Frront-side-2-1-hotelMainImg-1662289230.jpeg', '', '1) Partial payment policy. 2) venrooms share is 15%. 3) They don\'t digitally managed service, venrooms will manage the dashboard. 4) Contract Type: Digitally Management Only. CEX ID: 10022', 2, 2, 0, 3, NULL, NULL, NULL, NULL, NULL, NULL, 'Swat Garden Centre, General Bus Station, Bypass road, near Mingora, Mingora, Pakistan', '34.788096', '72.3447999', 'Swat', 'Mingora', '162', NULL, NULL, NULL, NULL, 9200, NULL, NULL, NULL, NULL, NULL, NULL, '12', 0, NULL, '0', 0, 0, 0, 0, 0, NULL, 'null', 1, '2022-09-04 11:00:30', '2022-09-04 06:00:30'),
(523, 1, 1, 'Season Inn', 'Season Inn Hotel, Pakistan', 'Husnain Ghazanfar', '3002154157', '02134110122', NULL, 0, 0, 4, NULL, 1116, '12:00 PM', '12:00 AM', '0', '0', '', 'WhatsApp-Image-2021-12-19-at-3.58.13-PM-hotelMainImg-1662299815.jpeg', '', 'Terms & Conditions: 1) 15% will be charged by venrooms on bookings through venrooms. 2) You will get 70% booking payment by guest at the time of check-in/out. 3) Remaining 15% of your amount will be deposited by venrooms to you with in a week after check-out. CEX ID: 10004', 2, 2, 0, 3, NULL, NULL, NULL, NULL, NULL, NULL, 'H#C-17, Block-3, Railway Society, Model Colony, Karachi', '24.896751', '67.1805342', 'Karachi', 'Model Colony, Karachi', '162', NULL, NULL, NULL, NULL, 3500, NULL, NULL, NULL, NULL, NULL, NULL, '12', 0, NULL, '0', 0, 0, 0, 0, 0, NULL, 'null', 1, '2022-09-04 13:56:55', '2022-09-04 08:56:55');

-- --------------------------------------------------------

--
-- Table structure for table `hotel_amenities`
--

CREATE TABLE `hotel_amenities` (
  `id` int(11) NOT NULL,
  `hotel_id` int(11) NOT NULL,
  `amenity_id` int(11) NOT NULL,
  `status` int(11) NOT NULL,
  `created_at` datetime NOT NULL,
  `updated_at` timestamp NOT NULL DEFAULT current_timestamp() ON UPDATE current_timestamp()
) ENGINE=InnoDB DEFAULT CHARSET=utf8 COLLATE=utf8_unicode_ci;

--
-- Dumping data for table `hotel_amenities`
--

INSERT INTO `hotel_amenities` (`id`, `hotel_id`, `amenity_id`, `status`, `created_at`, `updated_at`) VALUES
(5385, 409, 36, 1, '2022-08-22 07:05:26', '2022-08-22 07:05:26'),
(5386, 409, 61, 1, '2022-08-22 07:05:26', '2022-08-22 07:05:26'),
(5387, 409, 63, 1, '2022-08-22 07:05:26', '2022-08-22 07:05:26'),
(5388, 409, 71, 1, '2022-08-22 07:05:26', '2022-08-22 07:05:26'),
(5389, 409, 86, 1, '2022-08-22 07:05:26', '2022-08-22 07:05:26'),
(5390, 409, 104, 1, '2022-08-22 07:05:26', '2022-08-22 07:05:26'),
(5391, 409, 105, 1, '2022-08-22 07:05:26', '2022-08-22 07:05:26'),
(5392, 409, 117, 1, '2022-08-22 07:05:26', '2022-08-22 07:05:26'),
(5393, 409, 121, 1, '2022-08-22 07:05:26', '2022-08-22 07:05:26'),
(5394, 409, 128, 1, '2022-08-22 07:05:26', '2022-08-22 07:05:26'),
(5395, 409, 75, 1, '2022-08-22 07:05:26', '2022-08-22 07:05:26'),
(6577, 458, 44, 1, '2022-09-03 17:18:58', '2022-09-03 12:18:58'),
(6578, 458, 147, 1, '2022-09-03 17:18:58', '2022-09-03 12:18:58'),
(6579, 458, 67, 1, '2022-09-03 17:18:58', '2022-09-03 12:18:58'),
(6580, 458, 99, 1, '2022-09-03 17:18:58', '2022-09-03 12:18:58'),
(6581, 458, 100, 1, '2022-09-03 17:18:58', '2022-09-03 12:18:58'),
(6582, 458, 101, 1, '2022-09-03 17:18:58', '2022-09-03 12:18:58'),
(6583, 458, 110, 1, '2022-09-03 17:18:58', '2022-09-03 12:18:58'),
(6584, 458, 123, 1, '2022-09-03 17:18:58', '2022-09-03 12:18:58'),
(6586, 520, 46, 1, '2022-09-03 18:40:32', '2022-09-03 13:40:32'),
(6587, 522, 46, 1, '2022-09-04 11:00:30', '2022-09-04 06:00:30'),
(6588, 522, 67, 1, '2022-09-04 11:00:30', '2022-09-04 06:00:30'),
(6589, 522, 101, 1, '2022-09-04 11:00:30', '2022-09-04 06:00:30'),
(6590, 522, 127, 1, '2022-09-04 11:00:30', '2022-09-04 06:00:30'),
(6591, 523, 74, 1, '2022-09-04 13:56:55', '2022-09-04 08:56:55'),
(6592, 523, 101, 1, '2022-09-04 13:56:55', '2022-09-04 08:56:55');

-- --------------------------------------------------------

--
-- Table structure for table `hotel_attraction`
--

CREATE TABLE `hotel_attraction` (
  `attraction_id` int(11) NOT NULL,
  `attraction_name` varchar(255) CHARACTER SET utf8 NOT NULL,
  `attraction_content` tinytext CHARACTER SET utf8 NOT NULL,
  `attraction_distance` varchar(255) CHARACTER SET utf8 NOT NULL,
  `attraction_type` varchar(255) CHARACTER SET utf8 NOT NULL,
  `attraction_hotel_id` int(11) NOT NULL,
  `attraction_status` tinyint(2) NOT NULL DEFAULT 1,
  `created_at` datetime NOT NULL DEFAULT current_timestamp(),
  `updated_at` timestamp NOT NULL DEFAULT current_timestamp()
) ENGINE=InnoDB DEFAULT CHARSET=utf8 COLLATE=utf8_unicode_ci;

--
-- Dumping data for table `hotel_attraction`
--

INSERT INTO `hotel_attraction` (`attraction_id`, `attraction_name`, `attraction_content`, `attraction_distance`, `attraction_type`, `attraction_hotel_id`, `attraction_status`, `created_at`, `updated_at`) VALUES
(21, 'name 1', 'content 1', 'distance 1', 'type 1', 336, 1, '2022-07-28 09:54:42', '2022-07-28 09:54:42'),
(22, 'name 2', 'content 2', 'distance 2', 'type 2', 336, 1, '2022-07-28 09:54:42', '2022-07-28 09:54:42'),
(23, 'name 3', 'content 3', 'distance 3', 'type 3', 336, 1, '2022-07-28 09:54:42', '2022-07-28 09:54:42'),
(24, 'name 4', 'content 4', 'distance 4', 'type 4', 336, 1, '2022-07-28 09:54:42', '2022-07-28 09:54:42'),
(28, 'name 1', 'content 1', 'distance 1', 'type 1', 339, 1, '2022-07-28 09:58:09', '2022-07-28 09:58:09'),
(29, 'name 2', 'content 2', 'distance 2', 'type 2', 339, 1, '2022-07-28 09:58:09', '2022-07-28 09:58:09'),
(30, 'name 3', 'content 3', 'distance 3', 'type 3', 339, 1, '2022-07-28 09:58:09', '2022-07-28 09:58:09'),
(40, 'name 1', 'content 1', 'distance 1', 'type 1', 522, 1, '2022-08-26 07:26:01', '2022-08-26 07:26:01'),
(41, 'name 2', 'content 2', 'distance 2', 'type 2', 522, 1, '2022-08-26 07:26:01', '2022-08-26 07:26:01'),
(45, 'name 1', 'content 1', 'distance 1', 'type 1', 519, 1, '2022-08-26 09:30:28', '2022-08-26 09:30:28'),
(46, 'name 2', 'content 2', 'distance 2', 'type 2', 519, 1, '2022-08-26 09:30:28', '2022-08-26 09:30:28'),
(47, 'name 3', 'content 3', 'distance 3', 'type 3', 519, 1, '2022-08-26 09:30:28', '2022-08-26 09:30:28');

-- --------------------------------------------------------

--
-- Table structure for table `hotel_extra_price`
--

CREATE TABLE `hotel_extra_price` (
  `id` int(11) NOT NULL,
  `ext_opt_name` varchar(255) CHARACTER SET utf8 NOT NULL,
  `ext_opt_price` int(11) NOT NULL,
  `ext_opt_type` varchar(255) CHARACTER SET utf8 NOT NULL,
  `hotel_id` int(11) NOT NULL,
  `status` tinyint(2) NOT NULL DEFAULT 1,
  `created_at` datetime NOT NULL DEFAULT current_timestamp(),
  `updated_at` timestamp NOT NULL DEFAULT current_timestamp()
) ENGINE=InnoDB DEFAULT CHARSET=utf8 COLLATE=utf8_unicode_ci;

--
-- Dumping data for table `hotel_extra_price`
--

INSERT INTO `hotel_extra_price` (`id`, `ext_opt_name`, `ext_opt_price`, `ext_opt_type`, `hotel_id`, `status`, `created_at`, `updated_at`) VALUES
(1, 'airport pickup', 100, 'single_fee', 105, 1, '2022-06-21 12:59:28', '2022-06-21 12:59:28'),
(2, 'laundary', 101, 'single_fee', 105, 1, '2022-06-21 12:59:28', '2022-06-21 12:59:28'),
(3, 'sports', 1000, 'single_fee', 105, 1, '2022-06-21 12:59:28', '2022-06-21 12:59:28'),
(6, 'name1', 100, 'single_fee', 107, 1, '2022-06-22 04:57:43', '2022-06-22 04:57:43'),
(7, 'name2', 101, 'single_fee', 107, 1, '2022-06-22 04:57:43', '2022-06-22 04:57:43'),
(10, '4003_wxtra', 10, 'single_fee', 106, 1, '2022-06-24 13:32:35', '2022-06-24 13:32:35'),
(11, 'name1', 100, 'single_fee', 135, 1, '2022-06-27 09:34:25', '2022-06-27 09:34:25'),
(12, 'name2', 101, 'single_fee', 135, 1, '2022-06-27 09:34:25', '2022-06-27 09:34:25'),
(14, 'name1', 100, 'single_fee', 137, 1, '2022-06-27 09:54:11', '2022-06-27 09:54:11'),
(15, 'name1', 100, 'single_fee', 147, 1, '2022-06-29 06:44:34', '2022-06-29 06:44:34'),
(16, 'room ext opt 12', 101, 'per_night', 147, 1, '2022-06-29 06:44:34', '2022-06-29 06:44:34'),
(48, 'Extra bed', 500, 'single_fee', 409, 1, '2022-08-22 07:05:26', '2022-08-22 07:05:26');

-- --------------------------------------------------------

--
-- Table structure for table `hotel_gallery`
--

CREATE TABLE `hotel_gallery` (
  `id` int(11) NOT NULL,
  `hotel_id` bigint(11) NOT NULL,
  `image` varchar(255) COLLATE utf8_unicode_ci NOT NULL,
  `is_featured` tinyint(2) NOT NULL DEFAULT 0 COMMENT '1=is_featured',
  `status` int(11) NOT NULL,
  `created_at` datetime NOT NULL,
  `updated_at` timestamp NOT NULL DEFAULT current_timestamp() ON UPDATE current_timestamp()
) ENGINE=InnoDB DEFAULT CHARSET=utf8 COLLATE=utf8_unicode_ci;

--
-- Dumping data for table `hotel_gallery`
--

INSERT INTO `hotel_gallery` (`id`, `hotel_id`, `image`, `is_featured`, `status`, `created_at`, `updated_at`) VALUES
(1151, 409, '1660125929_pexels-donald-tong-189296.jpg', 0, 1, '2022-08-10 10:05:29', '2022-08-10 10:05:29'),
(1152, 409, '1660125929_pexels-pixabay-164595.jpg', 0, 1, '2022-08-10 10:05:29', '2022-08-10 10:05:29'),
(1153, 409, '1660125929_pexels-pixabay-258154.jpg', 0, 1, '2022-08-10 10:05:29', '2022-08-10 10:05:29'),
(1154, 409, '1660125929_pexels-pixabay-271624.jpg', 0, 1, '2022-08-10 10:05:29', '2022-08-10 10:05:29'),
(1155, 409, '1660125929_pexels-pixabay-271639.jpg', 0, 1, '2022-08-10 10:05:29', '2022-08-10 10:05:29'),
(1467, 458, '1660863765_WhatsApp-Image-2021-04-27-at-2.44.49-PM-521x790.jpeg', 0, 1, '2022-08-18 23:02:45', '2022-08-18 23:02:45'),
(1468, 458, '1660863766_WhatsApp-Image-2021-04-27-at-2.45.08-PM-768x790.jpeg', 0, 1, '2022-08-18 23:02:46', '2022-08-18 23:02:46'),
(1469, 458, '1660863766_WhatsApp-Image-2021-04-27-at-2.45.13-PM.jpeg', 0, 1, '2022-08-18 23:02:46', '2022-08-18 23:02:46'),
(1470, 458, '1660863766_WhatsApp-Image-2021-04-27-at-2.46.05-PM.jpeg', 0, 1, '2022-08-18 23:02:46', '2022-08-18 23:02:46'),
(2004, 520, '1661862875_117429729_100532208436804_9034492744920206019_n.jpg', 0, 1, '2022-08-30 12:34:35', '2022-08-30 07:34:35'),
(2005, 520, '1661862875_201933477_306919721131384_5809094944436100577_n.jpg', 0, 1, '2022-08-30 12:34:35', '2022-08-30 07:34:35'),
(2006, 520, '1661862875_Capture.jpg', 0, 1, '2022-08-30 12:34:35', '2022-08-30 07:34:35'),
(2007, 520, '1661862875_Capture3.jpg', 0, 1, '2022-08-30 12:34:35', '2022-08-30 07:34:35'),
(2009, 522, '1662289230_Frront-side-2-1.jpeg', 0, 1, '2022-09-04 11:00:30', '2022-09-04 06:00:30'),
(2010, 522, '1662289230_Standard-Room.jpeg', 0, 1, '2022-09-04 11:00:30', '2022-09-04 06:00:30'),
(2011, 522, '1662289230_WhatsApp-Image-2021-10-20-at-3.50.09-AM.jpeg', 0, 1, '2022-09-04 11:00:30', '2022-09-04 06:00:30'),
(2012, 522, '1662289231_WhatsApp-Image-2021-10-20-at-3.50.11-AM.jpeg', 0, 1, '2022-09-04 11:00:31', '2022-09-04 06:00:31'),
(2013, 523, '1662299815_WhatsApp-Image-2021-12-19-at-3.58.12-PM.jpeg', 0, 1, '2022-09-04 13:56:55', '2022-09-04 08:56:55'),
(2014, 523, '1662299815_WhatsApp-Image-2021-12-19-at-3.58.13-PM.jpeg', 0, 1, '2022-09-04 13:56:55', '2022-09-04 08:56:55'),
(2015, 523, '1662299815_WhatsApp-Image-2021-12-19-at-3.58.21-PM.jpeg', 0, 1, '2022-09-04 13:56:55', '2022-09-04 08:56:55'),
(2017, 523, '1662299816_WhatsApp-Image-2021-12-19-at-3.58.25-PM.jpeg', 0, 1, '2022-09-04 13:56:56', '2022-09-04 08:56:56');

-- --------------------------------------------------------

--
-- Table structure for table `hotel_services`
--

CREATE TABLE `hotel_services` (
  `id` int(11) NOT NULL,
  `hotel_id` int(11) NOT NULL,
  `hotel_service_id` int(11) NOT NULL,
  `status` int(11) NOT NULL,
  `created_at` datetime NOT NULL,
  `updated_at` timestamp NOT NULL DEFAULT current_timestamp() ON UPDATE current_timestamp()
) ENGINE=InnoDB DEFAULT CHARSET=utf8 COLLATE=utf8_unicode_ci;

--
-- Dumping data for table `hotel_services`
--

INSERT INTO `hotel_services` (`id`, `hotel_id`, `hotel_service_id`, `status`, `created_at`, `updated_at`) VALUES
(1282, 409, 2, 1, '2022-08-22 07:05:26', '2022-08-22 07:05:26'),
(1283, 409, 5, 1, '2022-08-22 07:05:26', '2022-08-22 07:05:26'),
(1646, 458, 2, 1, '2022-09-03 17:18:58', '2022-09-03 12:18:58'),
(1647, 458, 6, 1, '2022-09-03 17:18:58', '2022-09-03 12:18:58');

-- --------------------------------------------------------

--
-- Table structure for table `hotel_service_fee`
--

CREATE TABLE `hotel_service_fee` (
  `id` int(11) NOT NULL,
  `serv_fee_name` varchar(255) CHARACTER SET utf8 NOT NULL,
  `serv_fee_price` int(11) NOT NULL,
  `serv_fee_type` varchar(255) CHARACTER SET utf8 NOT NULL,
  `hotel_id` int(11) NOT NULL,
  `status` tinyint(2) NOT NULL DEFAULT 1,
  `created_at` datetime NOT NULL DEFAULT current_timestamp(),
  `updated_at` timestamp NOT NULL DEFAULT current_timestamp()
) ENGINE=InnoDB DEFAULT CHARSET=utf8 COLLATE=utf8_unicode_ci;

--
-- Dumping data for table `hotel_service_fee`
--

INSERT INTO `hotel_service_fee` (`id`, `serv_fee_name`, `serv_fee_price`, `serv_fee_type`, `hotel_id`, `status`, `created_at`, `updated_at`) VALUES
(1, 'service1', 100, 'single_fee', 105, 1, '2022-06-21 12:59:28', '2022-06-21 12:59:28'),
(2, 'service2', 200, 'single_fee', 105, 1, '2022-06-21 12:59:28', '2022-06-21 12:59:28'),
(3, 'service3', 200, 'single_fee', 105, 1, '2022-06-21 12:59:28', '2022-06-21 12:59:28'),
(6, 'serv1', 100, 'single_fee', 107, 1, '2022-06-22 04:57:43', '2022-06-22 04:57:43'),
(7, 'serv2', 100, 'single_fee', 107, 1, '2022-06-22 04:57:43', '2022-06-22 04:57:43'),
(9, '4003_serv', 10, 'single_fee', 106, 1, '2022-06-24 13:32:35', '2022-06-24 13:32:35'),
(10, 'serv1', 100, 'single_fee', 135, 1, '2022-06-27 09:34:25', '2022-06-27 09:34:25'),
(11, 'serv2', 100, 'single_fee', 135, 1, '2022-06-27 09:34:25', '2022-06-27 09:34:25'),
(13, 'serv1', 100, 'single_fee', 137, 1, '2022-06-27 09:54:11', '2022-06-27 09:54:11'),
(14, 'serv1', 100, 'per_guest', 147, 1, '2022-06-29 06:44:34', '2022-06-29 06:44:34'),
(15, 'serv2', 100, 'per_night_per_guest', 147, 1, '2022-06-29 06:44:34', '2022-06-29 06:44:34');

-- --------------------------------------------------------

--
-- Table structure for table `migrations`
--

CREATE TABLE `migrations` (
  `id` int(10) UNSIGNED NOT NULL,
  `migration` varchar(255) COLLATE utf8mb4_unicode_ci NOT NULL,
  `batch` int(11) NOT NULL
) ENGINE=InnoDB DEFAULT CHARSET=utf8mb4 COLLATE=utf8mb4_unicode_ci;

--
-- Dumping data for table `migrations`
--

INSERT INTO `migrations` (`id`, `migration`, `batch`) VALUES
(1, '2014_10_12_000000_create_users_table', 1),
(2, '2014_10_12_100000_create_password_resets_table', 1),
(3, '2019_08_19_000000_create_failed_jobs_table', 1),
(4, '2022_05_19_070355_create_admin_table', 2);

-- --------------------------------------------------------

--
-- Table structure for table `password_resets`
--

CREATE TABLE `password_resets` (
  `id` int(11) NOT NULL,
  `email` varchar(255) COLLATE utf8mb4_unicode_ci NOT NULL,
  `token` varchar(255) COLLATE utf8mb4_unicode_ci NOT NULL,
  `created_at` timestamp NULL DEFAULT NULL
) ENGINE=InnoDB DEFAULT CHARSET=utf8mb4 COLLATE=utf8mb4_unicode_ci;

--
-- Dumping data for table `password_resets`
--

INSERT INTO `password_resets` (`id`, `email`, `token`, `created_at`) VALUES
(259, 'votivetester.saurabh@gmail.com', 'vWmqA3WcMJ4fztqEFCpUDKFeakyDA2izVhICmck97U9OV2qcCO8ag8HDuKtIUktg', '2022-08-25 12:32:04'),
(261, 'votivephp.rahulraj@gmail.com', 'ioXK0aORt8M8X7s6lWrkDO3q8k4xTxGhwgKuL9gUz1luqRmSMiG6WXJeX32ETM8o', '2022-09-02 07:10:01');

-- --------------------------------------------------------

--
-- Table structure for table `payment_transaction`
--

CREATE TABLE `payment_transaction` (
  `id` int(11) NOT NULL,
  `booking_id` int(11) NOT NULL,
  `user_id` int(11) NOT NULL,
  `vendor_id` int(11) DEFAULT NULL,
  `txn_id` varchar(255) COLLATE utf8_unicode_ci NOT NULL,
  `txn_amount` float(10,2) NOT NULL,
  `payment_method` varchar(255) COLLATE utf8_unicode_ci NOT NULL,
  `booking_type` varchar(255) COLLATE utf8_unicode_ci DEFAULT NULL,
  `txn_status` varchar(255) COLLATE utf8_unicode_ci NOT NULL,
  `txn_date` varchar(255) COLLATE utf8_unicode_ci NOT NULL,
  `created_at` datetime NOT NULL DEFAULT '0000-00-00 00:00:00' ON UPDATE current_timestamp(),
  `updated_at` timestamp NOT NULL DEFAULT current_timestamp() ON UPDATE current_timestamp()
) ENGINE=InnoDB DEFAULT CHARSET=utf8 COLLATE=utf8_unicode_ci;

--
-- Dumping data for table `payment_transaction`
--

INSERT INTO `payment_transaction` (`id`, `booking_id`, `user_id`, `vendor_id`, `txn_id`, `txn_amount`, `payment_method`, `booking_type`, `txn_status`, `txn_date`, `created_at`, `updated_at`) VALUES
(485, 129, 837, 877, '75L23789GK692604J', 1000.00, 'paypal', 'Tour', 'successful', '2022-08-31 05:09:46', '2022-08-31 05:09:46', '2022-08-31 05:09:46'),
(486, 192, 832, 1082, '7YM03269S4932482T', 4.00, 'paypal', 'Room', 'successful', '2022-09-01 11:53:41', '2022-09-01 11:53:41', '2022-09-01 11:53:41'),
(487, 130, 832, 877, '5NK73314Y05131337', 1000.00, 'paypal', 'Tour', 'successful', '2022-09-01 12:37:37', '2022-09-01 12:37:37', '2022-09-01 12:37:37');

-- --------------------------------------------------------

--
-- Table structure for table `room_amenities`
--

CREATE TABLE `room_amenities` (
  `id` int(11) NOT NULL,
  `room_id` int(11) NOT NULL,
  `amenity_id` int(11) NOT NULL,
  `status` int(11) NOT NULL,
  `created_at` datetime NOT NULL,
  `updated_at` timestamp NOT NULL DEFAULT current_timestamp() ON UPDATE current_timestamp()
) ENGINE=InnoDB DEFAULT CHARSET=utf8 COLLATE=utf8_unicode_ci;

--
-- Dumping data for table `room_amenities`
--

INSERT INTO `room_amenities` (`id`, `room_id`, `amenity_id`, `status`, `created_at`, `updated_at`) VALUES
(413, 77, 36, 1, '2022-06-21 10:10:15', '2022-06-21 10:10:15'),
(414, 77, 23, 1, '2022-06-21 10:10:15', '2022-06-21 10:10:15'),
(415, 77, 20, 1, '2022-06-21 10:10:15', '2022-06-21 10:10:15'),
(416, 77, 11, 1, '2022-06-21 10:10:15', '2022-06-21 10:10:15'),
(417, 77, 13, 1, '2022-06-21 10:10:15', '2022-06-21 10:10:15'),
(418, 77, 14, 1, '2022-06-21 10:10:15', '2022-06-21 10:10:15'),
(419, 77, 17, 1, '2022-06-21 10:10:15', '2022-06-21 10:10:15'),
(420, 77, 19, 1, '2022-06-21 10:10:15', '2022-06-21 10:10:15'),
(421, 77, 151, 1, '2022-06-21 10:10:15', '2022-06-21 10:10:15'),
(1570, 191, 28, 1, '2022-07-01 11:01:22', '2022-07-01 11:01:22'),
(1571, 191, 8, 1, '2022-07-01 11:01:22', '2022-07-01 11:01:22'),
(1572, 191, 20, 1, '2022-07-01 11:01:22', '2022-07-01 11:01:22'),
(1573, 191, 109, 1, '2022-07-01 11:01:22', '2022-07-01 11:01:22'),
(1574, 191, 123, 1, '2022-07-01 11:01:22', '2022-07-01 11:01:22'),
(1575, 191, 14, 1, '2022-07-01 11:01:22', '2022-07-01 11:01:22'),
(1576, 191, 16, 1, '2022-07-01 11:01:22', '2022-07-01 11:01:22'),
(1577, 191, 80, 1, '2022-07-01 11:01:22', '2022-07-01 11:01:22'),
(1578, 191, 151, 1, '2022-07-01 11:01:22', '2022-07-01 11:01:22'),
(6317, 933, 39, 1, '2022-08-23 06:57:00', '2022-08-23 06:57:00'),
(6318, 933, 60, 1, '2022-08-23 06:57:00', '2022-08-23 06:57:00'),
(6319, 933, 62, 1, '2022-08-23 06:57:00', '2022-08-23 06:57:00'),
(6320, 933, 144, 1, '2022-08-23 06:57:00', '2022-08-23 06:57:00'),
(6321, 933, 63, 1, '2022-08-23 06:57:00', '2022-08-23 06:57:00'),
(6322, 933, 71, 1, '2022-08-23 06:57:00', '2022-08-23 06:57:00'),
(6323, 933, 73, 1, '2022-08-23 06:57:00', '2022-08-23 06:57:00'),
(6324, 933, 26, 1, '2022-08-23 06:57:00', '2022-08-23 06:57:00'),
(6325, 933, 101, 1, '2022-08-23 06:57:00', '2022-08-23 06:57:00'),
(6326, 933, 108, 1, '2022-08-23 06:57:00', '2022-08-23 06:57:00'),
(6327, 933, 116, 1, '2022-08-23 06:57:00', '2022-08-23 06:57:00'),
(6328, 933, 124, 1, '2022-08-23 06:57:00', '2022-08-23 06:57:00'),
(6329, 933, 132, 1, '2022-08-23 06:57:00', '2022-08-23 06:57:00'),
(6330, 933, 75, 1, '2022-08-23 06:57:00', '2022-08-23 06:57:00'),
(6331, 927, 39, 1, '2022-08-23 07:01:54', '2022-08-23 07:01:54'),
(6332, 927, 60, 1, '2022-08-23 07:01:54', '2022-08-23 07:01:54'),
(6333, 927, 62, 1, '2022-08-23 07:01:54', '2022-08-23 07:01:54'),
(6334, 927, 144, 1, '2022-08-23 07:01:54', '2022-08-23 07:01:54'),
(6335, 927, 63, 1, '2022-08-23 07:01:54', '2022-08-23 07:01:54'),
(6336, 927, 71, 1, '2022-08-23 07:01:54', '2022-08-23 07:01:54'),
(6337, 927, 73, 1, '2022-08-23 07:01:54', '2022-08-23 07:01:54'),
(6338, 927, 26, 1, '2022-08-23 07:01:54', '2022-08-23 07:01:54'),
(6339, 927, 101, 1, '2022-08-23 07:01:54', '2022-08-23 07:01:54'),
(6340, 927, 108, 1, '2022-08-23 07:01:54', '2022-08-23 07:01:54'),
(6341, 927, 116, 1, '2022-08-23 07:01:54', '2022-08-23 07:01:54'),
(6342, 927, 124, 1, '2022-08-23 07:01:54', '2022-08-23 07:01:54'),
(6343, 927, 132, 1, '2022-08-23 07:01:54', '2022-08-23 07:01:54'),
(6344, 927, 75, 1, '2022-08-23 07:01:54', '2022-08-23 07:01:54'),
(6524, 945, 36, 1, '2022-08-23 09:48:39', '2022-08-23 09:48:39'),
(6525, 945, 68, 1, '2022-08-23 09:48:39', '2022-08-23 09:48:39'),
(6526, 945, 24, 1, '2022-08-23 09:48:39', '2022-08-23 09:48:39'),
(6527, 945, 111, 1, '2022-08-23 09:48:39', '2022-08-23 09:48:39'),
(6528, 945, 119, 1, '2022-08-23 09:48:39', '2022-08-23 09:48:39'),
(6529, 945, 124, 1, '2022-08-23 09:48:39', '2022-08-23 09:48:39'),
(6530, 945, 134, 1, '2022-08-23 09:48:39', '2022-08-23 09:48:39'),
(6531, 945, 17, 1, '2022-08-23 09:48:39', '2022-08-23 09:48:39'),
(6540, 946, 36, 1, '2022-08-23 09:50:42', '2022-08-23 09:50:42'),
(6541, 946, 68, 1, '2022-08-23 09:50:42', '2022-08-23 09:50:42'),
(6542, 946, 83, 1, '2022-08-23 09:50:42', '2022-08-23 09:50:42'),
(6543, 946, 111, 1, '2022-08-23 09:50:42', '2022-08-23 09:50:42'),
(6544, 946, 119, 1, '2022-08-23 09:50:42', '2022-08-23 09:50:42'),
(6545, 946, 124, 1, '2022-08-23 09:50:42', '2022-08-23 09:50:42'),
(6546, 946, 134, 1, '2022-08-23 09:50:42', '2022-08-23 09:50:42'),
(6547, 946, 76, 1, '2022-08-23 09:50:42', '2022-08-23 09:50:42'),
(6763, 878, 39, 1, '2022-08-24 12:12:58', '2022-08-24 12:12:58'),
(6764, 878, 67, 1, '2022-08-24 12:12:58', '2022-08-24 12:12:58'),
(6765, 878, 108, 1, '2022-08-24 12:12:58', '2022-08-24 12:12:58'),
(6766, 878, 123, 1, '2022-08-24 12:12:58', '2022-08-24 12:12:58'),
(6768, 778, 68, 1, '2022-08-24 12:20:25', '2022-08-24 12:20:25'),
(6769, 778, 83, 1, '2022-08-24 12:20:25', '2022-08-24 12:20:25'),
(6770, 778, 111, 1, '2022-08-24 12:20:25', '2022-08-24 12:20:25'),
(6771, 778, 119, 1, '2022-08-24 12:20:25', '2022-08-24 12:20:25'),
(6772, 778, 124, 1, '2022-08-24 12:20:25', '2022-08-24 12:20:25'),
(6773, 778, 134, 1, '2022-08-24 12:20:25', '2022-08-24 12:20:25'),
(6777, 874, 39, 1, '2022-08-24 12:29:41', '2022-08-24 12:29:41'),
(6778, 874, 60, 1, '2022-08-24 12:29:41', '2022-08-24 12:29:41'),
(6779, 874, 62, 1, '2022-08-24 12:29:41', '2022-08-24 12:29:41'),
(6780, 874, 144, 1, '2022-08-24 12:29:41', '2022-08-24 12:29:41'),
(6781, 874, 63, 1, '2022-08-24 12:29:41', '2022-08-24 12:29:41'),
(6782, 874, 71, 1, '2022-08-24 12:29:41', '2022-08-24 12:29:41'),
(6783, 874, 73, 1, '2022-08-24 12:29:41', '2022-08-24 12:29:41'),
(6784, 874, 101, 1, '2022-08-24 12:29:41', '2022-08-24 12:29:41'),
(6785, 874, 108, 1, '2022-08-24 12:29:41', '2022-08-24 12:29:41'),
(6786, 874, 116, 1, '2022-08-24 12:29:41', '2022-08-24 12:29:41'),
(6787, 874, 124, 1, '2022-08-24 12:29:41', '2022-08-24 12:29:41'),
(6788, 874, 132, 1, '2022-08-24 12:29:41', '2022-08-24 12:29:41'),
(7571, 1035, 46, 1, '2022-09-03 17:46:05', '2022-09-03 12:46:05'),
(7572, 1035, 54, 1, '2022-09-03 17:46:05', '2022-09-03 12:46:05'),
(7573, 1035, 67, 1, '2022-09-03 17:46:05', '2022-09-03 12:46:05'),
(7574, 1035, 73, 1, '2022-09-03 17:46:05', '2022-09-03 12:46:05'),
(7575, 1035, 68, 1, '2022-09-03 17:46:05', '2022-09-03 12:46:05'),
(7576, 1035, 101, 1, '2022-09-03 17:46:05', '2022-09-03 12:46:05'),
(7577, 1035, 122, 1, '2022-09-03 17:46:05', '2022-09-03 12:46:05'),
(7585, 1036, 46, 1, '2022-09-03 18:01:12', '2022-09-03 13:01:12'),
(7586, 1036, 54, 1, '2022-09-03 18:01:12', '2022-09-03 13:01:12'),
(7587, 1036, 67, 1, '2022-09-03 18:01:12', '2022-09-03 13:01:12'),
(7588, 1036, 68, 1, '2022-09-03 18:01:12', '2022-09-03 13:01:12'),
(7589, 1036, 73, 1, '2022-09-03 18:01:12', '2022-09-03 13:01:12'),
(7590, 1036, 101, 1, '2022-09-03 18:01:12', '2022-09-03 13:01:12'),
(7591, 1036, 122, 1, '2022-09-03 18:01:12', '2022-09-03 13:01:12'),
(7599, 1037, 46, 1, '2022-09-03 18:17:21', '2022-09-03 13:17:21'),
(7600, 1037, 54, 1, '2022-09-03 18:17:21', '2022-09-03 13:17:21'),
(7601, 1037, 67, 1, '2022-09-03 18:17:21', '2022-09-03 13:17:21'),
(7602, 1037, 68, 1, '2022-09-03 18:17:21', '2022-09-03 13:17:21'),
(7603, 1037, 73, 1, '2022-09-03 18:17:21', '2022-09-03 13:17:21'),
(7604, 1037, 101, 1, '2022-09-03 18:17:21', '2022-09-03 13:17:21'),
(7605, 1037, 122, 1, '2022-09-03 18:17:21', '2022-09-03 13:17:21'),
(7606, 1034, 46, 1, '2022-09-03 18:27:49', '2022-09-03 13:27:49'),
(7607, 1034, 62, 1, '2022-09-03 18:27:49', '2022-09-03 13:27:49'),
(7608, 1034, 67, 1, '2022-09-03 18:27:49', '2022-09-03 13:27:49'),
(7609, 1034, 101, 1, '2022-09-03 18:27:49', '2022-09-03 13:27:49'),
(7610, 1034, 122, 1, '2022-09-03 18:27:49', '2022-09-03 13:27:49'),
(7616, 1038, 46, 1, '2022-09-03 18:35:41', '2022-09-03 13:35:41'),
(7617, 1038, 62, 1, '2022-09-03 18:35:41', '2022-09-03 13:35:41'),
(7618, 1038, 67, 1, '2022-09-03 18:35:41', '2022-09-03 13:35:41'),
(7619, 1038, 101, 1, '2022-09-03 18:35:41', '2022-09-03 13:35:41'),
(7620, 1038, 122, 1, '2022-09-03 18:35:41', '2022-09-03 13:35:41'),
(7626, 1039, 46, 1, '2022-09-04 09:55:11', '2022-09-04 04:55:11'),
(7627, 1039, 62, 1, '2022-09-04 09:55:11', '2022-09-04 04:55:11'),
(7628, 1039, 67, 1, '2022-09-04 09:55:11', '2022-09-04 04:55:11'),
(7629, 1039, 101, 1, '2022-09-04 09:55:11', '2022-09-04 04:55:11'),
(7630, 1039, 122, 1, '2022-09-04 09:55:11', '2022-09-04 04:55:11'),
(7631, 1040, 46, 1, '2022-09-04 12:19:18', '2022-09-04 07:19:18'),
(7632, 1040, 101, 1, '2022-09-04 12:19:18', '2022-09-04 07:19:18'),
(7633, 1040, 127, 1, '2022-09-04 12:19:18', '2022-09-04 07:19:18'),
(7637, 1041, 46, 1, '2022-09-04 12:40:38', '2022-09-04 07:40:38'),
(7638, 1041, 101, 1, '2022-09-04 12:40:38', '2022-09-04 07:40:38'),
(7639, 1041, 127, 1, '2022-09-04 12:40:38', '2022-09-04 07:40:38'),
(7646, 1042, 46, 1, '2022-09-04 12:45:33', '2022-09-04 07:45:33'),
(7647, 1042, 101, 1, '2022-09-04 12:45:33', '2022-09-04 07:45:33'),
(7648, 1042, 127, 1, '2022-09-04 12:45:33', '2022-09-04 07:45:33'),
(7652, 1043, 46, 1, '2022-09-04 12:50:55', '2022-09-04 07:50:55'),
(7653, 1043, 101, 1, '2022-09-04 12:50:55', '2022-09-04 07:50:55'),
(7654, 1043, 127, 1, '2022-09-04 12:50:55', '2022-09-04 07:50:55'),
(7664, 1045, 46, 1, '2022-09-04 13:10:32', '2022-09-04 08:10:32'),
(7665, 1045, 101, 1, '2022-09-04 13:10:32', '2022-09-04 08:10:32'),
(7666, 1045, 127, 1, '2022-09-04 13:10:32', '2022-09-04 08:10:32'),
(7667, 1044, 46, 1, '2022-09-04 13:12:53', '2022-09-04 08:12:53'),
(7668, 1044, 101, 1, '2022-09-04 13:12:53', '2022-09-04 08:12:53'),
(7669, 1044, 127, 1, '2022-09-04 13:12:53', '2022-09-04 08:12:53'),
(7670, 1046, 46, 1, '2022-09-04 14:10:13', '2022-09-04 09:10:13'),
(7672, 1047, 46, 1, '2022-09-05 05:58:17', '2022-09-05 00:58:17'),
(7674, 1048, 46, 1, '2022-09-05 06:05:58', '2022-09-05 01:05:58');

-- --------------------------------------------------------

--
-- Table structure for table `room_bed_details`
--

CREATE TABLE `room_bed_details` (
  `id` int(11) NOT NULL,
  `bed_type` varchar(255) CHARACTER SET utf8 NOT NULL,
  `bed_number` int(11) NOT NULL,
  `room_id` int(11) NOT NULL,
  `status` tinyint(2) NOT NULL DEFAULT 1,
  `created_at` datetime NOT NULL DEFAULT current_timestamp(),
  `updated_at` timestamp NOT NULL DEFAULT current_timestamp()
) ENGINE=InnoDB DEFAULT CHARSET=utf8 COLLATE=utf8_unicode_ci;

-- --------------------------------------------------------

--
-- Table structure for table `room_custom_price`
--

CREATE TABLE `room_custom_price` (
  `id` int(11) NOT NULL,
  `hotel_id` int(11) NOT NULL,
  `room_id` int(11) NOT NULL,
  `price_start_date` date NOT NULL,
  `price_end_date` date NOT NULL,
  `new_price` double NOT NULL,
  `extra_price` double DEFAULT NULL,
  `price_per_night_7d` double DEFAULT NULL,
  `price_per_night_30d` double DEFAULT NULL,
  `price_per_weekend` double DEFAULT NULL,
  `min_day_of_booking` int(11) DEFAULT NULL,
  `status` tinyint(2) NOT NULL DEFAULT 1,
  `created_at` datetime NOT NULL,
  `update_at` timestamp NOT NULL DEFAULT current_timestamp() ON UPDATE current_timestamp()
) ENGINE=InnoDB DEFAULT CHARSET=utf8 COLLATE=utf8_unicode_ci;

--
-- Dumping data for table `room_custom_price`
--

INSERT INTO `room_custom_price` (`id`, `hotel_id`, `room_id`, `price_start_date`, `price_end_date`, `new_price`, `extra_price`, `price_per_night_7d`, `price_per_night_30d`, `price_per_weekend`, `min_day_of_booking`, `status`, `created_at`, `update_at`) VALUES
(3, 118, 393, '2022-08-24', '2022-08-27', 2000, 500, 3200, 12000, 2500, 2, 1, '0000-00-00 00:00:00', '2022-08-19 09:55:31'),
(4, 118, 393, '2022-08-20', '2022-08-21', 3000, 600, 3500, 15000, 5000, 2, 1, '0000-00-00 00:00:00', '2022-08-19 12:31:14'),
(5, 458, 878, '2022-08-20', '2022-08-21', 1500, 200, 200, 45620, 5454, 1, 1, '0000-00-00 00:00:00', '2022-08-19 12:55:52'),
(6, 458, 878, '2022-08-22', '2022-08-25', 855, NULL, NULL, NULL, NULL, NULL, 1, '0000-00-00 00:00:00', '2022-08-19 13:20:04');

-- --------------------------------------------------------

--
-- Table structure for table `room_extra_option`
--

CREATE TABLE `room_extra_option` (
  `id` int(11) NOT NULL,
  `ext_opt_name` varchar(255) CHARACTER SET utf8 NOT NULL,
  `ext_opt_price` int(11) NOT NULL,
  `ext_opt_type` varchar(255) CHARACTER SET utf8 NOT NULL,
  `room_id` int(11) NOT NULL,
  `status` tinyint(2) NOT NULL DEFAULT 1,
  `created_at` datetime NOT NULL DEFAULT current_timestamp(),
  `updated_at` timestamp NOT NULL DEFAULT current_timestamp()
) ENGINE=InnoDB DEFAULT CHARSET=utf8 COLLATE=utf8_unicode_ci;

--
-- Dumping data for table `room_extra_option`
--

INSERT INTO `room_extra_option` (`id`, `ext_opt_name`, `ext_opt_price`, `ext_opt_type`, `room_id`, `status`, `created_at`, `updated_at`) VALUES
(136, 'Extra bed', 500, 'per_night_per_guest', 778, 1, '2022-08-24 12:20:25', '2022-08-24 12:20:25');

-- --------------------------------------------------------

--
-- Table structure for table `room_features`
--

CREATE TABLE `room_features` (
  `id` int(11) NOT NULL,
  `room_id` int(11) NOT NULL,
  `feature_id` int(11) NOT NULL,
  `status` int(11) NOT NULL,
  `created_at` datetime NOT NULL,
  `updated_at` timestamp NOT NULL DEFAULT current_timestamp() ON UPDATE current_timestamp()
) ENGINE=InnoDB DEFAULT CHARSET=utf8 COLLATE=utf8_unicode_ci;

--
-- Dumping data for table `room_features`
--

INSERT INTO `room_features` (`id`, `room_id`, `feature_id`, `status`, `created_at`, `updated_at`) VALUES
(196, 191, 5, 1, '2022-07-01 11:01:22', '2022-07-01 11:01:22'),
(790, 933, 3, 1, '2022-08-23 06:57:00', '2022-08-23 06:57:00'),
(791, 927, 3, 1, '2022-08-23 07:01:54', '2022-08-23 07:01:54'),
(818, 945, 5, 1, '2022-08-23 09:48:39', '2022-08-23 09:48:39'),
(820, 946, 5, 1, '2022-08-23 09:50:42', '2022-08-23 09:50:42'),
(865, 878, 3, 1, '2022-08-24 12:12:58', '2022-08-24 12:12:58'),
(867, 778, 5, 1, '2022-08-24 12:20:25', '2022-08-24 12:20:25'),
(871, 874, 3, 1, '2022-08-24 12:29:41', '2022-08-24 12:29:41'),
(947, 998, 2, 1, '2022-08-25 08:53:34', '2022-08-25 08:53:34'),
(1046, 1035, 4, 1, '2022-09-03 17:46:05', '2022-09-03 12:46:05'),
(1047, 1035, 29, 1, '2022-09-03 17:46:05', '2022-09-03 12:46:05'),
(1048, 1035, 28, 1, '2022-09-03 17:46:05', '2022-09-03 12:46:05'),
(1049, 1035, 17, 1, '2022-09-03 17:46:05', '2022-09-03 12:46:05'),
(1050, 1035, 23, 1, '2022-09-03 17:46:05', '2022-09-03 12:46:05'),
(1051, 1035, 1, 1, '2022-09-03 17:46:05', '2022-09-03 12:46:05'),
(1058, 1036, 1, 1, '2022-09-03 18:01:12', '2022-09-03 13:01:12'),
(1059, 1036, 4, 1, '2022-09-03 18:01:12', '2022-09-03 13:01:12'),
(1060, 1036, 17, 1, '2022-09-03 18:01:12', '2022-09-03 13:01:12'),
(1061, 1036, 23, 1, '2022-09-03 18:01:12', '2022-09-03 13:01:12'),
(1062, 1036, 28, 1, '2022-09-03 18:01:12', '2022-09-03 13:01:12'),
(1063, 1036, 29, 1, '2022-09-03 18:01:12', '2022-09-03 13:01:12'),
(1070, 1037, 1, 1, '2022-09-03 18:17:21', '2022-09-03 13:17:21'),
(1071, 1037, 4, 1, '2022-09-03 18:17:21', '2022-09-03 13:17:21'),
(1072, 1037, 17, 1, '2022-09-03 18:17:21', '2022-09-03 13:17:21'),
(1073, 1037, 23, 1, '2022-09-03 18:17:21', '2022-09-03 13:17:21'),
(1074, 1037, 28, 1, '2022-09-03 18:17:21', '2022-09-03 13:17:21'),
(1075, 1037, 29, 1, '2022-09-03 18:17:21', '2022-09-03 13:17:21'),
(1076, 1034, 4, 1, '2022-09-03 18:27:49', '2022-09-03 13:27:49'),
(1077, 1034, 23, 1, '2022-09-03 18:27:49', '2022-09-03 13:27:49'),
(1080, 1038, 4, 1, '2022-09-03 18:35:41', '2022-09-03 13:35:41'),
(1081, 1038, 23, 1, '2022-09-03 18:35:41', '2022-09-03 13:35:41'),
(1084, 1039, 1, 1, '2022-09-04 09:55:11', '2022-09-04 04:55:11'),
(1085, 1039, 4, 1, '2022-09-04 09:55:11', '2022-09-04 04:55:11'),
(1086, 1039, 7, 1, '2022-09-04 09:55:11', '2022-09-04 04:55:11'),
(1087, 1039, 8, 1, '2022-09-04 09:55:11', '2022-09-04 04:55:11'),
(1088, 1039, 13, 1, '2022-09-04 09:55:11', '2022-09-04 04:55:11'),
(1089, 1039, 16, 1, '2022-09-04 09:55:11', '2022-09-04 04:55:11'),
(1090, 1039, 12, 1, '2022-09-04 09:55:11', '2022-09-04 04:55:11'),
(1091, 1039, 29, 1, '2022-09-04 09:55:11', '2022-09-04 04:55:11'),
(1092, 1039, 28, 1, '2022-09-04 09:55:11', '2022-09-04 04:55:11'),
(1093, 1039, 26, 1, '2022-09-04 09:55:11', '2022-09-04 04:55:11'),
(1094, 1039, 25, 1, '2022-09-04 09:55:11', '2022-09-04 04:55:11'),
(1095, 1039, 19, 1, '2022-09-04 09:55:11', '2022-09-04 04:55:11'),
(1096, 1039, 20, 1, '2022-09-04 09:55:11', '2022-09-04 04:55:11'),
(1097, 1039, 18, 1, '2022-09-04 09:55:11', '2022-09-04 04:55:11'),
(1098, 1039, 15, 1, '2022-09-04 09:55:11', '2022-09-04 04:55:11'),
(1099, 1039, 17, 1, '2022-09-04 09:55:11', '2022-09-04 04:55:11'),
(1100, 1039, 23, 1, '2022-09-04 09:55:11', '2022-09-04 04:55:11'),
(1101, 1039, 27, 1, '2022-09-04 09:55:11', '2022-09-04 04:55:11'),
(1102, 1039, 10, 1, '2022-09-04 09:55:11', '2022-09-04 04:55:11'),
(1103, 1040, 1, 1, '2022-09-04 12:19:18', '2022-09-04 07:19:18'),
(1104, 1040, 3, 1, '2022-09-04 12:19:18', '2022-09-04 07:19:18'),
(1105, 1040, 4, 1, '2022-09-04 12:19:18', '2022-09-04 07:19:18'),
(1106, 1040, 2, 1, '2022-09-04 12:19:18', '2022-09-04 07:19:18'),
(1107, 1040, 8, 1, '2022-09-04 12:19:18', '2022-09-04 07:19:18'),
(1108, 1040, 7, 1, '2022-09-04 12:19:18', '2022-09-04 07:19:18'),
(1109, 1040, 10, 1, '2022-09-04 12:19:18', '2022-09-04 07:19:18'),
(1110, 1040, 12, 1, '2022-09-04 12:19:18', '2022-09-04 07:19:18'),
(1111, 1040, 13, 1, '2022-09-04 12:19:18', '2022-09-04 07:19:18'),
(1112, 1040, 17, 1, '2022-09-04 12:19:18', '2022-09-04 07:19:18'),
(1113, 1040, 16, 1, '2022-09-04 12:19:18', '2022-09-04 07:19:18'),
(1114, 1040, 18, 1, '2022-09-04 12:19:18', '2022-09-04 07:19:18'),
(1115, 1040, 19, 1, '2022-09-04 12:19:18', '2022-09-04 07:19:18'),
(1116, 1040, 23, 1, '2022-09-04 12:19:18', '2022-09-04 07:19:18'),
(1117, 1040, 26, 1, '2022-09-04 12:19:18', '2022-09-04 07:19:18'),
(1118, 1040, 27, 1, '2022-09-04 12:19:18', '2022-09-04 07:19:18'),
(1119, 1040, 28, 1, '2022-09-04 12:19:18', '2022-09-04 07:19:18'),
(1120, 1040, 29, 1, '2022-09-04 12:19:18', '2022-09-04 07:19:18'),
(1139, 1041, 1, 1, '2022-09-04 12:40:38', '2022-09-04 07:40:38'),
(1140, 1041, 2, 1, '2022-09-04 12:40:38', '2022-09-04 07:40:38'),
(1141, 1041, 3, 1, '2022-09-04 12:40:38', '2022-09-04 07:40:38'),
(1142, 1041, 4, 1, '2022-09-04 12:40:38', '2022-09-04 07:40:38'),
(1143, 1041, 7, 1, '2022-09-04 12:40:38', '2022-09-04 07:40:38'),
(1144, 1041, 8, 1, '2022-09-04 12:40:38', '2022-09-04 07:40:38'),
(1145, 1041, 10, 1, '2022-09-04 12:40:38', '2022-09-04 07:40:38'),
(1146, 1041, 12, 1, '2022-09-04 12:40:38', '2022-09-04 07:40:38'),
(1147, 1041, 13, 1, '2022-09-04 12:40:38', '2022-09-04 07:40:38'),
(1148, 1041, 16, 1, '2022-09-04 12:40:38', '2022-09-04 07:40:38'),
(1149, 1041, 17, 1, '2022-09-04 12:40:38', '2022-09-04 07:40:38'),
(1150, 1041, 18, 1, '2022-09-04 12:40:38', '2022-09-04 07:40:38'),
(1151, 1041, 19, 1, '2022-09-04 12:40:38', '2022-09-04 07:40:38'),
(1152, 1041, 23, 1, '2022-09-04 12:40:38', '2022-09-04 07:40:38'),
(1153, 1041, 26, 1, '2022-09-04 12:40:38', '2022-09-04 07:40:38'),
(1154, 1041, 27, 1, '2022-09-04 12:40:38', '2022-09-04 07:40:38'),
(1155, 1041, 28, 1, '2022-09-04 12:40:38', '2022-09-04 07:40:38'),
(1156, 1041, 29, 1, '2022-09-04 12:40:38', '2022-09-04 07:40:38'),
(1193, 1042, 1, 1, '2022-09-04 12:45:33', '2022-09-04 07:45:33'),
(1194, 1042, 2, 1, '2022-09-04 12:45:33', '2022-09-04 07:45:33'),
(1195, 1042, 3, 1, '2022-09-04 12:45:33', '2022-09-04 07:45:33'),
(1196, 1042, 4, 1, '2022-09-04 12:45:33', '2022-09-04 07:45:33'),
(1197, 1042, 7, 1, '2022-09-04 12:45:33', '2022-09-04 07:45:33'),
(1198, 1042, 8, 1, '2022-09-04 12:45:33', '2022-09-04 07:45:33'),
(1199, 1042, 10, 1, '2022-09-04 12:45:33', '2022-09-04 07:45:33'),
(1200, 1042, 12, 1, '2022-09-04 12:45:33', '2022-09-04 07:45:33'),
(1201, 1042, 13, 1, '2022-09-04 12:45:33', '2022-09-04 07:45:33'),
(1202, 1042, 16, 1, '2022-09-04 12:45:33', '2022-09-04 07:45:33'),
(1203, 1042, 17, 1, '2022-09-04 12:45:33', '2022-09-04 07:45:33'),
(1204, 1042, 18, 1, '2022-09-04 12:45:33', '2022-09-04 07:45:33'),
(1205, 1042, 19, 1, '2022-09-04 12:45:33', '2022-09-04 07:45:33'),
(1206, 1042, 23, 1, '2022-09-04 12:45:33', '2022-09-04 07:45:33'),
(1207, 1042, 26, 1, '2022-09-04 12:45:33', '2022-09-04 07:45:33'),
(1208, 1042, 27, 1, '2022-09-04 12:45:33', '2022-09-04 07:45:33'),
(1209, 1042, 28, 1, '2022-09-04 12:45:33', '2022-09-04 07:45:33'),
(1210, 1042, 29, 1, '2022-09-04 12:45:33', '2022-09-04 07:45:33'),
(1229, 1043, 1, 1, '2022-09-04 12:50:55', '2022-09-04 07:50:55'),
(1230, 1043, 2, 1, '2022-09-04 12:50:55', '2022-09-04 07:50:55'),
(1231, 1043, 3, 1, '2022-09-04 12:50:55', '2022-09-04 07:50:55'),
(1232, 1043, 4, 1, '2022-09-04 12:50:55', '2022-09-04 07:50:55'),
(1233, 1043, 7, 1, '2022-09-04 12:50:55', '2022-09-04 07:50:55'),
(1234, 1043, 8, 1, '2022-09-04 12:50:55', '2022-09-04 07:50:55'),
(1235, 1043, 10, 1, '2022-09-04 12:50:55', '2022-09-04 07:50:55'),
(1236, 1043, 12, 1, '2022-09-04 12:50:55', '2022-09-04 07:50:55'),
(1237, 1043, 13, 1, '2022-09-04 12:50:55', '2022-09-04 07:50:55'),
(1238, 1043, 16, 1, '2022-09-04 12:50:55', '2022-09-04 07:50:55'),
(1239, 1043, 17, 1, '2022-09-04 12:50:55', '2022-09-04 07:50:55'),
(1240, 1043, 18, 1, '2022-09-04 12:50:55', '2022-09-04 07:50:55'),
(1241, 1043, 19, 1, '2022-09-04 12:50:55', '2022-09-04 07:50:55'),
(1242, 1043, 23, 1, '2022-09-04 12:50:55', '2022-09-04 07:50:55'),
(1243, 1043, 26, 1, '2022-09-04 12:50:55', '2022-09-04 07:50:55'),
(1244, 1043, 27, 1, '2022-09-04 12:50:55', '2022-09-04 07:50:55'),
(1245, 1043, 28, 1, '2022-09-04 12:50:55', '2022-09-04 07:50:55'),
(1246, 1043, 29, 1, '2022-09-04 12:50:55', '2022-09-04 07:50:55'),
(1301, 1045, 1, 1, '2022-09-04 13:10:32', '2022-09-04 08:10:32'),
(1302, 1045, 2, 1, '2022-09-04 13:10:32', '2022-09-04 08:10:32'),
(1303, 1045, 3, 1, '2022-09-04 13:10:32', '2022-09-04 08:10:32'),
(1304, 1045, 4, 1, '2022-09-04 13:10:32', '2022-09-04 08:10:32'),
(1305, 1045, 7, 1, '2022-09-04 13:10:32', '2022-09-04 08:10:32'),
(1306, 1045, 8, 1, '2022-09-04 13:10:32', '2022-09-04 08:10:32'),
(1307, 1045, 10, 1, '2022-09-04 13:10:32', '2022-09-04 08:10:32'),
(1308, 1045, 12, 1, '2022-09-04 13:10:32', '2022-09-04 08:10:32'),
(1309, 1045, 13, 1, '2022-09-04 13:10:32', '2022-09-04 08:10:32'),
(1310, 1045, 16, 1, '2022-09-04 13:10:32', '2022-09-04 08:10:32'),
(1311, 1045, 17, 1, '2022-09-04 13:10:32', '2022-09-04 08:10:32'),
(1312, 1045, 18, 1, '2022-09-04 13:10:32', '2022-09-04 08:10:32'),
(1313, 1045, 19, 1, '2022-09-04 13:10:32', '2022-09-04 08:10:32'),
(1314, 1045, 23, 1, '2022-09-04 13:10:32', '2022-09-04 08:10:32'),
(1315, 1045, 26, 1, '2022-09-04 13:10:32', '2022-09-04 08:10:32'),
(1316, 1045, 27, 1, '2022-09-04 13:10:32', '2022-09-04 08:10:32'),
(1317, 1045, 28, 1, '2022-09-04 13:10:32', '2022-09-04 08:10:32'),
(1318, 1045, 29, 1, '2022-09-04 13:10:32', '2022-09-04 08:10:32'),
(1319, 1044, 1, 1, '2022-09-04 13:12:53', '2022-09-04 08:12:53'),
(1320, 1044, 2, 1, '2022-09-04 13:12:53', '2022-09-04 08:12:53'),
(1321, 1044, 3, 1, '2022-09-04 13:12:53', '2022-09-04 08:12:53'),
(1322, 1044, 4, 1, '2022-09-04 13:12:53', '2022-09-04 08:12:53'),
(1323, 1044, 7, 1, '2022-09-04 13:12:53', '2022-09-04 08:12:53'),
(1324, 1044, 8, 1, '2022-09-04 13:12:53', '2022-09-04 08:12:53'),
(1325, 1044, 10, 1, '2022-09-04 13:12:53', '2022-09-04 08:12:53'),
(1326, 1044, 12, 1, '2022-09-04 13:12:53', '2022-09-04 08:12:53'),
(1327, 1044, 13, 1, '2022-09-04 13:12:53', '2022-09-04 08:12:53'),
(1328, 1044, 16, 1, '2022-09-04 13:12:54', '2022-09-04 08:12:54'),
(1329, 1044, 17, 1, '2022-09-04 13:12:54', '2022-09-04 08:12:54'),
(1330, 1044, 18, 1, '2022-09-04 13:12:54', '2022-09-04 08:12:54'),
(1331, 1044, 19, 1, '2022-09-04 13:12:54', '2022-09-04 08:12:54'),
(1332, 1044, 23, 1, '2022-09-04 13:12:54', '2022-09-04 08:12:54'),
(1333, 1044, 26, 1, '2022-09-04 13:12:54', '2022-09-04 08:12:54'),
(1334, 1044, 27, 1, '2022-09-04 13:12:54', '2022-09-04 08:12:54'),
(1335, 1044, 28, 1, '2022-09-04 13:12:54', '2022-09-04 08:12:54'),
(1336, 1044, 29, 1, '2022-09-04 13:12:54', '2022-09-04 08:12:54'),
(1337, 1046, 1, 1, '2022-09-04 14:10:13', '2022-09-04 09:10:13'),
(1338, 1046, 29, 1, '2022-09-04 14:10:13', '2022-09-04 09:10:13'),
(1339, 1046, 27, 1, '2022-09-04 14:10:13', '2022-09-04 09:10:13'),
(1340, 1046, 26, 1, '2022-09-04 14:10:13', '2022-09-04 09:10:13'),
(1341, 1046, 23, 1, '2022-09-04 14:10:13', '2022-09-04 09:10:13'),
(1342, 1046, 18, 1, '2022-09-04 14:10:13', '2022-09-04 09:10:13'),
(1343, 1046, 12, 1, '2022-09-04 14:10:13', '2022-09-04 09:10:13'),
(1344, 1046, 7, 1, '2022-09-04 14:10:13', '2022-09-04 09:10:13'),
(1345, 1046, 8, 1, '2022-09-04 14:10:13', '2022-09-04 09:10:13'),
(1346, 1046, 4, 1, '2022-09-04 14:10:13', '2022-09-04 09:10:13'),
(1357, 1047, 1, 1, '2022-09-05 05:58:17', '2022-09-05 00:58:17'),
(1358, 1047, 4, 1, '2022-09-05 05:58:17', '2022-09-05 00:58:17'),
(1359, 1047, 7, 1, '2022-09-05 05:58:17', '2022-09-05 00:58:17'),
(1360, 1047, 8, 1, '2022-09-05 05:58:17', '2022-09-05 00:58:17'),
(1361, 1047, 12, 1, '2022-09-05 05:58:17', '2022-09-05 00:58:17'),
(1362, 1047, 18, 1, '2022-09-05 05:58:17', '2022-09-05 00:58:17'),
(1363, 1047, 23, 1, '2022-09-05 05:58:17', '2022-09-05 00:58:17'),
(1364, 1047, 26, 1, '2022-09-05 05:58:17', '2022-09-05 00:58:17'),
(1365, 1047, 27, 1, '2022-09-05 05:58:17', '2022-09-05 00:58:17'),
(1366, 1047, 29, 1, '2022-09-05 05:58:17', '2022-09-05 00:58:17'),
(1377, 1048, 1, 1, '2022-09-05 06:05:58', '2022-09-05 01:05:58'),
(1378, 1048, 4, 1, '2022-09-05 06:05:58', '2022-09-05 01:05:58'),
(1379, 1048, 7, 1, '2022-09-05 06:05:58', '2022-09-05 01:05:58'),
(1380, 1048, 8, 1, '2022-09-05 06:05:58', '2022-09-05 01:05:58'),
(1381, 1048, 12, 1, '2022-09-05 06:05:58', '2022-09-05 01:05:58'),
(1382, 1048, 18, 1, '2022-09-05 06:05:58', '2022-09-05 01:05:58'),
(1383, 1048, 23, 1, '2022-09-05 06:05:58', '2022-09-05 01:05:58'),
(1384, 1048, 26, 1, '2022-09-05 06:05:58', '2022-09-05 01:05:58'),
(1385, 1048, 27, 1, '2022-09-05 06:05:58', '2022-09-05 01:05:58'),
(1386, 1048, 29, 1, '2022-09-05 06:05:58', '2022-09-05 01:05:58');

-- --------------------------------------------------------

--
-- Table structure for table `room_gallery`
--

CREATE TABLE `room_gallery` (
  `id` int(11) NOT NULL,
  `room_id` int(11) NOT NULL,
  `image` varchar(255) COLLATE utf8_unicode_ci NOT NULL,
  `is_featured` int(11) NOT NULL DEFAULT 0 COMMENT '1=is_featured',
  `status` int(11) NOT NULL DEFAULT 1 COMMENT '"1" => default',
  `created_at` datetime NOT NULL,
  `updated_at` timestamp NOT NULL DEFAULT current_timestamp() ON UPDATE current_timestamp()
) ENGINE=InnoDB DEFAULT CHARSET=utf8 COLLATE=utf8_unicode_ci;

--
-- Dumping data for table `room_gallery`
--

INSERT INTO `room_gallery` (`id`, `room_id`, `image`, `is_featured`, `status`, `created_at`, `updated_at`) VALUES
(1422, 778, '1660129758_pexels-pixabay-164595.jpg', 0, 1, '2022-08-10 11:09:18', '2022-08-10 11:09:18'),
(1423, 778, '1660129758_pexels-pixabay-258154.jpg', 0, 1, '2022-08-10 11:09:18', '2022-08-10 11:09:18'),
(1424, 778, '1660129758_pexels-pixabay-271624.jpg', 0, 1, '2022-08-10 11:09:18', '2022-08-10 11:09:18'),
(1756, 874, '1660865573_251340906.jpg', 0, 1, '2022-08-18 23:32:53', '2022-08-18 23:32:53'),
(1757, 874, '1660865573_251345137-5.jpg', 0, 1, '2022-08-18 23:32:53', '2022-08-18 23:32:53'),
(1758, 874, '1660865573_296688934-13.jpg', 0, 1, '2022-08-18 23:32:53', '2022-08-18 23:32:53'),
(1759, 874, '1660865573_WhatsApp-Image-2021-04-27-at-2.45.09-PM-3-768x790.jpeg', 0, 1, '2022-08-18 23:32:53', '2022-08-18 23:32:53'),
(1767, 878, '1660867142_251248948.jpg', 0, 1, '2022-08-18 23:59:02', '2022-08-18 23:59:02'),
(1768, 878, '1660867142_251346875-2.jpg', 0, 1, '2022-08-18 23:59:02', '2022-08-18 23:59:02'),
(1769, 878, '1660867142_296688934-14.jpg', 0, 1, '2022-08-18 23:59:02', '2022-08-18 23:59:02'),
(1770, 878, '1660867142_WhatsApp-Image-2021-04-27-at-2.46.10-PM-9.jpeg', 0, 1, '2022-08-18 23:59:02', '2022-08-18 23:59:02'),
(1771, 878, '1660867142_WhatsApp-Image-2021-04-30-at-1.23.43-AM-4.jpeg', 0, 1, '2022-08-18 23:59:02', '2022-08-18 23:59:02'),
(2268, 1034, '1661864067_1.jpg', 0, 1, '2022-08-30 12:54:27', '2022-08-30 07:54:27'),
(2269, 1034, '1661864067_2.jpg', 0, 1, '2022-08-30 12:54:27', '2022-08-30 07:54:27'),
(2270, 1034, '1661864067_3.jpg', 0, 1, '2022-08-30 12:54:27', '2022-08-30 07:54:27'),
(2271, 1034, '1661864067_117429729_100532208436804_9034492744920206019_n.jpg', 0, 1, '2022-08-30 12:54:27', '2022-08-30 07:54:27'),
(2272, 1034, '1661864067_201933477_306919721131384_5809094944436100577_n.jpg', 0, 1, '2022-08-30 12:54:27', '2022-08-30 07:54:27'),
(2273, 1034, '1661864067_Capture.jpg', 0, 1, '2022-08-30 12:54:27', '2022-08-30 07:54:27'),
(2274, 1034, '1661864067_Capture3.jpg', 0, 1, '2022-08-30 12:54:27', '2022-08-30 07:54:27'),
(2275, 1034, '1661864067_capture-5.jpg', 0, 1, '2022-08-30 12:54:27', '2022-08-30 07:54:27'),
(2276, 1035, '1662227164_251344197-1.jpg', 0, 1, '2022-09-03 17:46:04', '2022-09-03 12:46:04'),
(2277, 1035, '1662227164_251344899-1.jpg', 0, 1, '2022-09-03 17:46:04', '2022-09-03 12:46:04'),
(2278, 1035, '1662227164_296689976-5.jpg', 0, 1, '2022-09-03 17:46:04', '2022-09-03 12:46:04'),
(2279, 1035, '1662227164_WhatsApp-Image-2021-04-27-at-2.44.42-PM.jpeg', 0, 1, '2022-09-03 17:46:04', '2022-09-03 12:46:04'),
(2280, 1035, '1662227164_WhatsApp-Image-2021-04-27-at-2.44.43-PM-2.jpeg', 0, 1, '2022-09-03 17:46:04', '2022-09-03 12:46:04'),
(2281, 1035, '1662227164_WhatsApp-Image-2021-04-27-at-2.45.08-PM-6.jpeg', 0, 1, '2022-09-03 17:46:04', '2022-09-03 12:46:04'),
(2282, 1035, '1662227164_WhatsApp-Image-2021-04-27-at-2.45.13-PM-3.jpeg', 0, 1, '2022-09-03 17:46:04', '2022-09-03 12:46:04'),
(2283, 1035, '1662227165_WhatsApp-Image-2021-04-27-at-2.46.10-PM-8.jpeg', 0, 1, '2022-09-03 17:46:05', '2022-09-03 12:46:05'),
(2284, 1035, '1662227165_WhatsApp-Image-2021-04-30-at-1.23.42-AM-1-5.jpeg', 0, 1, '2022-09-03 17:46:05', '2022-09-03 12:46:05'),
(2285, 1036, '1662228072_251297135-1.jpg', 0, 1, '2022-09-03 18:01:12', '2022-09-03 13:01:12'),
(2286, 1036, '1662228072_251345137-1.jpg', 0, 1, '2022-09-03 18:01:12', '2022-09-03 13:01:12'),
(2287, 1036, '1662228072_282682511-1.jpg', 0, 1, '2022-09-03 18:01:12', '2022-09-03 13:01:12'),
(2288, 1036, '1662228072_296688934-5.jpg', 0, 1, '2022-09-03 18:01:12', '2022-09-03 13:01:12'),
(2289, 1036, '1662228072_WhatsApp-Image-2021-04-27-at-2.45.08-PM-768x790.jpeg', 0, 1, '2022-09-03 18:01:12', '2022-09-03 13:01:12'),
(2290, 1036, '1662228072_WhatsApp-Image-2021-04-27-at-2.45.13-PM.jpeg', 0, 1, '2022-09-03 18:01:12', '2022-09-03 13:01:12'),
(2291, 1036, '1662228072_WhatsApp-Image-2021-04-27-at-2.46.05-PM.jpeg', 0, 1, '2022-09-03 18:01:12', '2022-09-03 13:01:12'),
(2292, 1036, '1662228072_WhatsApp-Image-2021-04-27-at-2.46.10-PM.jpeg', 0, 1, '2022-09-03 18:01:12', '2022-09-03 13:01:12'),
(2293, 1036, '1662228072_WhatsApp-Image-2021-04-30-at-1.23.42-AM-1.jpeg', 0, 1, '2022-09-03 18:01:12', '2022-09-03 13:01:12'),
(2294, 1037, '1662229041_251248948.jpg', 0, 1, '2022-09-03 18:17:21', '2022-09-03 13:17:21'),
(2295, 1037, '1662229041_251346875-2.jpg', 0, 1, '2022-09-03 18:17:21', '2022-09-03 13:17:21'),
(2296, 1037, '1662229041_296688934-14.jpg', 0, 1, '2022-09-03 18:17:21', '2022-09-03 13:17:21'),
(2297, 1037, '1662229041_WhatsApp-Image-2021-04-27-at-2.46.10-PM-9.jpeg', 0, 1, '2022-09-03 18:17:21', '2022-09-03 13:17:21'),
(2298, 1037, '1662229041_WhatsApp-Image-2021-04-30-at-1.23.43-AM-4.jpeg', 0, 1, '2022-09-03 18:17:21', '2022-09-03 13:17:21'),
(2299, 1038, '1662230141_2-7.jpg', 0, 1, '2022-09-03 18:35:41', '2022-09-03 13:35:41'),
(2300, 1038, '1662230141_3-7.jpg', 0, 1, '2022-09-03 18:35:41', '2022-09-03 13:35:41'),
(2301, 1038, '1662230141_201933477_306919721131384_5809094944436100577_n-6.jpg', 0, 1, '2022-09-03 18:35:41', '2022-09-03 13:35:41'),
(2302, 1038, '1662230141_Capture3-7.jpg', 0, 1, '2022-09-03 18:35:41', '2022-09-03 13:35:41'),
(2303, 1038, '1662230141_capture-5-7.jpg', 0, 1, '2022-09-03 18:35:41', '2022-09-03 13:35:41'),
(2304, 1039, '1662285311_1-5.jpg', 0, 1, '2022-09-04 09:55:11', '2022-09-04 04:55:11'),
(2305, 1039, '1662285311_2-5.jpg', 0, 1, '2022-09-04 09:55:11', '2022-09-04 04:55:11'),
(2306, 1039, '1662285311_3-5.jpg', 0, 1, '2022-09-04 09:55:11', '2022-09-04 04:55:11'),
(2307, 1039, '1662285311_4-3.jpg', 0, 1, '2022-09-04 09:55:11', '2022-09-04 04:55:11'),
(2308, 1039, '1662285311_5-3.jpg', 0, 1, '2022-09-04 09:55:11', '2022-09-04 04:55:11'),
(2309, 1039, '1662285311_117429729_100532208436804_9034492744920206019_n-5.jpg', 0, 1, '2022-09-04 09:55:11', '2022-09-04 04:55:11'),
(2310, 1039, '1662285311_201933477_306919721131384_5809094944436100577_n-4.jpg', 0, 1, '2022-09-04 09:55:11', '2022-09-04 04:55:11'),
(2311, 1039, '1662285311_Capture3-5.jpg', 0, 1, '2022-09-04 09:55:11', '2022-09-04 04:55:11'),
(2312, 1039, '1662285311_capture-5-5.jpg', 0, 1, '2022-09-04 09:55:11', '2022-09-04 04:55:11'),
(2313, 1039, '1662285311_Capture-6.jpg', 0, 1, '2022-09-04 09:55:11', '2022-09-04 04:55:11'),
(2314, 1040, '1662293958_Delux-Room-2.jpeg', 0, 1, '2022-09-04 12:19:18', '2022-09-04 07:19:18'),
(2315, 1040, '1662293958_Dining-Hall-9.jpeg', 0, 1, '2022-09-04 12:19:18', '2022-09-04 07:19:18'),
(2316, 1040, '1662293958_Front-side-3-1.jpeg', 0, 1, '2022-09-04 12:19:18', '2022-09-04 07:19:18'),
(2317, 1040, '1662293958_Frront-side-2-10.jpeg', 0, 1, '2022-09-04 12:19:18', '2022-09-04 07:19:18'),
(2318, 1040, '1662293958_WhatsApp-Image-2021-10-20-at-3.50.09-AM-9.jpeg', 0, 1, '2022-09-04 12:19:18', '2022-09-04 07:19:18'),
(2319, 1040, '1662293958_WhatsApp-Image-2021-10-20-at-3.50.11-AM-9.jpeg', 0, 1, '2022-09-04 12:19:18', '2022-09-04 07:19:18'),
(2320, 1041, '1662295238_Dining-Hall-7.jpeg', 0, 1, '2022-09-04 12:40:38', '2022-09-04 07:40:38'),
(2321, 1041, '1662295238_Front-Side-3.jpeg', 0, 1, '2022-09-04 12:40:38', '2022-09-04 07:40:38'),
(2322, 1041, '1662295238_Frront-side-2-8.jpeg', 0, 1, '2022-09-04 12:40:38', '2022-09-04 07:40:38'),
(2323, 1041, '1662295238_Suit-Room-1.jpeg', 0, 1, '2022-09-04 12:40:38', '2022-09-04 07:40:38'),
(2324, 1041, '1662295238_WhatsApp-Image-2021-10-20-at-3.50.09-AM-7.jpeg', 0, 1, '2022-09-04 12:40:38', '2022-09-04 07:40:38'),
(2325, 1041, '1662295238_WhatsApp-Image-2021-10-20-at-3.50.11-AM-7.jpeg', 0, 1, '2022-09-04 12:40:38', '2022-09-04 07:40:38'),
(2326, 1042, '1662295490_Dining-Hall-5.jpeg', 0, 1, '2022-09-04 12:44:50', '2022-09-04 07:44:50'),
(2327, 1042, '1662295490_Front-Side-1.jpeg', 0, 1, '2022-09-04 12:44:50', '2022-09-04 07:44:50'),
(2328, 1042, '1662295490_Frront-side-2-6.jpeg', 0, 1, '2022-09-04 12:44:50', '2022-09-04 07:44:50'),
(2329, 1042, '1662295490_Standard-Room-1.jpeg', 0, 1, '2022-09-04 12:44:50', '2022-09-04 07:44:50'),
(2330, 1042, '1662295491_WhatsApp-Image-2021-10-20-at-3.50.09-AM-5.jpeg', 0, 1, '2022-09-04 12:44:51', '2022-09-04 07:44:51'),
(2331, 1042, '1662295491_WhatsApp-Image-2021-10-20-at-3.50.11-AM-5.jpeg', 0, 1, '2022-09-04 12:44:51', '2022-09-04 07:44:51'),
(2332, 1043, '1662295855_Dining-Hall-4.jpeg', 0, 1, '2022-09-04 12:50:55', '2022-09-04 07:50:55'),
(2333, 1043, '1662295855_Front-Side.jpeg', 0, 1, '2022-09-04 12:50:55', '2022-09-04 07:50:55'),
(2334, 1043, '1662295855_Frront-side-2-5.jpeg', 0, 1, '2022-09-04 12:50:55', '2022-09-04 07:50:55'),
(2335, 1043, '1662295855_Presidential-room.jpeg', 0, 1, '2022-09-04 12:50:55', '2022-09-04 07:50:55'),
(2336, 1043, '1662295855_WhatsApp-Image-2021-10-20-at-3.50.09-AM-4.jpeg', 0, 1, '2022-09-04 12:50:55', '2022-09-04 07:50:55'),
(2337, 1043, '1662295855_WhatsApp-Image-2021-10-20-at-3.50.11-AM-4.jpeg', 0, 1, '2022-09-04 12:50:55', '2022-09-04 07:50:55'),
(2338, 1044, '1662296185_Dining-Hall-3.jpeg', 0, 1, '2022-09-04 12:56:25', '2022-09-04 07:56:25'),
(2339, 1044, '1662296185_Frront-side-2-4.jpeg', 0, 1, '2022-09-04 12:56:25', '2022-09-04 07:56:25'),
(2340, 1044, '1662296185_VIP-Room.jpeg', 0, 1, '2022-09-04 12:56:25', '2022-09-04 07:56:25'),
(2341, 1044, '1662296185_WhatsApp-Image-2021-10-20-at-3.50.09-AM-3.jpeg', 0, 1, '2022-09-04 12:56:25', '2022-09-04 07:56:25'),
(2342, 1044, '1662296185_WhatsApp-Image-2021-10-20-at-3.50.11-AM-3.jpeg', 0, 1, '2022-09-04 12:56:25', '2022-09-04 07:56:25'),
(2343, 1045, '1662297032_Dining-Hall.jpeg', 0, 1, '2022-09-04 13:10:32', '2022-09-04 08:10:32'),
(2344, 1045, '1662297032_Frront-side-2-1.jpeg', 0, 1, '2022-09-04 13:10:32', '2022-09-04 08:10:32'),
(2345, 1045, '1662297032_Standard-Room.jpeg', 0, 1, '2022-09-04 13:10:32', '2022-09-04 08:10:32'),
(2346, 1045, '1662297032_WhatsApp-Image-2021-10-20-at-3.50.09-AM.jpeg', 0, 1, '2022-09-04 13:10:32', '2022-09-04 08:10:32'),
(2347, 1045, '1662297032_WhatsApp-Image-2021-10-20-at-3.50.11-AM.jpeg', 0, 1, '2022-09-04 13:10:32', '2022-09-04 08:10:32'),
(2348, 1046, '1662300613_WhatsApp-Image-2021-12-19-at-3.58.12-PM.jpeg', 0, 1, '2022-09-04 14:10:13', '2022-09-04 09:10:13'),
(2349, 1046, '1662300613_WhatsApp-Image-2021-12-19-at-3.58.13-PM.jpeg', 0, 1, '2022-09-04 14:10:13', '2022-09-04 09:10:13'),
(2350, 1046, '1662300613_WhatsApp-Image-2021-12-19-at-3.58.21-PM.jpeg', 0, 1, '2022-09-04 14:10:13', '2022-09-04 09:10:13'),
(2351, 1046, '1662300613_WhatsApp-Image-2021-12-19-at-3.58.21-PM-1.jpeg', 0, 1, '2022-09-04 14:10:13', '2022-09-04 09:10:13'),
(2352, 1046, '1662300613_WhatsApp-Image-2021-12-19-at-3.58.25-PM.jpeg', 0, 1, '2022-09-04 14:10:13', '2022-09-04 09:10:13'),
(2353, 1047, '1662357497_WhatsApp-Image-2021-12-19-at-3.58.12-PM-5.jpeg', 0, 1, '2022-09-05 05:58:17', '2022-09-05 00:58:17'),
(2354, 1047, '1662357497_WhatsApp-Image-2021-12-19-at-3.58.13-PM-1-1.jpeg', 0, 1, '2022-09-05 05:58:17', '2022-09-05 00:58:17'),
(2355, 1047, '1662357497_WhatsApp-Image-2021-12-19-at-3.58.13-PM-5.jpeg', 0, 1, '2022-09-05 05:58:17', '2022-09-05 00:58:17'),
(2356, 1047, '1662357497_WhatsApp-Image-2021-12-19-at-3.58.21-PM-1-5.jpeg', 0, 1, '2022-09-05 05:58:17', '2022-09-05 00:58:17'),
(2357, 1048, '1662357958_WhatsApp-Image-2021-12-19-at-3.58.12-PM-3.jpeg', 0, 1, '2022-09-05 06:05:58', '2022-09-05 01:05:58'),
(2358, 1048, '1662357958_WhatsApp-Image-2021-12-19-at-3.58.13-PM-3.jpeg', 0, 1, '2022-09-05 06:05:58', '2022-09-05 01:05:58'),
(2359, 1048, '1662357958_WhatsApp-Image-2021-12-19-at-3.58.16-PM-1.jpeg', 0, 1, '2022-09-05 06:05:58', '2022-09-05 01:05:58'),
(2360, 1048, '1662357958_WhatsApp-Image-2021-12-19-at-3.58.20-PM.jpeg', 0, 1, '2022-09-05 06:05:58', '2022-09-05 01:05:58'),
(2361, 1048, '1662357958_WhatsApp-Image-2021-12-19-at-3.58.21-PM-1-3.jpeg', 0, 1, '2022-09-05 06:05:58', '2022-09-05 01:05:58');

-- --------------------------------------------------------

--
-- Table structure for table `room_list`
--

CREATE TABLE `room_list` (
  `id` int(11) NOT NULL,
  `hotel_id` int(11) NOT NULL,
  `room_types_id` int(11) DEFAULT NULL,
  `name` varchar(255) CHARACTER SET utf8 DEFAULT NULL,
  `image` varchar(255) CHARACTER SET utf8 DEFAULT 'room_default_img.jpg',
  `description` text CHARACTER SET utf8 DEFAULT NULL,
  `notes` text CHARACTER SET utf8 DEFAULT NULL,
  `max_adults` int(11) NOT NULL,
  `max_childern` int(11) NOT NULL,
  `number_of_rooms` int(11) NOT NULL,
  `price_per_night` double NOT NULL,
  `tax_percentage` int(11) DEFAULT NULL,
  `price_per_night_7d` double NOT NULL,
  `price_per_night_30d` int(11) NOT NULL,
  `is_guest_allow` tinyint(2) DEFAULT 0,
  `extra_guest_per_night` double DEFAULT 0,
  `is_above_guest_cap` tinyint(2) DEFAULT 0,
  `is_pay_by_num_guest` tinyint(2) DEFAULT 0,
  `room_size` int(11) DEFAULT NULL,
  `type_of_price` enum('single_fee','per_night','per_guest','per_night_per_guest') CHARACTER SET utf8 DEFAULT NULL,
  `cleaning_fee` double DEFAULT NULL,
  `cleaning_fee_type` enum('single_fee','per_night','per_guest','per_night_per_guest') CHARACTER SET utf8 DEFAULT NULL,
  `city_fee` double DEFAULT NULL,
  `city_fee_type` enum('single_fee','per_night','per_guest','per_night_per_guest') CHARACTER SET utf8 DEFAULT NULL,
  `earlybird_discount` int(11) DEFAULT NULL,
  `min_days_in_advance` int(11) DEFAULT NULL,
  `num_of_beds` int(11) DEFAULT NULL,
  `bed_type` varchar(255) CHARACTER SET utf8 NOT NULL,
  `private_bathroom` int(11) NOT NULL COMMENT '1=yes,0=no',
  `private_entrance` int(11) NOT NULL COMMENT '1=yes,0=no',
  `optional_services` text CHARACTER SET utf8 DEFAULT NULL,
  `family_friendly` int(11) NOT NULL COMMENT '1=yes,0=no',
  `outdoor_facilities` text CHARACTER SET utf8 DEFAULT NULL,
  `extra_people` text CHARACTER SET utf8 DEFAULT NULL,
  `breakfast_availability` tinyint(4) DEFAULT NULL COMMENT '1=yes,0=no',
  `breakfast_price_inclusion` tinyint(4) DEFAULT NULL COMMENT '1=no,0=yes',
  `breakfast_cost` varchar(255) CHARACTER SET utf8 DEFAULT NULL,
  `breakfast_type` varchar(255) CHARACTER SET utf8 DEFAULT NULL,
  `status` int(11) NOT NULL DEFAULT 1,
  `created_at` datetime NOT NULL,
  `updated_at` timestamp NOT NULL DEFAULT current_timestamp() ON UPDATE current_timestamp()
) ENGINE=InnoDB DEFAULT CHARSET=utf8 COLLATE=utf8_unicode_ci;

--
-- Dumping data for table `room_list`
--

INSERT INTO `room_list` (`id`, `hotel_id`, `room_types_id`, `name`, `image`, `description`, `notes`, `max_adults`, `max_childern`, `number_of_rooms`, `price_per_night`, `tax_percentage`, `price_per_night_7d`, `price_per_night_30d`, `is_guest_allow`, `extra_guest_per_night`, `is_above_guest_cap`, `is_pay_by_num_guest`, `room_size`, `type_of_price`, `cleaning_fee`, `cleaning_fee_type`, `city_fee`, `city_fee_type`, `earlybird_discount`, `min_days_in_advance`, `num_of_beds`, `bed_type`, `private_bathroom`, `private_entrance`, `optional_services`, `family_friendly`, `outdoor_facilities`, `extra_people`, `breakfast_availability`, `breakfast_price_inclusion`, `breakfast_cost`, `breakfast_type`, `status`, `created_at`, `updated_at`) VALUES
(777, 409, NULL, NULL, 'room_default_img.jpg', 'Lorem ipsum dolor sit amet, consectetur adipiscing elit, sed do eiusmod tempor incididunt ut labore et dolore magna aliqua.', 'Lorem ipsum dolor sit amet, consectetur adipiscing elit, sed do eiusmod tempor incididunt ut labore et dolore magna aliqua.', 2, 2, 2, 2000, 10, 14000, 60000, 0, NULL, NULL, NULL, 5, 'per_night_per_guest', 200, 'single_fee', 100, 'single_fee', 10, 2, NULL, 'Single bed', 1, 1, 'board games', 1, 'parking', '2', NULL, NULL, NULL, NULL, 0, '2022-08-10 10:14:52', '2022-08-10 10:14:52'),
(778, 409, NULL, 'Standard Double Room', NULL, 'Lorem ipsum dolor sit amet, consectetur adipiscing elit, sed do eiusmod tempor incididunt ut labore et dolore magna aliqua.', 'Lorem ipsum dolor sit amet, consectetur adipiscing elit, sed do eiusmod tempor incididunt ut labore et dolore magna aliqua.', 2, 2, 2, 2000, 10, 14000, 60000, 0, 0, 0, 0, 5, 'per_night_per_guest', 200, 'per_night_per_guest', 100, 'per_night_per_guest', 10, 2, NULL, 'Single bed', 1, 1, 'board games', 1, 'parking', '2', NULL, NULL, NULL, NULL, 1, '2022-08-10 10:52:53', '2022-08-24 12:20:25'),
(874, 458, NULL, 'Deluxe Twin Room', '251340906-roomMainImg-1660865573.jpg', 'Deluxe Twin Room', 'Venroom.com will make payment after 07-Days of every guest check-out & venrooms.com will be charged 15% on every guest reservation.', 2, 1, 10, 1975, 16, 1975, 1975, 1, 12, 1, NULL, 200, 'per_night', NULL, 'per_night', NULL, 'per_night', NULL, NULL, NULL, 'Single bed', 1, 1, NULL, 1, 'Garden', '2', NULL, NULL, NULL, NULL, 1, '2022-08-18 23:32:53', '2022-08-24 12:29:41'),
(876, 458, NULL, NULL, 'room_default_img.jpg', 'Deluxe Twin Room', 'Venroom.com will make payment after 07-Days of every guest check-out & venrooms.com will be charged 15% on every guest reservation.', 2, 1, 10, 1995, 16, 1975, 1975, 1, 0, 1, NULL, 200, 'per_night', NULL, 'per_night', NULL, 'per_night', NULL, NULL, NULL, 'Double bed', 1, 1, NULL, 1, 'Garden', '2', NULL, NULL, NULL, NULL, 0, '2022-08-18 23:46:14', '2022-08-18 23:46:14'),
(877, 458, NULL, NULL, 'room_default_img.jpg', 'Deluxe Twin Room', 'Venroom.com will make payment after 07-Days of every guest check-out & venrooms.com will be charged 15% on every guest reservation.', 2, 1, 10, 1995, 16, 1975, 1975, 1, 0, 1, NULL, 200, 'per_night', NULL, 'per_night', NULL, 'per_night', NULL, NULL, NULL, 'Double bed', 1, 1, NULL, 1, 'Garden', '2', NULL, NULL, NULL, NULL, 0, '2022-08-18 23:47:58', '2022-08-18 23:47:58'),
(878, 458, NULL, 'Standard Suite', '251248948-roomMainImg-1660867142.jpg', 'Family Suit room', 'Venroom.com will make payment after 07-Days of every guest check-out & venrooms.com will be charged 15% on every guest reservation.', 4, 1, 10, 3500, 16, 3500, 3500, 1, 0, 1, NULL, 200, 'per_night', NULL, 'per_night', NULL, 'per_night', NULL, NULL, NULL, 'Double bed', 1, 1, NULL, 1, 'Garden', '2', NULL, NULL, NULL, NULL, 1, '2022-08-18 23:54:18', '2022-08-24 12:12:58'),
(927, 458, NULL, 'Family Room with Pool View', 'room_default_img.jpg', 'Deluxe Twin Room', 'Venroom.com will make payment after 07-Days of every guest check-out & venrooms.com will be charged 15% on every guest reservation.', 2, 1, 10, 1975, 16, 1975, 1975, 1, 250, 1, NULL, 200, 'per_night', NULL, 'per_night', NULL, 'per_night', NULL, NULL, NULL, 'Single bed', 1, 1, NULL, 1, 'Garden', '2', NULL, NULL, NULL, NULL, 1, '2022-08-23 06:00:22', '2022-08-23 07:01:54'),
(933, 458, NULL, NULL, 'room_default_img.jpg', 'Deluxe Twin Room', 'Venroom.com will make payment after 07-Days of every guest check-out & venrooms.com will be charged 15% on every guest reservation.', 2, 1, 10, 1975, 16, 1975, 1975, 1, 250, 1, NULL, 200, 'per_night', NULL, 'per_night', NULL, 'per_night', NULL, NULL, NULL, 'Single bed', 1, 1, NULL, 1, 'Garden', '2', NULL, NULL, NULL, NULL, 0, '2022-08-23 06:57:00', '2022-08-23 06:57:00'),
(945, 409, NULL, NULL, 'room_default_img.jpg', 'Lorem ipsum dolor sit amet, consectetur adipiscing elit, sed do eiusmod tempor incididunt ut labore et dolore magna aliqua.', 'Lorem ipsum dolor sit amet, consectetur adipiscing elit, sed do eiusmod tempor incididunt ut labore et dolore magna aliqua.', 2, 2, 2, 2000, 10, 14000, 60000, 0, 0, 0, 0, 5, 'per_night_per_guest', 200, 'per_night_per_guest', 100, 'per_night_per_guest', 10, 2, NULL, 'Single bed', 1, 1, 'board games', 1, 'parking', '2', NULL, NULL, NULL, NULL, 0, '2022-08-23 09:48:39', '2022-08-23 09:48:39'),
(946, 409, NULL, NULL, 'room_default_img.jpg', 'Lorem ipsum dolor sit amet, consectetur adipiscing elit, sed do eiusmod tempor incididunt ut labore et dolore magna aliqua.', 'Lorem ipsum dolor sit amet, consectetur adipiscing elit, sed do eiusmod tempor incididunt ut labore et dolore magna aliqua.', 2, 2, 2, 2000, 10, 14000, 60000, 0, 0, 0, 0, 5, 'per_night_per_guest', 200, 'per_night_per_guest', 100, 'per_night_per_guest', 10, 2, NULL, 'Single bed', 1, 1, 'board games', 1, 'parking', '2', NULL, NULL, NULL, NULL, 0, '2022-08-23 09:50:42', '2022-08-23 09:50:42'),
(1034, 520, 6, 'Deluxe Family Room', '1-roomMainImg-1661864067.jpg', 'Hotel the oriel Islamabad features accommodations with a restaurant, free private parking, a garden and a terrace. Boasting a 24-hour front desk.', 'Hotel the oriel Islamabad features accommodations with a restaurant, free private parking, a garden and a terrace. Boasting a 24-hour front desk.', 4, 2, 2, 4950, 0, 4950, 4950, 0, 0, 0, 0, 200, 'per_night', NULL, 'single_fee', NULL, 'single_fee', NULL, NULL, 4, 'Double bed', 1, 1, NULL, 1, 'parking', '0', NULL, NULL, NULL, NULL, 1, '2022-08-30 12:54:27', '2022-09-03 18:27:49'),
(1035, 458, 4, 'Deluxe Twin/Double Room', '251344899-1-roomMainImg-1662227164.jpg', 'Deluxe Room', 'roadnstays.com will make payment after 07-Days of every guest check-out & roadnstays.com will be charged 15% on every guest reservation.', 2, 1, 10, 1975, 16, 1975, 1975, 0, NULL, NULL, NULL, 200, 'per_night', NULL, NULL, NULL, NULL, NULL, NULL, 1, 'Single bed', 1, 1, NULL, 1, 'Garden', '0', NULL, NULL, NULL, NULL, 1, '2022-09-03 17:46:04', '2022-09-03 12:46:04'),
(1036, 458, 1, 'Standard Single Room', '282682511-1-roomMainImg-1662228072.jpg', 'Standard Single Master', 'roadnstays.com will make payment after 07-Days of every guest check-out & roadnstays.com will be charged 15% on every guest reservation.', 2, 1, 10, 1995, 16, 1995, 1995, 0, 0, 0, 0, 200, 'per_night', NULL, 'per_night', NULL, 'per_night', NULL, NULL, NULL, 'Double bed', 1, 1, NULL, 1, 'Garden', '0', NULL, NULL, NULL, NULL, 1, '2022-09-03 17:47:57', '2022-09-03 18:01:12'),
(1037, 458, 7, 'Superior Suite', '251248948-roomMainImg-1662229041.jpg', 'Family Suite Room', 'roadnstays.com will make payment after 07-Days of every guest check-out & roadnstays.com will be charged 15% on every guest reservation.', 4, 2, 4, 3500, 16, 3500, 3500, 0, 0, 0, 0, 200, 'per_night', NULL, 'per_night', NULL, 'per_night', NULL, NULL, NULL, 'Double bed', 1, 1, NULL, 1, 'Garden', '0', NULL, NULL, NULL, NULL, 1, '2022-09-03 18:09:22', '2022-09-03 18:17:21'),
(1038, 520, 1, 'Large Single Room', '2-7-roomMainImg-1662230141.jpg', 'Hotel The Oriel, Triple Room', '\"Terms and conditions:\r\n1) 6 months digitally maintained contract.\r\n2) Host will provide rates for rooms, venrooms will add their 10% share on the top.\r\n3) 7 working days payment settlement period.\"', 3, 2, 2, 4400, 0, 4400, 4400, 0, 0, 0, 0, 200, 'per_night', NULL, 'per_night', NULL, 'per_night', NULL, NULL, NULL, 'Double bed', 1, 1, NULL, 1, 'parking', '0', NULL, NULL, NULL, NULL, 1, '2022-09-03 18:28:01', '2022-09-03 18:35:41'),
(1039, 520, 2, 'Large Double Room', '1-5-roomMainImg-1662285311.jpg', 'Hotel The Oriel, Master Room', '\"Terms and conditions:\r\n1) 6 months digitally maintained contract.\r\n2) Host will provide rates for rooms, venrooms will add their 10% share on the top.\r\n3) 7 working days payment settlement period.\"', 2, 2, 4, 3850, 0, 3850, 3850, 0, 0, 0, 0, 200, 'per_night', NULL, 'single_fee', NULL, 'per_night', NULL, NULL, NULL, 'Double bed', 1, 1, 'Yes', 1, 'Yes', '0', NULL, NULL, NULL, NULL, 1, '2022-09-04 09:29:53', '2022-09-04 09:55:11'),
(1040, 522, 2, 'Deluxe Double Room', 'Delux-Room-2-roomMainImg-1662293958.jpeg', 'Delux Room at Swat Hilton Hotel Bypass Mingora Swat', 'The property of Swat Hilton hotel bypass Mingora swat is in excellent condition. The administration is hardworking and taking care of their guests on priority basis. All the rooms having stock and they keep their rooms neat and clean.', 2, 2, 3, 9200, 0, 9200, 9200, 0, NULL, NULL, NULL, 1, 'per_night', 0, 'single_fee', 0, 'single_fee', NULL, 3, 1, 'Double bed', 1, 1, 'Backup generator, Parking, Hot Water', 1, 'Yes', '0', NULL, NULL, NULL, NULL, 1, '2022-09-04 12:19:18', '2022-09-04 07:19:18'),
(1041, 522, 7, 'Deluxe Suite with Private Bathroom', 'Suit-Room-1-roomMainImg-1662295238.jpeg', 'Suit Room at Swat Hilton Hotel Bypass Mingora Swat', 'The property of Swat Hilton hotel bypass Mingora swat is in excellent condition. The administration is hardworking and taking care of their guests on priority basis. All the rooms having stock and they keep their rooms neat and clean.', 4, 2, 2, 13225, 0, 13225, 13225, 0, 0, 0, 0, 1, 'per_night', 0, 'single_fee', 0, 'per_night', NULL, 3, 1, 'Double bed', 1, 1, 'Backup generator, Parking, Hot Water', 1, 'Yes', '0', NULL, NULL, NULL, NULL, 1, '2022-09-04 12:26:52', '2022-09-04 12:40:38'),
(1042, 522, 2, 'Large Double Room', 'Standard-Room-1-roomMainImg-1662295490.jpeg', 'Standard Room at Swat Hilton Hotel Bypass Mingora Swat', 'The property of Swat Hilton hotel bypass Mingora swat is in excellent condition. The administration is hardworking and taking care of their guests on priority basis. All the rooms having stock and they keep their rooms neat and clean.', 2, 2, 1, 6900, 0, 6900, 6900, 0, 0, 0, 0, 1, 'per_night', 0, 'per_night', 0, 'per_night', NULL, 3, NULL, 'Double bed', 1, 1, 'Backup generator, Parking, Hot Water', 1, 'Yes', '0', NULL, NULL, NULL, NULL, 1, '2022-09-04 12:41:44', '2022-09-04 12:45:33'),
(1043, 522, 2, 'Superior Double Room', 'Presidential-room-roomMainImg-1662295855.jpeg', 'Presidential Room at Swat Hilton Hotel Bypass Mingora Swat', 'The property of Swat Hilton hotel bypass Mingora swat is in excellent condition. The administration is hardworking and taking care of their guests on priority basis. All the rooms having stock and they keep their rooms neat and clean.', 2, 2, 1, 27025, 0, 27025, 27025, 0, 0, 0, 0, 1, 'per_night', 0, 'single_fee', 0, 'single_fee', NULL, 3, NULL, 'Double bed', 1, 1, 'Backup generator, Parking, Hot Water', 1, 'Yes', '0', NULL, NULL, NULL, NULL, 1, '2022-09-04 12:45:42', '2022-09-04 12:50:55'),
(1044, 522, 2, 'Large Double Room', 'VIP-Room-roomMainImg-1662296185.jpeg', 'VIP Room at Swat Hilton Hotel Bypass Mingora Swat', 'The property of Swat Hilton hotel bypass Mingora swat is in excellent condition. The administration is hardworking and taking care of their guests on priority basis. All the rooms having stock and they keep their rooms neat and clean.', 2, 2, 2, 12000, 0, 12000, 12000, 0, 0, 0, 0, 1, 'per_night', 0, 'per_night', 0, 'per_night', NULL, 3, NULL, 'Double bed', 1, 1, 'Backup generator, Parking, Hot Water', 1, 'Yes', '0', NULL, NULL, NULL, NULL, 1, '2022-09-04 12:52:30', '2022-09-04 13:12:53'),
(1045, 522, 2, 'Double Room', 'Standard-Room-roomMainImg-1662297032.jpeg', 'Luxury Rooms in Swat view hotel fizagat swat ( Three Beds Room)', 'The property of Swat Hilton hotel bypass Mingora swat is in excellent condition. The administration is hardworking and taking care of their guests on priority basis. All the rooms having stock and they keep their rooms neat and clean.', 2, 2, 1, 6900, 0, 6900, 6900, 0, 0, 0, 0, 1, 'per_night', 0, 'single_fee', 0, 'single_fee', NULL, 3, NULL, 'Double bed', 1, 1, 'Backup generator, Parking, Hot Water', 1, 'Yes', '0', NULL, NULL, NULL, NULL, 1, '2022-09-04 12:56:46', '2022-09-04 13:10:32'),
(1046, 523, 2, 'Deluxe Double Room', 'WhatsApp-Image-2021-12-19-at-3.58.21-PM-roomMainImg-1662300613.jpeg', 'Season Inn Guest House Deluxe Double', 'Terms & Conditions: 1) 15% will be charged by venrooms on bookings through venrooms. 2) You will get 70% booking payment by guest at the time of check-in/out. 3) Remaining 15% of your amount will be deposited by venrooms to you with in a week after check-out. CEX ID: 10004', 2, 2, 3, 3500, 13, 3500, 3500, 0, NULL, NULL, NULL, 1, 'per_night', 0, 'single_fee', 0, 'single_fee', NULL, 1, 1, 'Double bed', 1, 1, NULL, 1, 'Yes', '0', NULL, NULL, NULL, NULL, 1, '2022-09-04 14:10:13', '2022-09-04 09:10:13'),
(1047, 523, 3, 'Deluxe Twin Room', 'WhatsApp-Image-2021-12-19-at-3.58.13-PM-1-1-roomMainImg-1662357497.jpeg', 'Season Inn Guest House Deluxe Twin', 'Terms & Conditions: 1) 15% will be charged by venrooms on bookings through venrooms. 2) You will get 70% booking payment by guest at the time of check-in/out. 3) Remaining 15% of your amount will be deposited by venrooms to you with in a week after check-out. CEX ID: 10004', 2, 2, 2, 3500, 13, 3500, 3500, 0, 0, 0, 0, 1, 'per_night', 0, 'single_fee', 0, 'single_fee', NULL, 1, NULL, 'Double bed', 1, 1, NULL, 1, 'Yes', '0', NULL, NULL, NULL, NULL, 1, '2022-09-05 05:29:31', '2022-09-05 05:58:17'),
(1048, 523, 6, 'Deluxe Family Room', 'WhatsApp-Image-2021-12-19-at-3.58.20-PM-roomMainImg-1662357958.jpeg', 'Season Inn Guest House Deluxe Family Room', 'Terms & Conditions: 1) 15% will be charged by venrooms on bookings through venrooms. 2) You will get 70% booking payment by guest at the time of check-in/out. 3) Remaining 15% of your amount will be deposited by venrooms to you with in a week after check-out. CEX ID: 10004', 3, 2, 1, 3500, 13, 3500, 3500, 0, 0, 0, 0, 1, 'per_night', 0, 'single_fee', 0, 'single_fee', NULL, 1, 2, 'Double bed', 1, 1, NULL, 1, 'Yes', '0', NULL, NULL, NULL, NULL, 1, '2022-09-05 06:00:00', '2022-09-05 06:05:58');

-- --------------------------------------------------------

--
-- Table structure for table `room_name_list`
--

CREATE TABLE `room_name_list` (
  `id` int(11) NOT NULL,
  `room_type_id` int(11) NOT NULL,
  `room_name` varchar(255) COLLATE utf8_unicode_ci NOT NULL,
  `status` int(11) NOT NULL,
  `created_at` datetime NOT NULL,
  `updated_at` timestamp NOT NULL DEFAULT current_timestamp() ON UPDATE current_timestamp()
) ENGINE=InnoDB DEFAULT CHARSET=utf8 COLLATE=utf8_unicode_ci;

--
-- Dumping data for table `room_name_list`
--

INSERT INTO `room_name_list` (`id`, `room_type_id`, `room_name`, `status`, `created_at`, `updated_at`) VALUES
(1, 1, 'Budget Single Room', 1, '2022-06-13 05:49:09', '2022-06-13 06:10:57'),
(2, 1, 'Deluxe Single Room', 1, '2022-06-13 06:02:28', '2022-06-13 06:10:57'),
(3, 1, 'Deluxe Single room with Balcony', 1, '2022-06-13 06:02:28', '2022-06-13 06:10:57'),
(4, 1, 'Deluxe Single Room with Sea View', 1, '2022-06-13 06:02:28', '2022-06-13 06:10:57'),
(5, 1, 'Economy Single Room', 1, '2022-06-13 06:02:28', '2022-06-13 06:10:57'),
(6, 1, 'Large Single Room', 1, '2022-06-13 06:02:28', '2022-06-13 06:10:57'),
(7, 1, 'Single Room', 1, '2022-06-13 06:02:28', '2022-06-13 06:10:57'),
(8, 1, 'Single Room - Disability Access', 1, '2022-06-13 06:02:28', '2022-06-13 06:10:57'),
(9, 1, 'Single Room with Balcony', 1, '2022-06-13 06:02:28', '2022-06-13 06:10:57'),
(10, 1, 'Single Room with Bath', 1, '2022-06-13 06:02:28', '2022-06-13 06:10:57'),
(11, 1, 'Single Room with Bathroom', 1, '2022-06-13 06:02:28', '2022-06-13 06:10:57'),
(12, 1, 'Single Room with Garden View', 1, '2022-06-13 06:02:28', '2022-06-13 06:10:57'),
(14, 1, 'Single Room with Lake View', 1, '2022-06-13 06:02:28', '2022-06-13 06:10:57'),
(15, 1, 'Single Room with Mountain View', 1, '2022-06-13 06:02:28', '2022-06-13 06:10:57'),
(16, 1, 'Single Room with Park View', 1, '2022-06-13 06:02:28', '2022-06-13 06:10:57'),
(18, 1, 'Single Room with Private Bathroom', 1, '2022-06-13 06:02:28', '2022-06-13 06:10:57'),
(19, 1, 'Single Room with Sea View', 1, '2022-06-13 06:02:28', '2022-06-13 06:10:57'),
(20, 1, 'Single with Park View', 1, '2022-06-13 06:02:28', '2022-06-13 06:10:57'),
(21, 1, 'Single Room with Pool View', 1, '2022-06-13 06:02:28', '2022-06-13 06:10:57'),
(22, 1, 'Single Room with Shared Bathroom', 1, '2022-06-13 06:02:28', '2022-06-13 06:10:57'),
(23, 1, 'Single Room with Shared Shower and Toilet', 1, '2022-06-13 06:02:28', '2022-06-13 06:10:57'),
(24, 1, 'Single Room with Shared Toilet', 1, '2022-06-13 06:02:28', '2022-06-13 06:10:57'),
(25, 1, 'Single Room with Shower', 1, '2022-06-13 06:02:28', '2022-06-13 06:10:57'),
(26, 1, 'Single Room with Terrace', 1, '2022-06-13 06:02:28', '2022-06-13 06:10:57'),
(27, 1, 'Small Single Room', 1, '2022-06-13 06:06:41', '2022-06-13 06:10:57'),
(28, 1, 'Standard Single Room', 1, '2022-06-13 06:06:41', '2022-06-13 06:10:57'),
(29, 1, 'Standard Single Room with Mountain View', 1, '2022-06-13 06:06:41', '2022-06-13 06:10:57'),
(30, 1, 'Standard Single Room with Sauna', 1, '2022-06-13 06:06:41', '2022-06-13 06:10:57'),
(31, 1, 'Standard Single Room with Sea View', 1, '2022-06-13 06:06:41', '2022-06-13 06:10:57'),
(32, 1, 'Standard Single Room with Shared Bathroom', 1, '2022-06-13 06:06:41', '2022-06-13 06:10:57'),
(33, 1, 'Standard Single Room with Shower', 1, '2022-06-13 06:06:41', '2022-06-13 06:10:57'),
(34, 1, 'Superior Single Room', 1, '2022-06-13 06:06:41', '2022-06-13 06:10:57'),
(35, 1, 'Superior Single Room with Lake View', 1, '2022-06-13 06:06:41', '2022-06-13 06:10:57'),
(39, 1, 'Single Room with Lake View', 1, '2022-06-13 06:06:41', '2022-06-13 06:10:57'),
(103, 2, 'Budget Double Room', 1, '2022-06-13 06:26:44', '2022-06-13 06:26:44'),
(104, 2, 'Deluxe Double Room', 1, '2022-06-13 06:26:44', '2022-06-13 06:26:44'),
(105, 2, 'Deluxe Double room with Balcony', 1, '2022-06-13 06:26:44', '2022-06-13 06:26:44'),
(106, 2, 'Deluxe Double Room with Sea View', 1, '2022-06-13 06:26:44', '2022-06-13 06:26:44'),
(107, 2, 'Economy Double Room', 1, '2022-06-13 06:26:44', '2022-06-13 06:26:44'),
(108, 2, 'Large Double Room', 1, '2022-06-13 06:26:44', '2022-06-13 06:26:44'),
(109, 2, 'Double Room', 1, '2022-06-13 06:26:44', '2022-06-13 06:26:44'),
(110, 2, 'Double Room - Disability Access', 1, '2022-06-13 06:26:44', '2022-06-13 06:26:44'),
(111, 2, 'Double Room with Balcony', 1, '2022-06-13 06:26:44', '2022-06-13 06:26:44'),
(112, 2, 'Double Room with Bath', 1, '2022-06-13 06:26:44', '2022-06-13 06:26:44'),
(113, 2, 'Double Room with Bathroom', 1, '2022-06-13 06:26:44', '2022-06-13 06:26:44'),
(114, 2, 'Double Room with Garden View', 1, '2022-06-13 06:26:44', '2022-06-13 06:26:44'),
(115, 2, 'Double Room with Lake View', 1, '2022-06-13 06:26:44', '2022-06-13 06:26:44'),
(116, 2, 'Double Room with Mountain View', 1, '2022-06-13 06:26:44', '2022-06-13 06:26:44'),
(117, 2, 'Double Room with Park View', 1, '2022-06-13 06:26:44', '2022-06-13 06:26:44'),
(118, 2, 'Double Room with Pool View', 1, '2022-06-13 06:26:44', '2022-06-13 06:26:44'),
(119, 2, 'Double Room with Private Bathroom', 1, '2022-06-13 06:26:44', '2022-06-13 06:26:44'),
(120, 2, 'Double Room with Sea View', 1, '2022-06-13 06:26:44', '2022-06-13 06:26:44'),
(121, 2, 'Double with Park View', 1, '2022-06-13 06:26:44', '2022-06-13 06:26:44'),
(122, 2, 'Double Room with Pool View', 1, '2022-06-13 06:26:44', '2022-06-13 06:26:44'),
(123, 2, 'Double Room with Shared Bathroom', 1, '2022-06-13 06:26:44', '2022-06-13 06:26:44'),
(124, 2, 'Double Room with Shared Shower and Toilet', 1, '2022-06-13 06:26:44', '2022-06-13 06:26:44'),
(125, 2, 'Double Room with Shared Toilet', 1, '2022-06-13 06:26:44', '2022-06-13 06:26:44'),
(126, 2, 'Double Room with Shower', 1, '2022-06-13 06:26:44', '2022-06-13 06:26:44'),
(127, 2, 'Double Room with Terrace', 1, '2022-06-13 06:26:44', '2022-06-13 06:26:44'),
(128, 2, 'Small Double Room', 1, '2022-06-13 06:26:44', '2022-06-13 06:26:44'),
(129, 2, 'Standard Double Room', 1, '2022-06-13 06:26:44', '2022-06-13 06:26:44'),
(130, 2, 'Standard Double Room with Mountain View', 1, '2022-06-13 06:26:44', '2022-06-13 06:26:44'),
(131, 2, 'Standard Double Room with Sauna', 1, '2022-06-13 06:26:44', '2022-06-13 06:26:44'),
(132, 2, 'Standard Double Room with Sea View', 1, '2022-06-13 06:26:44', '2022-06-13 06:26:44'),
(133, 2, 'Standard Double Room with Shared Bathroom', 1, '2022-06-13 06:26:44', '2022-06-13 06:26:44'),
(134, 2, 'Standard Double Room with Shower', 1, '2022-06-13 06:26:44', '2022-06-13 06:26:44'),
(135, 2, 'Superior Double Room', 1, '2022-06-13 06:26:44', '2022-06-13 06:26:44'),
(136, 2, 'Superior Double Room with Lake View', 1, '2022-06-13 06:26:44', '2022-06-13 06:26:44'),
(137, 3, 'Budget Twin Room', 1, '2022-06-13 06:38:41', '2022-06-13 06:38:41'),
(138, 3, 'Deluxe Twin Room', 1, '2022-06-13 06:38:41', '2022-06-13 06:38:41'),
(139, 3, 'Deluxe Twin room with Balcony', 1, '2022-06-13 06:38:41', '2022-06-13 06:38:41'),
(140, 3, 'Deluxe Twin Room with Sea View', 1, '2022-06-13 06:38:41', '2022-06-13 06:38:41'),
(141, 3, 'Economy Twin Room', 1, '2022-06-13 06:38:41', '2022-06-13 06:38:41'),
(142, 3, 'Large Twin Room', 1, '2022-06-13 06:38:41', '2022-06-13 06:38:41'),
(143, 3, 'Twin Room', 1, '2022-06-13 06:38:41', '2022-06-13 06:38:41'),
(144, 3, 'Twin Room - Disability Access', 1, '2022-06-13 06:38:41', '2022-06-13 06:38:41'),
(145, 3, 'Twin Room with Balcony', 1, '2022-06-13 06:38:41', '2022-06-13 06:38:41'),
(146, 3, 'Twin Room with Bath', 1, '2022-06-13 06:38:41', '2022-06-13 06:38:41'),
(147, 3, 'Twin Room with Bathroom', 1, '2022-06-13 06:38:41', '2022-06-13 06:38:41'),
(148, 3, 'Twin Room with Garden View', 1, '2022-06-13 06:38:41', '2022-06-13 06:38:41'),
(149, 3, 'Twin Room with Lake View', 1, '2022-06-13 06:38:41', '2022-06-13 06:38:41'),
(150, 3, 'Twin Room with Mountain View', 1, '2022-06-13 06:38:41', '2022-06-13 06:38:41'),
(151, 3, 'Twin Room with Park View', 1, '2022-06-13 06:38:41', '2022-06-13 06:38:41'),
(152, 3, 'Twin Room with Pool View', 1, '2022-06-13 06:38:41', '2022-06-13 06:38:41'),
(153, 3, 'Twin Room with Private Bathroom', 1, '2022-06-13 06:38:41', '2022-06-13 06:38:41'),
(154, 3, 'Twin Room with Sea View', 1, '2022-06-13 06:38:41', '2022-06-13 06:38:41'),
(155, 3, 'Twin with Park View', 1, '2022-06-13 06:38:41', '2022-06-13 06:38:41'),
(156, 3, 'Twin Room with Pool View', 1, '2022-06-13 06:38:41', '2022-06-13 06:38:41'),
(157, 3, 'Twin Room with Shared Bathroom', 1, '2022-06-13 06:38:41', '2022-06-13 06:38:41'),
(158, 3, 'Twin Room with Shared Shower and Toilet', 1, '2022-06-13 06:38:41', '2022-06-13 06:38:41'),
(159, 3, 'Twin Room with Shared Toilet', 1, '2022-06-13 06:38:41', '2022-06-13 06:38:41'),
(160, 3, 'Twin Room with Shower', 1, '2022-06-13 06:38:41', '2022-06-13 06:38:41'),
(161, 3, 'Twin Room with Terrace', 1, '2022-06-13 06:38:41', '2022-06-13 06:38:41'),
(162, 3, 'Small Twin Room', 1, '2022-06-13 06:38:41', '2022-06-13 06:38:41'),
(163, 3, 'Standard Twin Room', 1, '2022-06-13 06:38:41', '2022-06-13 06:38:41'),
(164, 3, 'Standard Twin Room with Mountain View', 1, '2022-06-13 06:38:41', '2022-06-13 06:38:41'),
(165, 3, 'Standard Twin Room with Sauna', 1, '2022-06-13 06:38:41', '2022-06-13 06:38:41'),
(166, 3, 'Standard Twin Room with Sea View', 1, '2022-06-13 06:38:41', '2022-06-13 06:38:41'),
(167, 3, 'Standard Twin Room with Shared Bathroom', 1, '2022-06-13 06:38:41', '2022-06-13 06:38:41'),
(168, 3, 'Standard Twin Room with Shower', 1, '2022-06-13 06:38:41', '2022-06-13 06:38:41'),
(169, 3, 'Superior Twin Room', 1, '2022-06-13 06:38:41', '2022-06-13 06:38:41'),
(170, 3, 'Superior Twin Room with Lake View', 1, '2022-06-13 06:38:41', '2022-06-13 06:38:41'),
(171, 4, 'Budget Twin/Double Room', 1, '2022-06-13 06:43:39', '2022-06-13 06:43:39'),
(172, 4, 'Deluxe Twin/Double Room', 1, '2022-06-13 06:43:39', '2022-06-13 06:43:39'),
(173, 4, 'Deluxe Twin/Double room with Balcony', 1, '2022-06-13 06:43:39', '2022-06-13 06:43:39'),
(174, 4, 'Deluxe Twin/Double Room with Sea View', 1, '2022-06-13 06:43:39', '2022-06-13 06:43:39'),
(175, 4, 'Economy Twin/Double Room', 1, '2022-06-13 06:43:39', '2022-06-13 06:43:39'),
(176, 4, 'Large Twin/Double Room', 1, '2022-06-13 06:43:39', '2022-06-13 06:43:39'),
(177, 4, 'Twin/Double Room', 1, '2022-06-13 06:43:39', '2022-06-13 06:43:39'),
(178, 4, 'Twin/Double Room - Disability Access', 1, '2022-06-13 06:43:39', '2022-06-13 06:43:39'),
(179, 4, 'Twin/Double Room with Balcony', 1, '2022-06-13 06:43:39', '2022-06-13 06:43:39'),
(180, 4, 'Twin/Double Room with Bath', 1, '2022-06-13 06:43:39', '2022-06-13 06:43:39'),
(181, 4, 'Twin/Double Room with Bathroom', 1, '2022-06-13 06:43:39', '2022-06-13 06:43:39'),
(182, 4, 'Twin/Double Room with Garden View', 1, '2022-06-13 06:43:39', '2022-06-13 06:43:39'),
(183, 4, 'Twin/Double Room with Lake View', 1, '2022-06-13 06:43:39', '2022-06-13 06:43:39'),
(184, 4, 'Twin/Double Room with Mountain View', 1, '2022-06-13 06:43:39', '2022-06-13 06:43:39'),
(185, 4, 'Twin/Double Room with Park View', 1, '2022-06-13 06:43:39', '2022-06-13 06:43:39'),
(186, 4, 'Twin/Double Room with Pool View', 1, '2022-06-13 06:43:39', '2022-06-13 06:43:39'),
(187, 4, 'Twin/Double Room with Private Bathroom', 1, '2022-06-13 06:43:39', '2022-06-13 06:43:39'),
(188, 4, 'Twin/Double Room with Sea View', 1, '2022-06-13 06:43:39', '2022-06-13 06:43:39'),
(189, 4, 'Twin/Double with Park View', 1, '2022-06-13 06:43:39', '2022-06-13 06:43:39'),
(190, 4, 'Twin/Double Room with Pool View', 1, '2022-06-13 06:43:39', '2022-06-13 06:43:39'),
(191, 4, 'Twin/Double Room with Shared Bathroom', 1, '2022-06-13 06:43:39', '2022-06-13 06:43:39'),
(192, 4, 'Twin/Double Room with Shared Shower and Toilet', 1, '2022-06-13 06:43:39', '2022-06-13 06:43:39'),
(193, 4, 'Twin/Double Room with Shared Toilet', 1, '2022-06-13 06:43:39', '2022-06-13 06:43:39'),
(194, 4, 'Twin/Double Room with Shower', 1, '2022-06-13 06:43:39', '2022-06-13 06:43:39'),
(195, 4, 'Twin/Double Room with Terrace', 1, '2022-06-13 06:43:39', '2022-06-13 06:43:39'),
(196, 4, 'Small Twin/Double Room', 1, '2022-06-13 06:43:39', '2022-06-13 06:43:39'),
(197, 4, 'Standard Twin/Double Room', 1, '2022-06-13 06:43:39', '2022-06-13 06:43:39'),
(198, 4, 'Standard Twin/Double Room with Mountain View', 1, '2022-06-13 06:43:39', '2022-06-13 06:43:39'),
(199, 4, 'Standard Twin/Double Room with Sauna', 1, '2022-06-13 06:43:39', '2022-06-13 06:43:39'),
(200, 4, 'Standard Twin/Double Room with Sea View', 1, '2022-06-13 06:43:39', '2022-06-13 06:43:39'),
(201, 4, 'Standard Twin/Double Room with Shared Bathroom', 1, '2022-06-13 06:43:39', '2022-06-13 06:43:39'),
(202, 4, 'Standard Twin/Double Room with Shower', 1, '2022-06-13 06:43:39', '2022-06-13 06:43:39'),
(203, 4, 'Superior Twin/Double Room', 1, '2022-06-13 06:43:39', '2022-06-13 06:43:39'),
(204, 4, 'Superior Twin/Double Room with Lake View', 1, '2022-06-13 06:43:39', '2022-06-13 06:43:39'),
(205, 5, 'Budget Quadruple Room', 1, '2022-06-13 06:45:23', '2022-06-13 06:45:23'),
(206, 5, 'Deluxe Quadruple Room', 1, '2022-06-13 06:45:23', '2022-06-13 06:45:23'),
(207, 5, 'Deluxe Quadruple room with Balcony', 1, '2022-06-13 06:45:23', '2022-06-13 06:45:23'),
(208, 5, 'Deluxe Quadruple Room with Sea View', 1, '2022-06-13 06:45:23', '2022-06-13 06:45:23'),
(209, 5, 'Economy Quadruple Room', 1, '2022-06-13 06:45:23', '2022-06-13 06:45:23'),
(210, 5, 'Large Quadruple Room', 1, '2022-06-13 06:45:23', '2022-06-13 06:45:23'),
(211, 5, 'Quadruple Room', 1, '2022-06-13 06:45:23', '2022-06-13 06:45:23'),
(212, 5, 'Quadruple Room - Disability Access', 1, '2022-06-13 06:45:23', '2022-06-13 06:45:23'),
(213, 5, 'Quadruple Room with Balcony', 1, '2022-06-13 06:45:23', '2022-06-13 06:45:23'),
(214, 5, 'Quadruple Room with Bath', 1, '2022-06-13 06:45:23', '2022-06-13 06:45:23'),
(215, 5, 'Quadruple Room with Bathroom', 1, '2022-06-13 06:45:23', '2022-06-13 06:45:23'),
(216, 5, 'Quadruple Room with Garden View', 1, '2022-06-13 06:45:23', '2022-06-13 06:45:23'),
(217, 5, 'Quadruple Room with Lake View', 1, '2022-06-13 06:45:23', '2022-06-13 06:45:23'),
(218, 5, 'Quadruple Room with Mountain View', 1, '2022-06-13 06:45:23', '2022-06-13 06:45:23'),
(219, 5, 'Quadruple Room with Park View', 1, '2022-06-13 06:45:23', '2022-06-13 06:45:23'),
(220, 5, 'Quadruple Room with Pool View', 1, '2022-06-13 06:45:23', '2022-06-13 06:45:23'),
(221, 5, 'Quadruple Room with Private Bathroom', 1, '2022-06-13 06:45:23', '2022-06-13 06:45:23'),
(222, 5, 'Quadruple Room with Sea View', 1, '2022-06-13 06:45:23', '2022-06-13 06:45:23'),
(223, 5, 'Quadruple with Park View', 1, '2022-06-13 06:45:23', '2022-06-13 06:45:23'),
(224, 5, 'Quadruple Room with Pool View', 1, '2022-06-13 06:45:23', '2022-06-13 06:45:23'),
(225, 5, 'Quadruple Room with Shared Bathroom', 1, '2022-06-13 06:45:23', '2022-06-13 06:45:23'),
(226, 5, 'Quadruple Room with Shared Shower and Toilet', 1, '2022-06-13 06:45:23', '2022-06-13 06:45:23'),
(227, 5, 'Quadruple Room with Shared Toilet', 1, '2022-06-13 06:45:23', '2022-06-13 06:45:23'),
(228, 5, 'Quadruple Room with Shower', 1, '2022-06-13 06:45:23', '2022-06-13 06:45:23'),
(229, 5, 'Quadruple Room with Terrace', 1, '2022-06-13 06:45:23', '2022-06-13 06:45:23'),
(230, 5, 'Small Quadruple Room', 1, '2022-06-13 06:45:23', '2022-06-13 06:45:23'),
(231, 5, 'Standard Quadruple Room', 1, '2022-06-13 06:45:23', '2022-06-13 06:45:23'),
(232, 5, 'Standard Quadruple Room with Mountain View', 1, '2022-06-13 06:45:23', '2022-06-13 06:45:23'),
(233, 5, 'Standard Quadruple Room with Sauna', 1, '2022-06-13 06:45:23', '2022-06-13 06:45:23'),
(234, 5, 'Standard Quadruple Room with Sea View', 1, '2022-06-13 06:45:23', '2022-06-13 06:45:23'),
(235, 5, 'Standard Quadruple Room with Shared Bathroom', 1, '2022-06-13 06:45:23', '2022-06-13 06:45:23'),
(236, 5, 'Standard Quadruple Room with Shower', 1, '2022-06-13 06:45:23', '2022-06-13 06:45:23'),
(237, 5, 'Superior Quadruple Room', 1, '2022-06-13 06:45:23', '2022-06-13 06:45:23'),
(238, 5, 'Superior Quadruple Room with Lake View', 1, '2022-06-13 06:45:23', '2022-06-13 06:45:23'),
(239, 6, 'Budget Family Room', 1, '2022-06-13 06:46:47', '2022-06-13 06:46:47'),
(240, 6, 'Deluxe Family Room', 1, '2022-06-13 06:46:47', '2022-06-13 06:46:47'),
(241, 6, 'Deluxe Family room with Balcony', 1, '2022-06-13 06:46:47', '2022-06-13 06:46:47'),
(242, 6, 'Deluxe Family Room with Sea View', 1, '2022-06-13 06:46:47', '2022-06-13 06:46:47'),
(243, 6, 'Economy Family Room', 1, '2022-06-13 06:46:47', '2022-06-13 06:46:47'),
(244, 6, 'Large Family Room', 1, '2022-06-13 06:46:47', '2022-06-13 06:46:47'),
(245, 6, 'Family Room', 1, '2022-06-13 06:46:47', '2022-06-13 06:46:47'),
(246, 6, 'Family Room - Disability Access', 1, '2022-06-13 06:46:47', '2022-06-13 06:46:47'),
(247, 6, 'Family Room with Balcony', 1, '2022-06-13 06:46:47', '2022-06-13 06:46:47'),
(248, 6, 'Family Room with Bath', 1, '2022-06-13 06:46:47', '2022-06-13 06:46:47'),
(249, 6, 'Family Room with Bathroom', 1, '2022-06-13 06:46:47', '2022-06-13 06:46:47'),
(250, 6, 'Family Room with Garden View', 1, '2022-06-13 06:46:47', '2022-06-13 06:46:47'),
(251, 6, 'Family Room with Lake View', 1, '2022-06-13 06:46:47', '2022-06-13 06:46:47'),
(252, 6, 'Family Room with Mountain View', 1, '2022-06-13 06:46:47', '2022-06-13 06:46:47'),
(253, 6, 'Family Room with Park View', 1, '2022-06-13 06:46:47', '2022-06-13 06:46:47'),
(254, 6, 'Family Room with Pool View', 1, '2022-06-13 06:46:47', '2022-06-13 06:46:47'),
(255, 6, 'Family Room with Private Bathroom', 1, '2022-06-13 06:46:47', '2022-06-13 06:46:47'),
(256, 6, 'Family Room with Sea View', 1, '2022-06-13 06:46:47', '2022-06-13 06:46:47'),
(257, 6, 'Family with Park View', 1, '2022-06-13 06:46:47', '2022-06-13 06:46:47'),
(258, 6, 'Family Room with Pool View', 1, '2022-06-13 06:46:47', '2022-06-13 06:46:47'),
(259, 6, 'Family Room with Shared Bathroom', 1, '2022-06-13 06:46:47', '2022-06-13 06:46:47'),
(260, 6, 'Family Room with Shared Shower and Toilet', 1, '2022-06-13 06:46:47', '2022-06-13 06:46:47'),
(261, 6, 'Family Room with Shared Toilet', 1, '2022-06-13 06:46:47', '2022-06-13 06:46:47'),
(262, 6, 'Family Room with Shower', 1, '2022-06-13 06:46:47', '2022-06-13 06:46:47'),
(263, 6, 'Family Room with Terrace', 1, '2022-06-13 06:46:47', '2022-06-13 06:46:47'),
(264, 6, 'Small Family Room', 1, '2022-06-13 06:46:47', '2022-06-13 06:46:47'),
(265, 6, 'Standard Family Room', 1, '2022-06-13 06:46:47', '2022-06-13 06:46:47'),
(266, 6, 'Standard Family Room with Mountain View', 1, '2022-06-13 06:46:47', '2022-06-13 06:46:47'),
(267, 6, 'Standard Family Room with Sauna', 1, '2022-06-13 06:46:47', '2022-06-13 06:46:47'),
(268, 6, 'Standard Family Room with Sea View', 1, '2022-06-13 06:46:47', '2022-06-13 06:46:47'),
(269, 6, 'Standard Family Room with Shared Bathroom', 1, '2022-06-13 06:46:47', '2022-06-13 06:46:47'),
(270, 6, 'Standard Family Room with Shower', 1, '2022-06-13 06:46:47', '2022-06-13 06:46:47'),
(271, 6, 'Superior Family Room', 1, '2022-06-13 06:46:47', '2022-06-13 06:46:47'),
(272, 6, 'Superior Family Room with Lake View', 1, '2022-06-13 06:46:47', '2022-06-13 06:46:47'),
(273, 7, 'Deluxe Double Studio', 1, '2022-06-13 06:55:35', '2022-06-13 06:55:35'),
(274, 7, 'Deluxe Junior Suite', 1, '2022-06-13 06:55:35', '2022-06-13 06:55:35'),
(275, 7, 'Deluxe King Studio', 1, '2022-06-13 06:55:35', '2022-06-13 06:55:35'),
(276, 7, 'Deluxe King Suite', 1, '2022-06-13 06:55:35', '2022-06-13 06:55:35'),
(277, 7, 'Deluxe Queen Studio', 1, '2022-06-13 06:55:35', '2022-06-13 06:55:35'),
(278, 7, 'Deluxe Queen Suite', 1, '2022-06-13 06:55:35', '2022-06-13 06:55:35'),
(279, 7, 'Deluxe Studio', 1, '2022-06-13 06:55:35', '2022-06-13 06:55:35'),
(280, 7, 'Deluxe Suite - Disability Access', 1, '2022-06-13 06:55:35', '2022-06-13 06:55:35'),
(281, 7, 'Deluxe Suite with Balcony', 1, '2022-06-13 06:55:35', '2022-06-13 06:55:35'),
(282, 7, 'Deluxe Suite with Bath', 1, '2022-06-13 06:55:35', '2022-06-13 06:55:35'),
(283, 7, 'Deluxe Suite with Bathroom', 1, '2022-06-13 06:55:35', '2022-06-13 06:55:35'),
(284, 7, 'Deluxe Suite with Garden View', 1, '2022-06-13 06:55:35', '2022-06-13 06:55:35'),
(285, 7, 'Deluxe Suite with Lake View', 1, '2022-06-13 06:55:35', '2022-06-13 06:55:35'),
(286, 7, 'Deluxe Suite with Mountain View', 1, '2022-06-13 06:55:35', '2022-06-13 06:55:35'),
(287, 7, 'Deluxe Suite with Park View', 1, '2022-06-13 06:55:35', '2022-06-13 06:55:35'),
(288, 7, 'Deluxe Suite with Pool View', 1, '2022-06-13 06:55:35', '2022-06-13 06:55:35'),
(289, 7, 'Deluxe Suite with Private Bathroom', 1, '2022-06-13 06:55:35', '2022-06-13 06:55:35'),
(290, 7, 'Deluxe Suite with Sea View', 1, '2022-06-13 06:55:35', '2022-06-13 06:55:35'),
(291, 7, 'Suite with Park View', 1, '2022-06-13 06:55:35', '2022-06-13 06:55:35'),
(292, 7, 'Deluxe Suite with Pool View', 1, '2022-06-13 06:55:35', '2022-06-13 06:55:35'),
(293, 7, 'Deluxe Suite with Shared Bathroom', 1, '2022-06-13 06:55:35', '2022-06-13 06:55:35'),
(294, 7, 'Deluxe Suite with Shared Shower and Toilet', 1, '2022-06-13 06:55:35', '2022-06-13 06:55:35'),
(295, 7, 'Deluxe Suite with Shared Toilett', 1, '2022-06-13 06:55:35', '2022-06-13 06:55:35'),
(296, 7, 'Deluxe Suite with Shower', 1, '2022-06-13 06:55:35', '2022-06-13 06:55:35'),
(297, 7, 'Deluxe Suite with Terrace', 1, '2022-06-13 06:55:35', '2022-06-13 06:55:35'),
(298, 7, 'Small Suite', 1, '2022-06-13 06:55:35', '2022-06-13 06:55:35'),
(299, 7, 'Standard Suite', 1, '2022-06-13 06:55:35', '2022-06-13 06:55:35'),
(300, 7, 'Standard Suite  with Mountain View', 1, '2022-06-13 06:55:35', '2022-06-13 06:55:35'),
(301, 7, 'Standard Suite  with Sauna', 1, '2022-06-13 06:55:35', '2022-06-13 06:55:35'),
(302, 7, 'Standard Suite  with Sea View', 1, '2022-06-13 06:55:35', '2022-06-13 06:55:35'),
(303, 7, 'Standard Suite  with Shared Bath', 1, '2022-06-13 06:55:35', '2022-06-13 06:55:35'),
(304, 7, 'Standard Suite  with Shower', 1, '2022-06-13 06:55:35', '2022-06-13 06:55:35'),
(305, 7, 'Superior Suite', 1, '2022-06-13 06:55:35', '2022-06-13 06:55:35'),
(306, 7, 'Superior Suite  with Lake View', 1, '2022-06-13 06:55:35', '2022-06-13 06:55:35'),
(307, 8, 'Budget Studio Room', 1, '2022-06-13 06:55:51', '2022-06-13 06:55:51'),
(308, 8, 'Deluxe Studio Room', 1, '2022-06-13 06:55:51', '2022-06-13 06:55:51'),
(309, 8, 'Deluxe Studio room with Balcony', 1, '2022-06-13 06:55:51', '2022-06-13 06:55:51'),
(310, 8, 'Deluxe Studio Room with Sea View', 1, '2022-06-13 06:55:51', '2022-06-13 06:55:51'),
(311, 8, 'Economy Studio Room', 1, '2022-06-13 06:55:51', '2022-06-13 06:55:51'),
(312, 8, 'Large Studio Room', 1, '2022-06-13 06:55:51', '2022-06-13 06:55:51'),
(313, 8, 'Studio Room', 1, '2022-06-13 06:55:51', '2022-06-13 06:55:51'),
(314, 8, 'Studio Room - Disability Access', 1, '2022-06-13 06:55:51', '2022-06-13 06:55:51'),
(315, 8, 'Studio Room with Balcony', 1, '2022-06-13 06:55:51', '2022-06-13 06:55:51'),
(316, 8, 'Studio Room with Bath', 1, '2022-06-13 06:55:51', '2022-06-13 06:55:51'),
(317, 8, 'Studio Room with Bathroom', 1, '2022-06-13 06:55:51', '2022-06-13 06:55:51'),
(318, 8, 'Studio Room with Garden View', 1, '2022-06-13 06:55:51', '2022-06-13 06:55:51'),
(319, 8, 'Studio Room with Lake View', 1, '2022-06-13 06:55:51', '2022-06-13 06:55:51'),
(320, 8, 'Studio Room with Mountain View', 1, '2022-06-13 06:55:51', '2022-06-13 06:55:51'),
(321, 8, 'Studio Room with Park View', 1, '2022-06-13 06:55:51', '2022-06-13 06:55:51'),
(322, 8, 'Studio Room with Pool View', 1, '2022-06-13 06:55:51', '2022-06-13 06:55:51'),
(323, 8, 'Studio Room with Private Bathroom', 1, '2022-06-13 06:55:51', '2022-06-13 06:55:51'),
(324, 8, 'Studio Room with Sea View', 1, '2022-06-13 06:55:51', '2022-06-13 06:55:51'),
(325, 8, 'Studio with Park View', 1, '2022-06-13 06:55:51', '2022-06-13 06:55:51'),
(326, 8, 'Studio Room with Pool View', 1, '2022-06-13 06:55:51', '2022-06-13 06:55:51'),
(327, 8, 'Studio Room with Shared Bathroom', 1, '2022-06-13 06:55:51', '2022-06-13 06:55:51'),
(328, 8, 'Studio Room with Shared Shower and Toilet', 1, '2022-06-13 06:55:51', '2022-06-13 06:55:51'),
(329, 8, 'Studio Room with Shared Toilet', 1, '2022-06-13 06:55:51', '2022-06-13 06:55:51'),
(330, 8, 'Studio Room with Shower', 1, '2022-06-13 06:55:51', '2022-06-13 06:55:51'),
(331, 8, 'Studio Room with Terrace', 1, '2022-06-13 06:55:51', '2022-06-13 06:55:51'),
(332, 8, 'Small Studio Room', 1, '2022-06-13 06:55:51', '2022-06-13 06:55:51'),
(333, 8, 'Standard Studio Room', 1, '2022-06-13 06:55:51', '2022-06-13 06:55:51'),
(334, 8, 'Standard Studio Room with Mountain View', 1, '2022-06-13 06:55:51', '2022-06-13 06:55:51'),
(335, 8, 'Standard Studio Room with Sauna', 1, '2022-06-13 06:55:51', '2022-06-13 06:55:51'),
(336, 8, 'Standard Studio Room with Sea View', 1, '2022-06-13 06:55:51', '2022-06-13 06:55:51'),
(337, 8, 'Standard Studio Room with Shared Bathroom', 1, '2022-06-13 06:55:51', '2022-06-13 06:55:51'),
(338, 8, 'Standard Studio Room with Shower', 1, '2022-06-13 06:55:51', '2022-06-13 06:55:51'),
(339, 8, 'Superior Studio Room', 1, '2022-06-13 06:55:51', '2022-06-13 06:55:51'),
(340, 8, 'Superior Studio Room with Lake View', 1, '2022-06-13 06:55:51', '2022-06-13 06:55:51'),
(341, 9, 'Female Dormitory Room', 1, '2022-06-13 06:57:23', '2022-06-13 06:57:23'),
(342, 9, 'Male Dormitory Room', 1, '2022-06-13 06:57:23', '2022-06-13 06:57:23'),
(343, 9, 'Mixed Dormitory Room', 1, '2022-06-13 06:57:23', '2022-06-13 06:57:23');

-- --------------------------------------------------------

--
-- Table structure for table `room_others_features`
--

CREATE TABLE `room_others_features` (
  `id` int(11) NOT NULL,
  `name` varchar(255) COLLATE utf8_unicode_ci NOT NULL,
  `status` int(11) NOT NULL,
  `created_at` datetime NOT NULL,
  `updated_at` timestamp NOT NULL DEFAULT current_timestamp() ON UPDATE current_timestamp()
) ENGINE=InnoDB DEFAULT CHARSET=utf8 COLLATE=utf8_unicode_ci;

--
-- Dumping data for table `room_others_features`
--

INSERT INTO `room_others_features` (`id`, `name`, `status`, `created_at`, `updated_at`) VALUES
(1, 'Air Conditioner', 1, '2022-06-09 05:14:04', '2022-06-09 05:14:04'),
(2, 'Bar / Restaurant', 1, '2022-06-09 05:14:13', '2022-06-23 09:54:13'),
(3, 'Breakfast Included', 1, '2022-06-09 05:14:26', '2022-06-09 05:14:26'),
(4, 'Doorman', 1, '2022-06-09 05:14:34', '2022-06-09 05:14:34'),
(5, 'Dryer', 1, '2022-06-09 05:14:45', '2022-06-09 05:14:45'),
(6, 'Elevator in Building', 1, '2022-06-09 05:14:51', '2022-06-09 05:14:51'),
(7, 'Essentials', 1, '2022-06-09 05:15:01', '2022-06-09 05:15:01'),
(8, 'Family/Kid Friendly', 1, '2022-06-09 05:15:24', '2022-06-09 05:16:02'),
(9, 'Fax', 1, '2022-06-09 05:16:19', '2022-06-09 05:16:19'),
(10, 'Free Parking on Premises', 1, '2022-06-09 05:16:30', '2022-06-09 05:16:30'),
(11, 'Gym', 1, '2022-06-09 05:16:43', '2022-06-09 05:16:43'),
(12, 'Hand Sanitizer', 1, '2022-06-09 05:16:55', '2022-06-09 05:16:55'),
(13, 'Heating', 1, '2022-06-09 05:17:04', '2022-06-09 05:17:04'),
(14, 'Hot Tub', 1, '2022-06-09 05:17:11', '2022-06-09 05:17:11'),
(15, 'Indoor Fireplace', 1, '2022-06-09 05:17:21', '2022-06-09 05:17:21'),
(16, 'Kitchen', 1, '2022-06-09 05:17:30', '2022-06-09 05:17:30'),
(17, 'Masks', 1, '2022-06-09 05:17:39', '2022-06-09 05:17:39'),
(18, 'Mineral Water', 1, '2022-06-09 05:17:45', '2022-06-09 05:17:45'),
(19, 'Non Smoking', 1, '2022-06-09 05:17:54', '2022-06-09 05:17:54'),
(20, 'Pets Allowed', 1, '2022-06-09 05:18:02', '2022-06-09 05:18:02'),
(21, 'Pool', 1, '2022-06-09 05:18:14', '2022-06-09 05:18:14'),
(22, 'Projector(s)', 1, '2022-06-09 05:18:21', '2022-06-09 05:18:21'),
(23, 'Sanitized facility', 1, '2022-06-09 05:18:35', '2022-06-09 05:18:35'),
(24, 'Scanner/Printer', 1, '2022-06-09 05:18:44', '2022-06-23 09:49:09'),
(25, 'Smoking Allowed', 1, '2022-06-09 05:18:55', '2022-06-09 05:18:55'),
(26, 'Suitable for Events', 1, '2022-06-09 05:19:02', '2022-06-09 05:19:02'),
(27, 'TV', 1, '2022-06-09 05:19:13', '2022-06-09 05:19:13'),
(28, 'Wheelchair Accessible', 1, '2022-06-09 05:19:21', '2022-06-09 05:19:21'),
(29, 'Wireless Internet', 1, '2022-06-09 05:19:32', '2022-06-09 05:19:32');

-- --------------------------------------------------------

--
-- Table structure for table `room_services`
--

CREATE TABLE `room_services` (
  `id` int(11) NOT NULL,
  `room_id` int(11) NOT NULL,
  `room_service_id` int(11) NOT NULL,
  `status` int(11) NOT NULL,
  `created_at` datetime NOT NULL,
  `updated_at` timestamp NOT NULL DEFAULT current_timestamp() ON UPDATE current_timestamp()
) ENGINE=InnoDB DEFAULT CHARSET=utf8 COLLATE=utf8_unicode_ci;

--
-- Dumping data for table `room_services`
--

INSERT INTO `room_services` (`id`, `room_id`, `room_service_id`, `status`, `created_at`, `updated_at`) VALUES
(333, 191, 2, 1, '2022-07-01 11:01:22', '2022-07-01 11:01:22'),
(334, 191, 7, 1, '2022-07-01 11:01:22', '2022-07-01 11:01:22'),
(1491, 933, 2, 1, '2022-08-23 06:57:00', '2022-08-23 06:57:00'),
(1492, 933, 7, 1, '2022-08-23 06:57:00', '2022-08-23 06:57:00'),
(1493, 927, 2, 1, '2022-08-23 07:01:54', '2022-08-23 07:01:54'),
(1494, 927, 7, 1, '2022-08-23 07:01:54', '2022-08-23 07:01:54'),
(1547, 945, 3, 1, '2022-08-23 09:48:39', '2022-08-23 09:48:39'),
(1548, 945, 11, 1, '2022-08-23 09:48:39', '2022-08-23 09:48:39'),
(1551, 946, 3, 1, '2022-08-23 09:50:42', '2022-08-23 09:50:42'),
(1552, 946, 11, 1, '2022-08-23 09:50:42', '2022-08-23 09:50:42'),
(1641, 878, 1, 1, '2022-08-24 12:12:58', '2022-08-24 12:12:58'),
(1642, 878, 6, 1, '2022-08-24 12:12:58', '2022-08-24 12:12:58'),
(1645, 778, 3, 1, '2022-08-24 12:20:25', '2022-08-24 12:20:25'),
(1646, 778, 11, 1, '2022-08-24 12:20:25', '2022-08-24 12:20:25'),
(1653, 874, 2, 1, '2022-08-24 12:29:41', '2022-08-24 12:29:41'),
(1654, 874, 7, 1, '2022-08-24 12:29:41', '2022-08-24 12:29:41'),
(1947, 1034, 7, 1, '2022-09-03 18:27:49', '2022-09-03 13:27:49'),
(1949, 1038, 7, 1, '2022-09-03 18:35:41', '2022-09-03 13:35:41'),
(1951, 1039, 7, 1, '2022-09-04 09:55:11', '2022-09-04 04:55:11');

-- --------------------------------------------------------

--
-- Table structure for table `room_type_categories`
--

CREATE TABLE `room_type_categories` (
  `id` int(11) NOT NULL,
  `title` varchar(255) COLLATE utf8_unicode_ci NOT NULL,
  `details` varchar(255) COLLATE utf8_unicode_ci DEFAULT NULL,
  `status` int(11) NOT NULL DEFAULT 1,
  `created_at` datetime NOT NULL,
  `updated_at` timestamp NOT NULL DEFAULT current_timestamp() ON UPDATE current_timestamp()
) ENGINE=InnoDB DEFAULT CHARSET=utf8 COLLATE=utf8_unicode_ci;

--
-- Dumping data for table `room_type_categories`
--

INSERT INTO `room_type_categories` (`id`, `title`, `details`, `status`, `created_at`, `updated_at`) VALUES
(1, 'Single', 'Single', 1, '2022-06-07 08:39:16', '2022-08-27 13:07:09'),
(2, 'Double', 'Double', 1, '2022-06-07 08:39:42', '2022-06-21 10:55:22'),
(3, 'Twin', 'Twin', 1, '2022-06-07 08:40:04', '2022-06-07 08:40:04'),
(4, 'Twin/Double', 'Twin/Double', 1, '2022-06-07 08:40:48', '2022-06-07 08:40:48'),
(5, 'Quadruple', 'Quadruple', 1, '2022-06-07 08:42:07', '2022-06-07 08:42:07'),
(6, 'Family', 'Family', 1, '2022-06-07 08:42:19', '2022-06-07 08:42:19'),
(7, 'Suite', 'Suite', 1, '2022-06-07 08:42:35', '2022-06-07 08:42:35'),
(8, 'Studio', 'Studio', 1, '2022-06-07 08:42:48', '2022-06-07 08:42:48'),
(9, 'Dormitory', 'Dormitory', 1, '2022-06-07 08:43:18', '2022-06-07 08:43:18'),
(11, 'Triple', 'triple rooms', 1, '0000-00-00 00:00:00', '2022-09-03 18:29:11'),
(12, 'Master', 'Master room', 1, '0000-00-00 00:00:00', '2022-09-04 09:32:56');

-- --------------------------------------------------------

--
-- Table structure for table `room_video`
--

CREATE TABLE `room_video` (
  `id` int(11) NOT NULL,
  `video` varchar(255) COLLATE utf8_unicode_ci NOT NULL,
  `status` int(11) NOT NULL,
  `created_at` datetime NOT NULL,
  `updated_at` timestamp NOT NULL DEFAULT current_timestamp() ON UPDATE current_timestamp()
) ENGINE=InnoDB DEFAULT CHARSET=utf8 COLLATE=utf8_unicode_ci;

-- --------------------------------------------------------

--
-- Table structure for table `scout_details`
--

CREATE TABLE `scout_details` (
  `id` int(11) NOT NULL,
  `scout_id` int(11) DEFAULT NULL,
  `status` enum('Active','Suspended') DEFAULT NULL,
  `designation` varchar(255) DEFAULT NULL,
  `other` varchar(255) DEFAULT NULL,
  `contract_date` date DEFAULT NULL,
  `nic` varchar(255) DEFAULT NULL,
  `nic_upload` varchar(255) DEFAULT NULL,
  `contract_upload` varchar(255) DEFAULT NULL,
  `basic_salary` double DEFAULT NULL,
  `transport_allowance` double DEFAULT NULL,
  `other_allowance` double DEFAULT NULL,
  `other_allowance_1` double DEFAULT NULL,
  `other_allowance_2` double DEFAULT NULL,
  `gross_salary` int(11) DEFAULT NULL,
  `other_benefits` varchar(255) DEFAULT NULL,
  `hotel_commission` int(11) DEFAULT NULL,
  `tour_commision` int(11) DEFAULT NULL,
  `space_commission` int(11) DEFAULT NULL,
  `event_commission` int(11) DEFAULT NULL,
  `created_at` datetime NOT NULL,
  `updated_at` timestamp NOT NULL DEFAULT current_timestamp() ON UPDATE current_timestamp()
) ENGINE=InnoDB DEFAULT CHARSET=latin1;

--
-- Dumping data for table `scout_details`
--

INSERT INTO `scout_details` (`id`, `scout_id`, `status`, `designation`, `other`, `contract_date`, `nic`, `nic_upload`, `contract_upload`, `basic_salary`, `transport_allowance`, `other_allowance`, `other_allowance_1`, `other_allowance_2`, `gross_salary`, `other_benefits`, `hotel_commission`, `tour_commision`, `space_commission`, `event_commission`, `created_at`, `updated_at`) VALUES
(1, 1120, 'Active', 'Other', 'Other', '2022-09-08', '878754545', NULL, NULL, 15000, 1000, 3000, 500, 5000, 20000, 'test', 25, 15, 20, 30, '2022-09-06 11:45:13', '2022-09-06 12:28:11');

-- --------------------------------------------------------

--
-- Table structure for table `services_type`
--

CREATE TABLE `services_type` (
  `id` int(11) NOT NULL,
  `name` varchar(255) COLLATE utf8_unicode_ci NOT NULL,
  `service_name_type` varchar(255) COLLATE utf8_unicode_ci DEFAULT NULL,
  `status` tinyint(2) NOT NULL DEFAULT 1
) ENGINE=InnoDB DEFAULT CHARSET=utf8 COLLATE=utf8_unicode_ci;

--
-- Dumping data for table `services_type`
--

INSERT INTO `services_type` (`id`, `name`, `service_name_type`, `status`) VALUES
(1, 'Entertainment and family services', 'Entertainment_and_family_services', 1),
(2, 'Services & Extras', 'Services_&_Extras', 1);

-- --------------------------------------------------------

--
-- Table structure for table `space`
--

CREATE TABLE `space` (
  `space_id` int(11) NOT NULL,
  `category_id` int(11) NOT NULL,
  `sub_category_id` int(11) DEFAULT NULL,
  `space_user_id` int(11) DEFAULT NULL COMMENT '1="Admin", "id"="Vendor"',
  `is_admin` int(11) DEFAULT 1,
  `space_name` varchar(255) CHARACTER SET utf8 DEFAULT NULL,
  `image` varchar(255) CHARACTER SET utf8 DEFAULT 'room_default_img.jpg',
  `description` text CHARACTER SET utf8 DEFAULT NULL,
  `notes` text CHARACTER SET utf8 DEFAULT NULL,
  `space_document` varchar(255) CHARACTER SET utf8 DEFAULT NULL,
  `scout_id` int(11) NOT NULL,
  `payment_mode` tinyint(2) DEFAULT 1 COMMENT '1="Online",2="Parital",0="Offline"',
  `booking_option` tinyint(2) DEFAULT 1 COMMENT '1="Instant",2="Approval"',
  `reserv_date_change_allow` tinyint(2) DEFAULT 0 COMMENT '1="Allow",0=Not Allow',
  `guest_number` int(11) NOT NULL,
  `price_per_night` double NOT NULL,
  `tax_percentage` int(11) DEFAULT NULL,
  `price_per_night_7d` double NOT NULL,
  `price_per_night_30d` int(11) NOT NULL,
  `is_guest_allow` tinyint(2) DEFAULT 0,
  `extra_guest_per_night` double DEFAULT 0,
  `is_above_guest_cap` tinyint(2) DEFAULT 0,
  `is_pay_by_num_guest` tinyint(2) DEFAULT 0,
  `room_size` int(11) DEFAULT NULL,
  `room_number` int(11) DEFAULT NULL,
  `bedroom_number` int(11) DEFAULT NULL,
  `bathroom_number` int(11) DEFAULT NULL,
  `checkin_hr` varchar(255) CHARACTER SET utf8 DEFAULT NULL,
  `checkout_hr` varchar(255) CHARACTER SET utf8 DEFAULT NULL,
  `late_checkin` varchar(255) CHARACTER SET utf8 DEFAULT NULL,
  `cleaning_fee` double NOT NULL DEFAULT 0,
  `cleaning_fee_type` enum('single_fee','per_night','per_guest','per_night_per_guest') CHARACTER SET utf8 DEFAULT NULL,
  `city_fee` double NOT NULL DEFAULT 0,
  `city_fee_type` enum('single_fee','per_night','per_guest','per_night_per_guest') CHARACTER SET utf8 DEFAULT NULL,
  `security_deposite` int(11) DEFAULT NULL,
  `earlybird_discount` int(11) DEFAULT NULL,
  `min_days_in_advance` int(11) DEFAULT NULL,
  `bed_type` varchar(255) CHARACTER SET utf8 NOT NULL,
  `private_bathroom` int(11) NOT NULL COMMENT '1=yes,0=no',
  `private_entrance` int(11) NOT NULL COMMENT '1=yes,0=no',
  `optional_services` text CHARACTER SET utf8 DEFAULT NULL,
  `family_friendly` int(11) NOT NULL COMMENT '1=yes,0=no',
  `outdoor_facilities` text CHARACTER SET utf8 DEFAULT NULL,
  `extra_people` text CHARACTER SET utf8 DEFAULT NULL,
  `cancellation` varchar(255) CHARACTER SET utf8 DEFAULT NULL,
  `space_address` varchar(255) CHARACTER SET utf8 DEFAULT NULL,
  `space_country` int(11) NOT NULL,
  `city` varchar(255) CHARACTER SET utf8 DEFAULT NULL,
  `neighbor_area` varchar(255) CHARACTER SET utf8 DEFAULT NULL,
  `zip_code` varchar(255) CHARACTER SET utf8 DEFAULT NULL,
  `province` varchar(255) CHARACTER SET utf8 DEFAULT NULL,
  `space_latitude` varchar(255) CHARACTER SET utf8 DEFAULT NULL,
  `space_longitude` varchar(255) CHARACTER SET utf8 DEFAULT NULL,
  `status` tinyint(4) NOT NULL DEFAULT 1,
  `copy_status` tinyint(4) NOT NULL DEFAULT 1,
  `created_at` datetime NOT NULL,
  `updated_at` timestamp NOT NULL DEFAULT current_timestamp() ON UPDATE current_timestamp()
) ENGINE=InnoDB DEFAULT CHARSET=utf8 COLLATE=utf8_unicode_ci;

--
-- Dumping data for table `space`
--

INSERT INTO `space` (`space_id`, `category_id`, `sub_category_id`, `space_user_id`, `is_admin`, `space_name`, `image`, `description`, `notes`, `space_document`, `scout_id`, `payment_mode`, `booking_option`, `reserv_date_change_allow`, `guest_number`, `price_per_night`, `tax_percentage`, `price_per_night_7d`, `price_per_night_30d`, `is_guest_allow`, `extra_guest_per_night`, `is_above_guest_cap`, `is_pay_by_num_guest`, `room_size`, `room_number`, `bedroom_number`, `bathroom_number`, `checkin_hr`, `checkout_hr`, `late_checkin`, `cleaning_fee`, `cleaning_fee_type`, `city_fee`, `city_fee_type`, `security_deposite`, `earlybird_discount`, `min_days_in_advance`, `bed_type`, `private_bathroom`, `private_entrance`, `optional_services`, `family_friendly`, `outdoor_facilities`, `extra_people`, `cancellation`, `space_address`, `space_country`, `city`, `neighbor_area`, `zip_code`, `province`, `space_latitude`, `space_longitude`, `status`, `copy_status`, `created_at`, `updated_at`) VALUES
(473, 23, 13, 934, 0, 'Apartment1', 'pexels-pixabay-164595-spaceMainImg-1660131932.jpg', 'Lorem ipsum dolor sit amet, consectetur adipiscing elit, sed do eiusmod tempor incididunt ut labore et dolore magna aliqua. Lorem ipsum dolor sit amet, consectetur adipiscing elit, sed do eiusmod tempor incididunt ut labore et dolore magna aliqua.', 'Lorem ipsum dolor sit amet, consectetur adipiscing elit, sed do eiusmod tempor incididunt ut labore et dolore magna aliqua.', 'allscreen-1660131932.pdf', 477, 2, 2, 1, 12, 2000, 1500, 14000, 60000, 0, NULL, NULL, NULL, 5, 5, 3, 5, '7am', '6pm', '10am', 200, 'single_fee', 100, 'single_fee', 2500, 1500, 2, 'Double bed', 1, 1, 'board games', 1, 'parking', '2', '1000', 'Minar-e-Pakistan, Circular Road, Walled City of Lahore, Lahore, Pakistan', 166, 'Lahore', 'Walled City of Lahore', '54000', 'Punjab', '31.5925148', '74.309485', 1, 1, '2022-08-10 11:45:32', '2022-08-10 11:45:32');

-- --------------------------------------------------------

--
-- Table structure for table `space_amenities`
--

CREATE TABLE `space_amenities` (
  `id` int(11) NOT NULL,
  `space_id` int(11) NOT NULL,
  `amenity_id` int(11) NOT NULL,
  `status` int(11) NOT NULL,
  `created_at` datetime NOT NULL,
  `updated_at` timestamp NOT NULL DEFAULT current_timestamp() ON UPDATE current_timestamp()
) ENGINE=InnoDB DEFAULT CHARSET=utf8 COLLATE=utf8_unicode_ci;

-- --------------------------------------------------------

--
-- Table structure for table `space_bedroom_type`
--

CREATE TABLE `space_bedroom_type` (
  `bedroom_type_id` int(11) NOT NULL,
  `bedroom_name` varchar(255) COLLATE utf8_unicode_ci NOT NULL,
  `details` varchar(255) COLLATE utf8_unicode_ci DEFAULT NULL,
  `status` int(11) NOT NULL,
  `created_at` datetime NOT NULL,
  `updated_at` timestamp NOT NULL DEFAULT current_timestamp() ON UPDATE current_timestamp()
) ENGINE=InnoDB DEFAULT CHARSET=utf8 COLLATE=utf8_unicode_ci;

--
-- Dumping data for table `space_bedroom_type`
--

INSERT INTO `space_bedroom_type` (`bedroom_type_id`, `bedroom_name`, `details`, `status`, `created_at`, `updated_at`) VALUES
(1, 'Single', 'Single', 1, '2022-06-07 08:39:16', '2022-07-07 05:39:07'),
(2, 'Double', 'Double', 1, '2022-06-07 08:39:42', '2022-06-21 10:55:22'),
(3, 'Twin', 'Twin', 1, '2022-06-07 08:40:04', '2022-06-07 08:40:04'),
(4, 'Twin/Double', 'Twin/Double', 1, '2022-06-07 08:40:48', '2022-06-07 08:40:48'),
(5, 'Quadruple', 'Quadruple', 1, '2022-06-07 08:42:07', '2022-06-07 08:42:07'),
(6, 'Family', 'Family', 1, '2022-06-07 08:42:19', '2022-06-07 08:42:19'),
(7, 'Suite', 'Suite', 1, '2022-06-07 08:42:35', '2022-06-07 08:42:35'),
(8, 'Studio', 'Studio', 1, '2022-06-07 08:42:48', '2022-06-07 08:42:48'),
(9, 'Dormitory', 'Dormitory', 1, '2022-06-07 08:43:18', '2022-06-07 08:43:18');

-- --------------------------------------------------------

--
-- Table structure for table `space_booking`
--

CREATE TABLE `space_booking` (
  `id` int(11) NOT NULL,
  `space_booking_id` varchar(255) CHARACTER SET utf8 DEFAULT NULL,
  `space_id` int(11) NOT NULL,
  `user_id` int(11) DEFAULT NULL,
  `check_in_date` date DEFAULT NULL,
  `check_out_date` date DEFAULT NULL,
  `total_days` int(11) DEFAULT NULL,
  `total_room` int(11) DEFAULT NULL,
  `total_member` int(11) DEFAULT NULL,
  `total_amount` double(10,2) DEFAULT NULL,
  `payment_id` varchar(255) COLLATE utf8_unicode_ci DEFAULT NULL,
  `payment_token` varchar(255) COLLATE utf8_unicode_ci DEFAULT NULL,
  `payer_id` varchar(255) COLLATE utf8_unicode_ci DEFAULT NULL,
  `cancel_reason` varchar(255) COLLATE utf8_unicode_ci DEFAULT NULL,
  `cancel_details` text COLLATE utf8_unicode_ci DEFAULT NULL,
  `payment_type` varchar(255) COLLATE utf8_unicode_ci NOT NULL,
  `payment_status` varchar(255) COLLATE utf8_unicode_ci NOT NULL,
  `booking_status` enum('pending','processing','canceled','confirmed') COLLATE utf8_unicode_ci NOT NULL,
  `created_at` datetime NOT NULL,
  `updated_at` timestamp NOT NULL DEFAULT current_timestamp() ON UPDATE current_timestamp()
) ENGINE=InnoDB DEFAULT CHARSET=utf8 COLLATE=utf8_unicode_ci;

--
-- Dumping data for table `space_booking`
--

INSERT INTO `space_booking` (`id`, `space_booking_id`, `space_id`, `user_id`, `check_in_date`, `check_out_date`, `total_days`, `total_room`, `total_member`, `total_amount`, `payment_id`, `payment_token`, `payer_id`, `cancel_reason`, `cancel_details`, `payment_type`, `payment_status`, `booking_status`, `created_at`, `updated_at`) VALUES
(60, 'RnS-B-INRBH', 412, 678, '2022-07-28', '2022-07-31', 3, 12, 20, 7603.00, 'PAYID-MLUQ26Y9LS82120704165006', 'EC-6G744809K9557401G', 'ER72HMHPHXM3S', NULL, NULL, 'paypal', 'successful', 'pending', '2022-08-02 11:42:08', '2022-08-02 11:42:08'),
(61, 'RnS-B-VPHNP', 406, 678, '2022-07-28', '2022-07-31', 3, 12, 20, 7603.00, 'PAYID-MLURZFA8CV03910N6901583H', 'EC-8FB81463JS029093N', 'ER72HMHPHXM3S', NULL, NULL, 'paypal', 'successful', 'pending', '2022-08-02 12:46:39', '2022-08-02 12:46:39'),
(62, 'RnS-B-HAET8', 270, 678, '2022-07-28', '2022-07-31', 3, 12, 23, 1502.00, 'PAYID-MLVFBLQ57P7557475055080F', 'EC-9B460464W4881250G', 'ER72HMHPHXM3S', NULL, NULL, 'paypal', 'successful', 'pending', '2022-08-03 10:41:09', '2022-08-03 10:41:09'),
(63, 'RnS-B-PSYOT', 418, 678, '2022-07-28', '2022-07-31', 3, 4, 2147483647, 3201.00, 'PAYID-MLVVYOA0BP90488XF891645B', 'EC-0YN41872ME941293M', 'ER72HMHPHXM3S', NULL, NULL, 'paypal', 'successful', 'pending', '2022-08-04 05:42:41', '2022-08-04 05:42:41'),
(64, 'RnS-B-SE3GC', 422, 678, '2022-08-05', '2022-08-06', 3, 1, 2147483647, 1701.00, 'PAYID-MLVWMZA3KG28172A13547801', 'EC-8TP106963T328463W', 'ER72HMHPHXM3S', NULL, NULL, 'paypal', 'successful', 'pending', '2022-08-04 06:26:02', '2022-08-05 07:04:36'),
(65, 'RnS-B-OZ2KM', 425, 837, '2022-08-05', '2022-08-06', 3, 4, 2147483647, 2501.00, 'PAYID-MLVYRUY86E14684SG199883G', 'EC-3X307115C6465321S', 'ER72HMHPHXM3S', NULL, NULL, 'paypal', 'successful', 'pending', '2022-08-04 08:52:57', '2022-08-05 07:04:58'),
(66, 'RnS-B-EWQIK', 427, 837, '2022-07-05', '2022-07-06', 3, 1, 2147483647, 1701.00, 'PAYID-MLVY7WY8SM88960JJ450113E', 'EC-0CK19939U1243224M', 'ER72HMHPHXM3S', NULL, NULL, 'paypal', 'successful', 'pending', '2022-08-04 09:22:57', '2022-08-05 07:05:13'),
(67, 'RnS-B-3CS8X', 323, 678, '2022-07-28', '2022-07-31', 3, 5, 1234, 1851.00, 'PAYID-MLWOQHA93T38619S8445584P', 'EC-2J214407A45196847', 'ER72HMHPHXM3S', NULL, NULL, 'paypal', 'successful', 'pending', '2022-08-05 09:51:48', '2022-08-05 09:51:48'),
(68, 'RnS-B-EA4IV', 270, 678, '2022-07-28', '2022-07-31', 3, 12, 23, 1502.00, 'PAYID-MLWPBNQ04R852967L706963K', 'EC-6M489223JF162654M', 'ER72HMHPHXM3S', NULL, NULL, 'paypal', 'successful', 'pending', '2022-08-05 10:29:08', '2022-08-05 10:29:08'),
(69, 'RnS-B-GTDG7', 272, 754, '2022-07-28', '2022-07-31', 3, 20, 20, 321000.00, 'PAYID-MLWPCBA8TF42185N56687615', 'EC-4U04867752889011H', 'K8U5YWR2AB2N8', NULL, NULL, 'paypal', 'successful', 'pending', '2022-08-05 10:29:57', '2022-08-05 10:29:57'),
(70, 'RnS-B-NZ3ZQ', 270, 678, '2022-07-28', '2022-07-31', 3, 12, 23, 1502.00, 'PAYID-MLWQFIQ9GP86090P49597616', 'EC-8D306086D67178821', 'ER72HMHPHXM3S', NULL, NULL, 'paypal', 'successful', 'pending', '2022-08-05 11:44:56', '2022-08-05 11:44:56'),
(71, 'RnS-B-LY98E', 270, 678, '2022-07-28', '2022-07-31', 3, 12, 23, 1502.00, 'PAYID-MLXA2RY4FT74055M76835920', 'EC-0B5329481X703152D', 'ER72HMHPHXM3S', NULL, NULL, 'paypal', 'successful', 'pending', '2022-08-06 06:43:11', '2022-08-06 06:43:11'),
(72, 'RnS-B-260EE', 273, 837, '2022-07-28', '2022-07-31', 3, 20, 20, 321000.00, 'PAYID-MLXA7TQ30K911946R053532D', 'EC-4AT09045SL0631439', 'ER72HMHPHXM3S', NULL, NULL, 'paypal', 'successful', 'pending', '2022-08-06 06:53:25', '2022-08-06 06:53:25'),
(73, 'RnS-B-X2DQA', 273, 837, '2022-08-09', '2022-08-10', 1, 20, 20, 121000.00, 'PAYID-MLZALNI6UD15469NA9697004', 'EC-9S2950018C8694835', 'ER72HMHPHXM3S', NULL, NULL, 'paypal', 'successful', 'pending', '2022-08-09 06:59:32', '2022-08-09 06:59:32'),
(74, 'RnS-B-A1M27', 451, 678, '2022-08-09', '2022-08-10', 1, 4, 2147483647, 2001.00, 'PAYID-MLZAU3Q6CN50923Y67449909', 'EC-8RM64635UG7645030', 'ER72HMHPHXM3S', NULL, NULL, 'paypal', 'successful', 'pending', '2022-08-09 07:19:53', '2022-08-09 07:19:53'),
(75, 'RnS-B-QLEGA', 362, 837, '2022-08-09', '2022-08-10', 1, 5, 1, 457.00, 'PAYID-MLZBYEY44W68432M2557092V', 'EC-2VB49674VE938480D', 'ER72HMHPHXM3S', NULL, NULL, 'paypal', 'successful', 'pending', '2022-08-09 08:34:49', '2022-08-09 08:34:49'),
(76, 'RnS-B-Z5VWC', 434, 678, '2022-09-05', '2022-09-06', 1, 10, 10, 300420.00, 'PAYID-MLZC3FA5DR99693MS101380J', 'EC-7GS08009MC0885211', 'ER72HMHPHXM3S', NULL, NULL, 'paypal', 'successful', 'pending', '2022-08-09 09:49:41', '2022-08-09 09:49:41'),
(77, 'RnS-B-GSX3M', 455, 837, '2022-08-09', '2022-08-10', 1, 4, 2147483647, 321.00, 'PAYID-MLZDXYQ7G125810LU480520A', 'EC-8LR83628YW9552639', 'ER72HMHPHXM3S', NULL, NULL, 'paypal', 'successful', 'pending', '2022-08-09 10:50:31', '2022-08-09 10:50:31'),
(78, 'RnS-B-SOUI1', 465, 678, '2022-08-10', '2022-08-11', 1, 5, 2147483647, 1021.00, 'PAYID-MLZUMDI325349420X2022051', 'EC-2VC07059FV631781E', 'ER72HMHPHXM3S', NULL, NULL, 'paypal', 'successful', 'pending', '2022-08-10 05:46:18', '2022-08-10 05:46:18'),
(79, 'RnS-B-BM042', 434, 837, '2022-08-12', '2022-08-13', 1, 10, 10, 300420.00, 'PAYID-MLZUU2Y6AC73788K9176144E', 'EC-0YU32574L7998312D', 'ER72HMHPHXM3S', NULL, NULL, 'paypal', 'successful', 'pending', '2022-08-10 06:04:54', '2022-08-10 06:04:54'),
(80, 'RnS-B-66L6O', 465, 837, '2022-08-11', '2022-08-12', 1, 5, 2147483647, 1021.00, 'PAYID-MLZUVFA03K15883A0497954J', 'EC-2LN27079B0614314V', 'ER72HMHPHXM3S', NULL, NULL, 'paypal', 'successful', 'pending', '2022-08-10 06:05:41', '2022-08-10 06:05:41'),
(81, 'RnS-B-0A2JV', 465, 837, '2022-08-11', '2022-08-12', 1, 5, 2147483647, 1021.00, 'PAYID-MLZVANA05462400B2620194J', 'EC-7AY70112PB088961X', 'ER72HMHPHXM3S', NULL, NULL, 'paypal', 'successful', 'pending', '2022-08-10 06:29:30', '2022-08-10 06:29:30'),
(82, 'RnS-B-FYXKI', 273, 678, '2022-08-10', '2022-08-11', 1, 20, 20, 121000.00, 'PAYID-MLZVKKI51922837Y6881911K', 'EC-3WD67364JU9966537', 'ER72HMHPHXM3S', NULL, NULL, 'paypal', 'successful', 'pending', '2022-08-10 06:50:50', '2022-08-10 06:50:50'),
(83, 'RnS-B-4ECXC', 470, 837, '2022-08-10', '2022-08-11', 1, 1, 2147483647, 1201.00, 'PAYID-MLZXARA80W13920YT849602L', 'EC-1VX81186691884737', 'ER72HMHPHXM3S', NULL, NULL, 'paypal', 'successful', 'pending', '2022-08-10 08:46:17', '2022-08-10 08:46:17'),
(84, 'RnS-B-DQ8T0', 472, 678, '2022-08-10', '2022-08-11', 1, 1, 2147483647, 601.00, 'PAYID-MLZYMJA4VR71345R5499374F', 'EC-1AC61715VD352964P', 'ER72HMHPHXM3S', NULL, NULL, 'paypal', 'successful', 'pending', '2022-08-10 10:19:53', '2022-08-10 10:19:53'),
(85, 'RnS-B-XRN8Y', 410, 678, '2022-08-10', '2022-08-11', 1, 5, 2147483647, 2001.00, 'PAYID-MLZZSYA8DS195349A795241N', 'EC-5D958704K4165423B', 'ER72HMHPHXM3S', NULL, NULL, 'paypal', 'successful', 'pending', '2022-08-10 11:41:57', '2022-08-10 11:41:57'),
(86, 'RnS-B-GCQAS', 474, 934, '2022-08-10', '2022-08-11', 1, 5, 12, 3800.00, 'PAYID-MLZZYHI9Y265967U62610639', 'EC-9ES28961P1143233J', 'ER72HMHPHXM3S', NULL, NULL, 'paypal', 'successful', 'pending', '2022-08-10 11:54:12', '2022-08-10 11:54:12'),
(87, 'RnS-B-WWF8C', 272, 837, '2022-08-10', '2022-08-11', 1, 20, 20, 121000.00, 'PAYID-MLZ2RAI6AD4133880257231U', 'EC-2WU571408P9321406', 'ER72HMHPHXM3S', NULL, NULL, 'paypal', 'successful', 'pending', '2022-08-10 12:46:22', '2022-08-10 12:46:22'),
(88, 'RnS-B-GJW5U', 449, 678, '2022-08-10', '2022-08-11', 1, 4, 2147483647, 223.00, 'PAYID-MLZ2TTI78013648UE078860C', 'EC-20U85869N8794734B', 'ER72HMHPHXM3S', NULL, NULL, 'paypal', 'successful', 'pending', '2022-08-10 12:52:00', '2022-08-10 12:52:00'),
(89, 'RnS-B-K8A3E', 449, 934, '2022-08-10', '2022-08-11', 1, 4, 2147483647, 223.00, 'PAYID-MLZ2XXY61M43895TK478905N', 'EC-0VM746671D074545G', 'ER72HMHPHXM3S', NULL, NULL, 'paypal', 'successful', 'pending', '2022-08-10 13:00:46', '2022-08-10 13:00:46'),
(90, 'RnS-B-NDU0W', 272, 678, '2022-09-01', '2022-09-02', 1, 20, 20, 121000.00, 'PAYID-ML3FRSY5WN906779W4214629', 'EC-57675949984590102', 'ER72HMHPHXM3S', NULL, NULL, 'paypal', 'successful', 'pending', '2022-08-12 13:45:08', '2022-08-12 13:45:08'),
(91, 'RnS-B-H7S3B', 273, 678, '2022-08-16', '2022-08-17', 1, 20, 20, 121000.00, 'PAYID-ML5SDFQ4UH30810N2217850C', 'EC-18107282LA250715R', 'ER72HMHPHXM3S', NULL, NULL, 'paypal', 'successful', 'pending', '2022-08-16 04:48:46', '2022-08-16 04:48:46'),
(92, 'RnS-B-H8HIL', 362, 678, '2022-08-16', '2022-08-17', 1, 5, 1, 457.00, 'PAYID-ML5SEAY2ND66139G3141954L', 'EC-1SS39834B71900712', 'ER72HMHPHXM3S', NULL, NULL, 'paypal', 'successful', 'pending', '2022-08-16 04:50:35', '2022-08-16 04:50:35'),
(93, 'RnS-B-GVDL1', 272, 837, '2022-08-16', '2022-08-17', 1, 20, 20, 121000.00, 'PAYID-ML5TRYA9EF21063DR611053M', 'EC-4AV854080G1467037', 'ER72HMHPHXM3S', NULL, NULL, 'paypal', 'successful', 'pending', '2022-08-16 06:28:54', '2022-08-16 06:28:54'),
(94, 'RnS-B-UGB5U', 297, 837, '2022-08-16', '2022-08-17', 1, 12, 20, 612.00, 'PAYID-ML5VFXY1HR96451A0123204M', 'EC-97X12333M20444341', 'ER72HMHPHXM3S', NULL, NULL, 'paypal', 'successful', 'pending', '2022-08-16 08:19:15', '2022-08-16 08:19:15'),
(95, 'RnS-B-C05CD', 482, 837, '2022-08-16', '2022-08-17', 1, 2, 2147483647, 1021.00, 'PAYID-ML5WOSI5YC48889RG572093N', 'EC-1KB22415CT354583L', 'ER72HMHPHXM3S', NULL, NULL, 'paypal', 'successful', 'pending', '2022-08-16 09:46:10', '2022-08-16 09:46:10'),
(96, 'RnS-B-3ZHM0', 487, 837, '2022-08-16', '2022-08-17', 1, 4, 2147483647, 5201.00, 'PAYID-ML5ZKWQ3FM78945XL0664917', 'EC-43G06662M1867034W', 'ER72HMHPHXM3S', NULL, NULL, 'paypal', 'successful', 'pending', '2022-08-16 13:02:39', '2022-08-16 13:02:39'),
(97, 'RnS-B-IYDZ7', 490, 837, '2022-08-17', '2022-08-18', 1, 2, 2147483647, 701.00, 'PAYID-ML6HVPI1027648923751554J', 'EC-3EE67524C8423210D', 'ER72HMHPHXM3S', NULL, NULL, 'paypal', 'successful', 'pending', '2022-08-17 05:21:28', '2022-08-17 05:21:28'),
(98, 'RnS-B-GVYL0', 272, 678, '2022-08-25', '2022-08-27', 2, 20, 20, 221000.00, 'PAYID-ML6MK5Y0J352982VD0442038', 'EC-9ER55299VW268063U', 'ER72HMHPHXM3S', NULL, NULL, 'paypal', 'successful', 'pending', '2022-08-17 10:40:18', '2022-08-17 10:40:18'),
(99, 'RnS-B-W7F59', 512, 837, '2022-08-17', '2022-08-18', 1, 1, 2147483647, 301.00, 'PAYID-ML6MQHA3GU38617AW144280W', 'EC-1VS05604CL318225W', 'ER72HMHPHXM3S', NULL, NULL, 'paypal', 'successful', 'pending', '2022-08-17 10:51:53', '2022-08-17 10:51:53'),
(100, 'RnS-B-C9Q96', 491, 837, '2022-08-17', '2022-08-18', 1, 4, 2147483647, 1101.00, 'PAYID-ML6OP4Q9YD22352FL805902M', 'EC-08A04968MX686690T', 'ER72HMHPHXM3S', NULL, NULL, 'paypal', 'successful', 'pending', '2022-08-17 13:07:35', '2022-08-17 13:07:35'),
(101, 'RnS-B-FDJ7S', 272, 678, '2022-09-06', '2022-09-08', 2, 20, 20, 221000.00, 'PAYID-ML64HRA5K147974KL213112G', 'EC-4862527848063215B', 'ER72HMHPHXM3S', NULL, NULL, 'paypal', 'successful', 'pending', '2022-08-18 04:45:20', '2022-08-18 04:45:20'),
(102, 'RnS-B-J3G67', 273, 837, '2022-08-18', '2022-08-19', 1, 20, 20, 121000.00, 'PAYID-ML6423Q4LF657859R897164V', 'EC-94497167UP6775906', 'ER72HMHPHXM3S', NULL, NULL, 'paypal', 'successful', 'pending', '2022-08-18 05:26:34', '2022-08-18 05:26:34'),
(103, 'RnS-B-XKVDT', 362, 837, '2022-08-18', '2022-08-19', 1, 5, 1, 457.00, 'PAYID-ML66KFY0M971945G2432130E', 'EC-3HW159970K297243S', 'ER72HMHPHXM3S', NULL, NULL, 'paypal', 'successful', 'pending', '2022-08-18 07:07:41', '2022-08-18 07:07:41'),
(104, 'RnS-B-KPIYM', 487, 877, '2022-08-18', '2022-08-19', 1, 4, 2147483647, 5201.00, 'PAYID-ML7BRQQ70C13288NC906433T', 'EC-1V336868X5632813C', 'ER72HMHPHXM3S', NULL, NULL, 'paypal', 'successful', 'pending', '2022-08-18 10:47:55', '2022-08-18 10:47:55'),
(105, 'RnS-B-1PI8Z', 482, 837, '2022-08-18', '2022-08-19', 1, 2, 2147483647, 1021.00, 'PAYID-ML7BW4Q1GE69656PS382415T', 'EC-47T37991FG3473304', 'ER72HMHPHXM3S', NULL, NULL, 'paypal', 'successful', 'pending', '2022-08-18 10:59:26', '2022-08-18 10:59:26'),
(106, 'RnS-B-LTL5R', 272, 837, '2022-08-18', '2022-08-19', 1, 20, 20, 121000.00, 'PAYID-ML7DQJA7GY79844PP336982V', 'EC-00L38251RC5580418', 'ER72HMHPHXM3S', NULL, NULL, 'paypal', 'successful', 'pending', '2022-08-18 13:02:08', '2022-08-18 13:02:08'),
(107, 'RnS-B-0LOMK', 492, 837, '2022-08-18', '2022-08-19', 1, 4, 2147483647, 1101.00, 'PAYID-ML7DV5A1R7416601W139804L', 'EC-4NG33226FS5569532', 'ER72HMHPHXM3S', NULL, NULL, 'paypal', 'successful', 'pending', '2022-08-18 13:13:49', '2022-08-18 13:13:49'),
(108, 'RnS-B-CC28W', 273, 837, '2022-08-18', '2022-08-19', 1, 20, 20, 121000.00, 'PAYID-ML7DW6Y7FA49347DG791660C', 'EC-9VT44281FC8496146', 'ER72HMHPHXM3S', NULL, NULL, 'paypal', 'successful', 'pending', '2022-08-18 13:16:07', '2022-08-18 13:16:07'),
(109, 'RnS-B-BDR6P', 490, 678, '2022-08-19', '2022-08-20', 1, 2, 2147483647, 701.00, 'PAYID-ML7R2MI64N11103CN458231G', 'EC-8PT46482622426609', 'ER72HMHPHXM3S', NULL, NULL, 'paypal', 'successful', 'pending', '2022-08-19 05:19:18', '2022-08-19 05:19:18'),
(110, 'RnS-B-GGACR', 273, 837, '2022-08-19', '2022-08-20', 1, 20, 20, 121000.00, 'PAYID-ML7USEA5B2245790V240704N', 'EC-4GK071485P190054W', 'ER72HMHPHXM3S', NULL, NULL, 'paypal', 'successful', 'pending', '2022-08-19 08:26:19', '2022-08-19 08:26:19'),
(111, 'RnS-B-3RNFZ', 540, 837, '2022-08-19', '2022-08-20', 1, 1, 2147483647, 301.00, 'PAYID-ML7VT3I4XN50664GF411112L', 'EC-3GT91622RT104031K', 'ER72HMHPHXM3S', NULL, NULL, 'paypal', 'successful', 'pending', '2022-08-19 09:38:15', '2022-08-19 09:38:15'),
(112, 'RnS-B-7OJT8', 541, 877, '2022-08-19', '2022-08-20', 1, 1, 2147483647, 301.00, 'PAYID-ML7XOKA5CT573609F6474443', 'EC-2U752408E8262402Y', 'ER72HMHPHXM3S', NULL, NULL, 'paypal', 'successful', 'pending', '2022-08-19 11:43:06', '2022-08-19 11:43:06'),
(113, 'RnS-B-C9RZY', 273, 837, '2022-08-22', '2022-08-23', 1, 20, 20, 121000.00, 'PAYID-MMBRJBA4Y7059609B239505F', 'EC-6WX5834258355864F', 'ER72HMHPHXM3S', NULL, NULL, 'paypal', 'successful', 'pending', '2022-08-22 05:31:07', '2022-08-22 05:31:07'),
(114, 'RnS-B-BJLHO', 362, 837, '2022-08-22', '2022-08-23', 1, 5, 1, 457.00, 'PAYID-MMBSSJI4AB62008TN413801P', 'EC-9LE534078N1071303', 'ER72HMHPHXM3S', NULL, NULL, 'paypal', 'successful', 'pending', '2022-08-22 06:59:11', '2022-08-22 06:59:11'),
(115, 'RnS-B-1A7OD', 272, 833, '2022-09-12', '2022-09-15', 3, 20, 20, 321000.00, 'PAYID-MMBS7NQ8X595316M2031912L', 'EC-3HE5865508861505K', 'ER72HMHPHXM3S', NULL, NULL, 'paypal', 'successful', 'pending', '2022-08-22 07:27:14', '2022-08-22 07:27:14'),
(116, 'RnS-B-NB28B', 270, 837, '2022-08-22', '2022-08-23', 1, 12, 23, 502.00, 'PAYID-MMBUAWY82M53385WW8920410', 'EC-16S95299KG3387411', 'ER72HMHPHXM3S', NULL, NULL, 'paypal', 'successful', 'pending', '2022-08-22 08:38:10', '2022-08-22 08:38:10'),
(117, 'RnS-B-RQJTI', 541, 837, '2022-08-22', '2022-08-23', 1, 1, 2147483647, 301.00, 'PAYID-MMBUWDA46A98346XG387282F', 'EC-46P04496R0465620G', 'ER72HMHPHXM3S', NULL, NULL, 'paypal', 'successful', 'pending', '2022-08-22 09:23:46', '2022-08-22 09:23:46'),
(118, 'RnS-B-BHB9J', 323, 837, '2022-08-22', '2022-08-23', 1, 5, 1234, 851.00, 'PAYID-MMBV4OA1HD07237DM205480J', 'EC-4S035816676529902', 'ER72HMHPHXM3S', NULL, NULL, 'paypal', 'successful', 'pending', '2022-08-22 10:45:34', '2022-08-22 10:45:34'),
(119, 'RnS-B-WDX7K', 540, 837, '2022-08-22', '2022-08-23', 1, 1, 2147483647, 301.00, 'PAYID-MMBXJEI14R61665KU977430E', 'EC-2W327016DH765452K', 'ER72HMHPHXM3S', NULL, NULL, 'paypal', 'successful', 'pending', '2022-08-22 12:21:05', '2022-08-22 12:21:05'),
(120, 'RnS-B-F4UJE', 570, 837, '2022-08-22', '2022-08-23', 1, 1, 2147483647, 121.00, 'PAYID-MMBXKGA1PL59238FD340360C', 'EC-97617427DF446013V', 'ER72HMHPHXM3S', NULL, NULL, 'paypal', 'successful', 'pending', '2022-08-22 12:23:02', '2022-08-22 12:23:02'),
(121, 'RnS-B-WG0C6', 542, 877, '2022-08-22', '2022-08-23', 1, 1, 2147483647, 301.00, 'PAYID-MMBXUNQ9W474614BC8504032', 'EC-8D264593SU029943E', 'ER72HMHPHXM3S', NULL, NULL, 'paypal', 'successful', 'pending', '2022-08-22 12:45:12', '2022-08-22 12:45:12'),
(122, 'RnS-B-P538O', 575, 678, '2022-08-23', '2022-08-24', 1, 1, 2147483647, 301.00, 'PAYID-MMCHCTQ73N28645EN565083P', 'EC-9CM063046A9626633', 'ER72HMHPHXM3S', NULL, NULL, 'paypal', 'successful', 'pending', '2022-08-23 06:19:36', '2022-08-23 06:19:36'),
(123, 'RnS-B-JSAX7', 270, 837, '2022-08-23', '2022-08-24', 1, 12, 23, 502.00, 'PAYID-MMCHEHY3LA3639787775834L', 'EC-94W02784WF1911847', 'ER72HMHPHXM3S', NULL, NULL, 'paypal', 'successful', 'pending', '2022-08-23 06:22:46', '2022-08-23 06:22:46'),
(124, 'RnS-B-DY44C', 297, 837, '2022-08-23', '2022-08-24', 1, 12, 20, 612.00, 'PAYID-MMCHPMY3WD16198UL496390B', 'EC-1NP14061XV601191M', 'ER72HMHPHXM3S', NULL, NULL, 'paypal', 'successful', 'pending', '2022-08-23 06:46:36', '2022-08-23 06:46:36'),
(125, 'RnS-B-AP1CM', 578, 678, '2022-08-23', '2022-08-24', 1, 1, 2147483647, 301.00, 'PAYID-MMCJVEI5Y788728M85626502', 'EC-4HG2331562285203D', 'ER72HMHPHXM3S', NULL, NULL, 'paypal', 'successful', 'pending', '2022-08-23 09:15:34', '2022-08-23 09:15:34'),
(126, 'RnS-B-65THY', 580, 678, '2022-08-23', '2022-08-24', 1, 1, 2147483647, 701.00, 'PAYID-MMCJWMA6LA15328RE8689848', 'EC-0D4763991E762233P', 'ER72HMHPHXM3S', NULL, NULL, 'paypal', 'successful', 'pending', '2022-08-23 09:17:58', '2022-08-23 09:17:58'),
(127, 'RnS-B-MDQRH', 297, 837, '2022-08-23', '2022-08-24', 1, 12, 20, 612.00, 'PAYID-MMCJYMQ2CN80660UD628984D', 'EC-80445724H0694454D', 'ER72HMHPHXM3S', NULL, NULL, 'paypal', 'successful', 'pending', '2022-08-23 09:22:18', '2022-08-23 09:22:18'),
(128, 'RnS-B-43SKQ', 367, 837, '2022-08-23', '2022-08-24', 1, 2, 2147483647, 701.00, 'PAYID-MMCJZVQ9AL12612EB8668038', 'EC-2L424646M3872730S', 'ER72HMHPHXM3S', NULL, NULL, 'paypal', 'successful', 'pending', '2022-08-23 09:25:01', '2022-08-23 09:25:01'),
(129, 'RnS-B-49BFU', 273, 837, '2022-08-24', '2022-08-25', 1, 20, 20, 121000.00, 'PAYID-MMC3GNQ8AS24448X7474853X', 'EC-5V1055363B2035233', 'ER72HMHPHXM3S', NULL, NULL, 'paypal', 'successful', 'pending', '2022-08-24 05:14:08', '2022-08-24 05:14:08'),
(130, 'RnS-B-4HM3I', 362, 837, '2022-08-24', '2022-08-25', 1, 5, 1, 457.00, 'PAYID-MMC3OQA3DT6963586186000J', 'EC-7S64731843266741R', 'ER72HMHPHXM3S', NULL, NULL, 'paypal', 'successful', 'pending', '2022-08-24 05:29:58', '2022-08-24 05:29:58'),
(131, 'RnS-B-ZLAOY', 586, 837, '2022-08-24', '2022-08-25', 1, 1, 2147483647, 2101.00, 'PAYID-MMDALBA5K9498248N075091C', 'EC-11V57582YR569820T', 'ER72HMHPHXM3S', NULL, NULL, 'paypal', 'successful', 'pending', '2022-08-24 11:03:57', '2022-08-24 11:03:57'),
(132, 'RnS-B-VJJUE', 592, 837, '2022-08-24', '2022-08-25', 1, 1, 2147483647, 701.00, 'PAYID-MMDANSA2KA57270N0558841C', 'EC-0C837775LK4173211', 'ER72HMHPHXM3S', NULL, NULL, 'paypal', 'successful', 'pending', '2022-08-24 11:09:34', '2022-08-24 11:09:34'),
(133, 'RnS-B-87GOO', 323, 837, '2022-08-24', '2022-08-25', 1, 5, 1234, 851.00, 'PAYID-MMDCNQA6CE57161SM613283D', 'EC-64255136ME030771T', 'ER72HMHPHXM3S', NULL, NULL, 'paypal', 'successful', 'pending', '2022-08-24 13:25:42', '2022-08-24 13:25:42'),
(134, 'RnS-B-RHCKU', 297, 837, '2022-08-24', '2022-08-25', 1, 12, 20, 612.00, 'PAYID-MMDCOOI75A34294SC2657336', 'EC-63S13945KS970750J', 'ER72HMHPHXM3S', NULL, NULL, 'paypal', 'successful', 'pending', '2022-08-24 13:27:43', '2022-08-24 13:27:43'),
(135, 'RnS-B-L5RR4', 323, 837, '2022-08-26', '2022-08-27', 1, 5, 1234, 851.00, 'PAYID-MMDQPHY7JY42313TS063080M', 'EC-0VD23494LA104215M', 'ER72HMHPHXM3S', NULL, NULL, 'paypal', 'successful', 'pending', '2022-08-25 05:25:10', '2022-08-25 05:25:10'),
(136, 'RnS-B-IHPZZ', 403, 837, '2022-08-26', '2022-08-27', 1, 2, 2147483647, 701.00, 'PAYID-MMDRVFI7R096183XM492782L', 'EC-9UX14060G2445971Y', 'ER72HMHPHXM3S', NULL, NULL, 'paypal', 'successful', 'pending', '2022-08-25 06:46:04', '2022-08-25 06:46:04'),
(137, 'RnS-B-RNXQS', 403, 837, '2022-08-25', '2022-08-26', 1, 2, 2147483647, 701.00, 'PAYID-MMDTDKY7F276212D1023294S', 'EC-6L3566394W3244928', 'ER72HMHPHXM3S', NULL, NULL, 'paypal', 'successful', 'pending', '2022-08-25 08:24:34', '2022-08-25 08:24:34'),
(138, 'RnS-B-M0X6O', 540, 837, '2022-08-25', '2022-08-26', 1, 1, 2147483647, 301.00, 'PAYID-MMDUYXQ5KH237976J104961W', 'EC-79J95183YA1449541', 'ER72HMHPHXM3S', NULL, NULL, 'paypal', 'successful', 'pending', '2022-08-25 10:18:35', '2022-08-25 10:18:35'),
(139, 'RnS-B-7XL1C', 406, 837, '2022-08-25', '2022-08-26', 1, 12, 20, 2603.00, 'PAYID-MMDVQDA3NM47388NA579770L', 'EC-1BH43763KW8328543', 'ER72HMHPHXM3S', NULL, NULL, 'paypal', 'successful', 'pending', '2022-08-25 11:08:24', '2022-08-25 11:08:24'),
(140, 'RnS-B-6LLPJ', 272, 336, '2022-09-22', '2022-09-30', 8, 20, 20, 821000.00, 'PAYID-MMDWSYQ5J6185945F074843M', 'EC-74B021632C0251714', 'ER72HMHPHXM3S', NULL, NULL, 'paypal', 'successful', 'pending', '2022-08-25 12:22:36', '2022-08-25 12:22:36'),
(141, 'RnS-B-2JXTK', 406, 837, '2022-08-25', '2022-08-26', 1, 12, 20, 2603.00, 'PAYID-MMDXJ2I72P24692TU286553D', 'EC-7RG797746A981592X', 'ER72HMHPHXM3S', NULL, NULL, 'paypal', 'successful', 'pending', '2022-08-25 13:11:49', '2022-08-25 13:11:49'),
(142, 'RnS-B-ZS6JY', 622, 837, '2022-08-25', '2022-08-26', 1, 1, 2147483647, 301.00, 'PAYID-MMDXMXQ1595265167192115V', 'EC-0W2693069R8006235', 'ER72HMHPHXM3S', NULL, NULL, 'paypal', 'successful', 'pending', '2022-08-25 13:17:40', '2022-08-25 13:17:40'),
(143, 'RnS-B-FMTS2', 273, 837, '2022-08-26', '2022-08-27', 1, 20, 20, 121000.00, 'PAYID-MMEFSDA8H489532UJ3121634', 'EC-9VN420446K927610M', 'ER72HMHPHXM3S', NULL, NULL, 'paypal', 'successful', 'pending', '2022-08-26 05:24:53', '2022-08-26 05:24:53'),
(144, 'RnS-B-OD725', 297, 837, '2022-08-26', '2022-08-27', 1, 12, 20, 612.00, 'PAYID-MMEFUUI1KD88448P2155360L', 'EC-09M5468517030562D', 'ER72HMHPHXM3S', NULL, NULL, 'paypal', 'successful', 'pending', '2022-08-26 05:30:17', '2022-08-26 05:30:17'),
(145, 'RnS-B-Y10XL', 626, 837, '2022-08-26', '2022-08-27', 1, 1, 2147483647, 301.00, 'PAYID-MMEGVMI51W45297UF6129158', 'EC-3HD95250L7026002H', 'ER72HMHPHXM3S', NULL, NULL, 'paypal', 'successful', 'pending', '2022-08-26 06:40:08', '2022-08-26 06:40:08'),
(146, 'RnS-B-37KOX', 633, 837, '2022-08-26', '2022-08-27', 1, 1, 2147483647, 301.00, 'PAYID-MMEG6DI33E05553292454224', 'EC-19548572RS435005R', 'ER72HMHPHXM3S', NULL, NULL, 'paypal', 'successful', 'pending', '2022-08-26 06:58:45', '2022-08-26 06:58:45'),
(147, 'RnS-B-6IAJW', 362, 692, '2022-09-07', '2022-09-10', 3, 5, 1, 1169.00, 'PAYID-MME543Y5K3484321F125841J', 'EC-626069629X369483V', 'ER72HMHPHXM3S', NULL, NULL, 'paypal', 'successful', 'pending', '2022-08-27 09:06:06', '2022-08-27 09:06:06'),
(148, 'RnS-B-6I77O', 270, 678, '2022-09-07', '2022-09-10', 3, 12, 23, 1502.00, 'PAYID-MME7Q5A01878354LJ753152E', 'EC-64J77874Y69121346', 'ER72HMHPHXM3S', NULL, NULL, 'paypal', 'successful', 'pending', '2022-08-27 10:57:07', '2022-08-27 10:57:07'),
(149, 'RnS-B-PCXJ0', 272, 832, '2022-10-11', '2022-10-12', 1, 20, 20, 121000.00, 'PAYID-MMFAJ2Q97W356037B7598908', 'EC-5A2113149H251164H', 'ER72HMHPHXM3S', NULL, NULL, 'paypal', 'successful', 'pending', '2022-08-27 11:50:16', '2022-08-27 11:50:16');

-- --------------------------------------------------------

--
-- Table structure for table `space_booking_temp`
--

CREATE TABLE `space_booking_temp` (
  `id` int(11) NOT NULL,
  `payment_id` varchar(255) COLLATE utf8_unicode_ci DEFAULT NULL,
  `paccess_token` varchar(255) COLLATE utf8_unicode_ci DEFAULT NULL,
  `token_id` varchar(255) COLLATE utf8_unicode_ci DEFAULT NULL,
  `user_id` int(11) DEFAULT NULL,
  `space_id` int(11) DEFAULT NULL,
  `space_start_date` date DEFAULT NULL,
  `space_end_date` date DEFAULT NULL,
  `total_days` int(11) DEFAULT NULL,
  `total_room` int(11) DEFAULT NULL,
  `total_member` int(11) DEFAULT NULL,
  `total_amount` double(10,2) DEFAULT NULL,
  `created_at` datetime NOT NULL,
  `updated_at` timestamp NOT NULL DEFAULT current_timestamp() ON UPDATE current_timestamp()
) ENGINE=InnoDB DEFAULT CHARSET=utf8 COLLATE=utf8_unicode_ci;

--
-- Dumping data for table `space_booking_temp`
--

INSERT INTO `space_booking_temp` (`id`, `payment_id`, `paccess_token`, `token_id`, `user_id`, `space_id`, `space_start_date`, `space_end_date`, `total_days`, `total_room`, `total_member`, `total_amount`, `created_at`, `updated_at`) VALUES
(66, 'PAYID-MLUQ5UI4N2762295D3020707', 'A21AALkAlIRsUCH1u2F9vmzaFeTUh9mbmwD4num3C7Glori3NenWMhLlBhmlZUYVV4GLf7wnyfhPElOJFUadLaTDF3HMhz74A', 'EC-87U18261S00480937', NULL, 412, '2022-07-28', '2022-07-31', 3, 12, 20, 7603.00, '2022-08-02 11:47:29', '2022-08-02 11:47:29'),
(67, 'PAYID-MLURZFA8CV03910N6901583H', 'A21AALZtXiRipKasS5YRheJVXedzTkS7fnn0Xef63vGRAaArimqZZvP9S7Zt9-pG79gE7386nUI9JRfRQ0hPHP4xo4m6l2RHg', 'EC-8FB81463JS029093N', NULL, 406, '2022-07-28', '2022-07-31', 3, 12, 20, 7603.00, '2022-08-02 12:46:12', '2022-08-02 12:46:12'),
(68, 'PAYID-MLVBKHY44U20004NW173340R', 'A21AAKxXMB-l3JkYGExG6rDx8qCZ96RO1ZqcPjlGxQ4tHFGlfhqvHfUAbVensY6BFfuN3uHEuDASPBGAOJ8XrK5Nk_QxpjGnA', 'EC-8YV5374580084561A', NULL, 361, '2022-07-28', '2022-07-31', 3, 5, 1, 1169.00, '2022-08-03 06:26:39', '2022-08-03 06:26:39'),
(69, 'PAYID-MLVFBLQ57P7557475055080F', 'A21AAJNfhVxl080xxHH11Z_3-5wJ8sJocWx5zB6tpNdLBHwqShFndMwFQFtpXqP9M7J2tNnF00KVhdjKd0WxEkkgSIttYN3SA', 'EC-9B460464W4881250G', NULL, 270, '2022-07-28', '2022-07-31', 3, 12, 23, 1502.00, '2022-08-03 10:40:46', '2022-08-03 10:40:46'),
(70, 'PAYID-MLVHLGI6D660890XA102950X', 'A21AAJm3vpfkZ-PmvWsyioAv9rwzpyubBnX3-s9ZcgPdDijXiAWHfAKO9p_WqBFjR3D30c25bkVhJPig1JjJQdOrG1UmO9_GQ', 'EC-07H59531NW304023S', 1, 270, '2022-07-28', '2022-07-31', 3, 12, 23, 1502.00, '2022-08-03 13:18:17', '2022-08-03 13:18:17'),
(71, 'PAYID-MLVVYOA0BP90488XF891645B', 'A21AAJ4XlBeoGVTAI3lSMgOkrfiAHyKFM8ZA9hemnXZMHpiLvS91IgDxzZbKmMsbPGj1WUR3rbiLw3oLFNB4pHi-SRTV2IWjQ', 'EC-0YN41872ME941293M', NULL, 418, '2022-07-28', '2022-07-31', 3, 4, 2147483647, 3201.00, '2022-08-04 05:42:17', '2022-08-04 05:42:17'),
(72, 'PAYID-MLVWMZA3KG28172A13547801', 'A21AAIazMo1vUVFQdsMTP5VdSdrmZKHt4QNvkvH4tj9gTYqKpBBA7koDbVxJI_4KU4kubNnu2n1GQ9d4kIxXbPEtD6pr5KwaQ', 'EC-8TP106963T328463W', NULL, 422, '2022-07-28', '2022-07-31', 3, 1, 2147483647, 1701.00, '2022-08-04 06:25:40', '2022-08-04 06:25:40'),
(73, 'PAYID-MLVYRUY86E14684SG199883G', 'A21AAILJULJmj_u37K9m3dRi5ZSvquFwkHreJyW3z0BMdT1VIjb9DxKyLi9rEUd-U_q-H92ZwbpBmWfO5ypPAa_Y3iq_3yPBg', 'EC-3X307115C6465321S', 1, 425, '2022-07-28', '2022-07-31', 3, 4, 2147483647, 2501.00, '2022-08-04 08:52:35', '2022-08-04 08:52:35'),
(74, 'PAYID-MLVY7WY8SM88960JJ450113E', 'A21AAJ5c740jCcM-RksWw70Q8F_SelPVIIK2w8EMDrYoPiq2TfiyKQmJo85t4QZ1RK0uoYsSR2IpRUcosr2z7jcbuxyDpdCbQ', 'EC-0CK19939U1243224M', 1, 427, '2022-07-28', '2022-07-31', 3, 1, 2147483647, 1701.00, '2022-08-04 09:22:35', '2022-08-04 09:22:35'),
(75, 'PAYID-MLWOENA6L631368P0653470B', 'A21AAKMWtKZnMC5SCxmDcX55dTKDjnLQsvjrNDtlJdDXg_aDMMzFYTRZ8Ivjgw1PzIDW8yCn_YTdtv3tsjxCLE-Y6gsMDDWMA', 'EC-69663547P8596833C', NULL, 273, '2022-07-28', '2022-07-31', 3, 20, 20, 321000.00, '2022-08-05 09:26:12', '2022-08-05 09:26:12'),
(76, 'PAYID-MLWOQHA93T38619S8445584P', 'A21AAKMWtKZnMC5SCxmDcX55dTKDjnLQsvjrNDtlJdDXg_aDMMzFYTRZ8Ivjgw1PzIDW8yCn_YTdtv3tsjxCLE-Y6gsMDDWMA', 'EC-2J214407A45196847', NULL, 323, '2022-07-28', '2022-07-31', 3, 5, 1234, 1851.00, '2022-08-05 09:51:24', '2022-08-05 09:51:24'),
(77, 'PAYID-MLWPBNQ04R852967L706963K', 'A21AAJ5WoOKpe4-WNvN5AxSFT8M4SclLem8o55SGss2r2fqw2VKAOAqkKBty7DKzFyZ-bSLbJkmJNTUTwTHRAMcJEqPtvTXcQ', 'EC-6M489223JF162654M', NULL, 270, '2022-07-28', '2022-07-31', 3, 12, 23, 1502.00, '2022-08-05 10:28:06', '2022-08-05 10:28:06'),
(78, 'PAYID-MLWPCBA8TF42185N56687615', 'A21AAJ5WoOKpe4-WNvN5AxSFT8M4SclLem8o55SGss2r2fqw2VKAOAqkKBty7DKzFyZ-bSLbJkmJNTUTwTHRAMcJEqPtvTXcQ', 'EC-4U04867752889011H', NULL, 272, '2022-07-28', '2022-07-31', 3, 20, 20, 321000.00, '2022-08-05 10:29:24', '2022-08-05 10:29:24'),
(79, 'PAYID-MLWPHNA34E35027465017325', 'A21AAJ5WoOKpe4-WNvN5AxSFT8M4SclLem8o55SGss2r2fqw2VKAOAqkKBty7DKzFyZ-bSLbJkmJNTUTwTHRAMcJEqPtvTXcQ', 'EC-3C571408AJ1772614', NULL, 270, '2022-07-28', '2022-07-31', 3, 12, 23, 1502.00, '2022-08-05 10:40:52', '2022-08-05 10:40:52'),
(80, 'PAYID-MLWQFIQ9GP86090P49597616', 'A21AAKxNo7chRrEKGYBtNaQWUrcC1BGhuUbZ4bwHHhjqbnNAZmKOHQS6QmP7cA1FQ8UCQDBiVVEsVRT84wlQymCxjngexxFSg', 'EC-8D306086D67178821', NULL, 270, '2022-07-28', '2022-07-31', 3, 12, 23, 1502.00, '2022-08-05 11:44:34', '2022-08-05 11:44:34'),
(81, 'PAYID-MLW7HOQ1B429175Y3709441U', 'A21AAJNdT97rZu4TkgDnmCf-4XvPesHP2kWeDPQ_35RTN0_xAFP_voZEd3dLOMoRNRvVA96rpztNz4vxzaUliUT0DsB4iI9ag', 'EC-79P170873H504694F', 1, 272, '2022-07-28', '2022-07-31', 3, 20, 20, 321000.00, '2022-08-06 04:53:14', '2022-08-06 04:53:14'),
(82, 'PAYID-MLW7LZQ243435832V366315D', 'A21AALy8pPdgQYMHZjkpdyb_1qI0U7wwUNA9Jh8YNEWGBq4zzq5NLzhrwgmnKOwD98CMvbuB6avTZdP_o3Yqt_IW7YZbsMl9A', 'EC-51Y230922K111950V', 1, 406, '2022-07-28', '2022-07-31', 3, 12, 20, 7603.00, '2022-08-06 05:02:30', '2022-08-06 05:02:30'),
(83, 'PAYID-MLXA2RY4FT74055M76835920', 'A21AALOND7Pq7xuwDQA1bTEWLI4GwTa2Xwp9nSqnhCoxolhhhljVcrSCGSs1noAm2JBWoI6DtKQu3hzRGHDngz7ghFJnMJh6g', 'EC-0B5329481X703152D', NULL, 270, '2022-07-28', '2022-07-31', 3, 12, 23, 1502.00, '2022-08-06 06:42:15', '2022-08-06 06:42:15'),
(84, 'PAYID-MLXA7TQ30K911946R053532D', 'A21AALOND7Pq7xuwDQA1bTEWLI4GwTa2Xwp9nSqnhCoxolhhhljVcrSCGSs1noAm2JBWoI6DtKQu3hzRGHDngz7ghFJnMJh6g', 'EC-4AT09045SL0631439', 1, 273, '2022-07-28', '2022-07-31', 3, 20, 20, 321000.00, '2022-08-06 06:53:02', '2022-08-06 06:53:02'),
(85, 'PAYID-MLXCGLY9YY16593RH3613332', 'A21AALftoFCp3FCRmzJVVViPmHyO3gRwIp6vSVOwVfJkPoirRM6M5QLpth_0KWLx_wju2bThEIfWpYkRo3nffKk5GlEObqxkg', 'EC-15715430B3216241C', NULL, 273, '2022-07-28', '2022-07-31', 3, 20, 20, 321000.00, '2022-08-06 08:15:43', '2022-08-06 08:15:43'),
(86, 'PAYID-MLZALNI6UD15469NA9697004', 'A21AAJ74-4vsbkD8WU_SPYKo6abSAZZtpOyoAURecrCjzdP4aOBdyog8xb20V_8VXu7j6R6tgQl15KKc-TqRiVgFmXkP-6d6g', 'EC-9S2950018C8694835', 1, 273, '2022-08-09', '2022-08-10', 1, 20, 20, 121000.00, '2022-08-09 06:59:02', '2022-08-09 06:59:02'),
(87, 'PAYID-MLZAU3Q6CN50923Y67449909', 'A21AAJiMw7apV7r_AlghGThPJtbAYKKyfzqDOy7ligpbeYtAbRDTZxstElNz90BzL76YFmp8_wysL7maqIT94cR7_qwX7ARoA', 'EC-8RM64635UG7645030', NULL, 451, '2022-08-09', '2022-08-10', 1, 4, 2147483647, 2001.00, '2022-08-09 07:19:10', '2022-08-09 07:19:10'),
(88, 'PAYID-MLZBYEY44W68432M2557092V', 'A21AAIlkeQgm0j3E9ps8n7jLAbSjtx1gXuFgQzMNXEFM_b-enDLORn4kUT6oGRhZOA02Qd7j2l5oA6A5NHTP6HZu_uI0el5HQ', 'EC-2VB49674VE938480D', 1, 362, '2022-08-09', '2022-08-10', 1, 5, 1, 457.00, '2022-08-09 08:34:27', '2022-08-09 08:34:27'),
(89, 'PAYID-MLZC3FA5DR99693MS101380J', 'A21AAL1ZVQFhY8Oai5IkySO7IKWFi1evgvN3ZXefyjgXr8f_hwn6S8xfN1Nwgz8OY30hMQzrXGCIs6uQUIAEFejC6ZMT1rG6w', 'EC-7GS08009MC0885211', NULL, 434, '2022-09-05', '2022-09-06', 1, 10, 10, 300420.00, '2022-08-09 09:49:09', '2022-08-09 09:49:09'),
(90, 'PAYID-MLZDXYQ7G125810LU480520A', 'A21AALfIghrtRPpdLHskUMCEPoTEHDWjXQvFiFmAe0qGTUdXknFrV5BWwWK6fMMpFxyomK8KZxwkRlPb0vSc7DqzHOu0OvZzg', 'EC-8LR83628YW9552639', 1, 455, '2022-08-09', '2022-08-10', 1, 4, 2147483647, 321.00, '2022-08-09 10:50:10', '2022-08-09 10:50:10'),
(91, 'PAYID-MLZUMDI325349420X2022051', 'A21AALDl6mulCXLrNB3cnbeYgAlzozK5C6sTHIUC9Al-ZRteyXhRstOEvVUmf6V26joAYFUkHTfGpR5DQiWhmMaLVMC3WDMPQ', 'EC-2VC07059FV631781E', NULL, 465, '2022-08-10', '2022-08-11', 1, 5, 2147483647, 1021.00, '2022-08-10 05:45:50', '2022-08-10 05:45:50'),
(92, 'PAYID-MLZUU2Y6AC73788K9176144E', 'A21AAI7xd_JnBVQT2mG_dJ6PAlMiY1Kban6vHZ_oT0bcpi26sexHr9aZ8fRxaRCE_DU46syUggpQxXv3vMjuQp4KsYwMr92aQ', 'EC-0YU32574L7998312D', 1, 434, '2022-08-12', '2022-08-13', 1, 10, 10, 300420.00, '2022-08-10 06:04:27', '2022-08-10 06:04:27'),
(93, 'PAYID-MLZUVFA03K15883A0497954J', 'A21AAI7xd_JnBVQT2mG_dJ6PAlMiY1Kban6vHZ_oT0bcpi26sexHr9aZ8fRxaRCE_DU46syUggpQxXv3vMjuQp4KsYwMr92aQ', 'EC-2LN27079B0614314V', 1, 465, '2022-08-11', '2022-08-12', 1, 5, 2147483647, 1021.00, '2022-08-10 06:05:09', '2022-08-10 06:05:09'),
(94, 'PAYID-MLZVANA05462400B2620194J', 'A21AAI7xd_JnBVQT2mG_dJ6PAlMiY1Kban6vHZ_oT0bcpi26sexHr9aZ8fRxaRCE_DU46syUggpQxXv3vMjuQp4KsYwMr92aQ', 'EC-7AY70112PB088961X', 1, 465, '2022-08-11', '2022-08-12', 1, 5, 2147483647, 1021.00, '2022-08-10 06:29:08', '2022-08-10 06:29:08'),
(95, 'PAYID-MLZVKKI51922837Y6881911K', 'A21AAI7xd_JnBVQT2mG_dJ6PAlMiY1Kban6vHZ_oT0bcpi26sexHr9aZ8fRxaRCE_DU46syUggpQxXv3vMjuQp4KsYwMr92aQ', 'EC-3WD67364JU9966537', NULL, 273, '2022-08-10', '2022-08-11', 1, 20, 20, 121000.00, '2022-08-10 06:50:17', '2022-08-10 06:50:17'),
(96, 'PAYID-MLZXARA80W13920YT849602L', 'A21AAKxwdeWmpI2rdSiBI7qAvvWC0qu0aKmmKKZiW9MFmqfVwkQAHSK5s4DuaoEw86xDNmy-8eAFps7rihwrSEwqrDIrXEyeA', 'EC-1VX81186691884737', 1, 470, '2022-08-10', '2022-08-11', 1, 1, 2147483647, 1201.00, '2022-08-10 08:45:57', '2022-08-10 08:45:57'),
(97, 'PAYID-MLZXILY6X3028312L484582W', 'A21AAIS0jjhtWMCG5XeudT0XHo-T9pbBm2Kj0qwUgZyFR0Dfx83v6Q8vk1LzBumky9DESU5_YTO_Uz7DfBovo0g9kC4sYIp1g', 'EC-54320466P1275463M', NULL, 410, '2022-08-10', '2022-08-11', 1, 5, 2147483647, 2001.00, '2022-08-10 09:02:39', '2022-08-10 09:02:39'),
(98, 'PAYID-MLZYMJA4VR71345R5499374F', 'A21AAKEK2pDvDKuS8GkljvSXJlH8ne26Gn5FD63C05k_7iV7Ls8I8U3jnnnO6b6BD_DZZS4_bteJHQS9ptE_epAvJCdtifqrw', 'EC-1AC61715VD352964P', NULL, 472, '2022-08-10', '2022-08-11', 1, 1, 2147483647, 601.00, '2022-08-10 10:19:17', '2022-08-10 10:19:17'),
(99, 'PAYID-MLZZSYA8DS195349A795241N', 'A21AAKcdFq8v00UxjayKQ82Zq0MC9YlqWJKp511eBmXhEyD7H2aQ8HtlPX27KFx1FsJEoI7Z2AqaT2UCark24ViA6tSMylGSQ', 'EC-5D958704K4165423B', NULL, 410, '2022-08-10', '2022-08-11', 1, 5, 2147483647, 2001.00, '2022-08-10 11:41:21', '2022-08-10 11:41:21'),
(100, 'PAYID-MLZZYHI9Y265967U62610639', 'A21AAKcdFq8v00UxjayKQ82Zq0MC9YlqWJKp511eBmXhEyD7H2aQ8HtlPX27KFx1FsJEoI7Z2AqaT2UCark24ViA6tSMylGSQ', 'EC-9ES28961P1143233J', 1, 474, '2022-08-10', '2022-08-11', 1, 5, 12, 3800.00, '2022-08-10 11:53:01', '2022-08-10 11:53:01'),
(101, 'PAYID-MLZ2RAI6AD4133880257231U', 'A21AALmnJQ7kEIx45Lgs99efszWdkIFCQYvtcubpvDIvKLGRI6UypneC1sSoWMqToE85uZA-02WH45zOTG0o6FuJCkexR1alg', 'EC-2WU571408P9321406', 1, 272, '2022-08-10', '2022-08-11', 1, 20, 20, 121000.00, '2022-08-10 12:45:53', '2022-08-10 12:45:53'),
(102, 'PAYID-MLZ2TTI78013648UE078860C', 'A21AALmnJQ7kEIx45Lgs99efszWdkIFCQYvtcubpvDIvKLGRI6UypneC1sSoWMqToE85uZA-02WH45zOTG0o6FuJCkexR1alg', 'EC-20U85869N8794734B', NULL, 449, '2022-08-10', '2022-08-11', 1, 4, 2147483647, 223.00, '2022-08-10 12:51:25', '2022-08-10 12:51:25'),
(103, 'PAYID-MLZ2XXY61M43895TK478905N', 'A21AAJE6IIMj6x9nDD0Pqkkl9ERUyH34IdDU0tIbwm7xVK1K37Bd_z1FlSBMisu_kjvY4ioAJAVIwGRsg9BgPtmoV00Mklv2Q', 'EC-0VM746671D074545G', 1, 449, '2022-08-10', '2022-08-11', 1, 4, 2147483647, 223.00, '2022-08-10 13:00:15', '2022-08-10 13:00:15'),
(104, 'PAYID-ML3FRSY5WN906779W4214629', 'A21AAJlDFiKhcjAOuQrMzNLZ9RWH_cQ5nuoAaAkpi8I3c3Q6O5aRqEv51cXXGLLBPwZHESHRfKSPXvAWnKxxrnTC2t7MtQUzQ', 'EC-57675949984590102', NULL, 272, '2022-09-01', '2022-09-02', 1, 20, 20, 121000.00, '2022-08-12 13:42:35', '2022-08-12 13:42:35'),
(105, 'PAYID-ML5SDFQ4UH30810N2217850C', 'A21AAI7jLR1gca6Bla0pZRTRhTc0lOekh14pzEQBTMtVKf1QcgNW4R-fKshGqycnix2YkUgpAWvi3xlisBFro-q4nrvhB58Gg', 'EC-18107282LA250715R', NULL, 273, '2022-08-16', '2022-08-17', 1, 20, 20, 121000.00, '2022-08-16 04:48:22', '2022-08-16 04:48:22'),
(106, 'PAYID-ML5SEAY2ND66139G3141954L', 'A21AAI7jLR1gca6Bla0pZRTRhTc0lOekh14pzEQBTMtVKf1QcgNW4R-fKshGqycnix2YkUgpAWvi3xlisBFro-q4nrvhB58Gg', 'EC-1SS39834B71900712', NULL, 362, '2022-08-16', '2022-08-17', 1, 5, 1, 457.00, '2022-08-16 04:50:11', '2022-08-16 04:50:11'),
(107, 'PAYID-ML5TRYA9EF21063DR611053M', 'A21AALguyvWus8YzINkFji2eSU__s__hbHI1-fOoBr2RcCk6GfFJX8no_LqndwJTI2uV73q2eVvwDa-kftT9J2k7OH96wLJwQ', 'EC-4AV854080G1467037', 1, 272, '2022-08-16', '2022-08-17', 1, 20, 20, 121000.00, '2022-08-16 06:27:44', '2022-08-16 06:27:44'),
(108, 'PAYID-ML5VFXY1HR96451A0123204M', 'A21AAI3H7IqlBdwnP7D4VnVA9fKSI_wvQcI8v93t0GTzMuyDnvaw0vlchZl5G1w-Uv31fNEKTe1ujutelATG87-E_oeyISlUA', 'EC-97X12333M20444341', 1, 297, '2022-08-16', '2022-08-17', 1, 12, 20, 612.00, '2022-08-16 08:18:39', '2022-08-16 08:18:39'),
(109, 'PAYID-ML5WOSI5YC48889RG572093N', 'A21AALRCNBqnhFdk3cMPX5r90Gtt3Bwi3GQuEmTFfTqC0pnBvbPbl4QKHyIYwwWMzlYUGXDazXPbTHDtrf0xelU-Co8omFFPw', 'EC-1KB22415CT354583L', 1, 482, '2022-08-16', '2022-08-17', 1, 2, 2147483647, 1021.00, '2022-08-16 09:45:46', '2022-08-16 09:45:46'),
(110, 'PAYID-ML5YJ3Q73C581400W483010P', 'A21AAJRKOzsq_TEWmfLiItXMupEpmB3m6RpKP4Sp5ex1LVe1kTsCUwVQXLNVi4pwiBGW51b1E6HxXJ9eYUn-1zl02JFI8Cpsw', 'EC-6R9545578Y193482A', NULL, 487, '2022-08-16', '2022-08-17', 1, 4, 2147483647, 5201.00, '2022-08-16 11:52:14', '2022-08-16 11:52:14'),
(111, 'PAYID-ML5ZFAA59J14159KX4935028', 'A21AAJD3fuQjvp7B58VDGy4EWlfLMtR7iy-bmJEjmVNzILoM81t70d_aCC69mlV4Q4Fl-2859_6oiO-IGf8hZMLKgUOG977Vw', 'EC-78B05977WW811325V', NULL, 487, '2022-08-16', '2022-08-17', 1, 4, 2147483647, 5201.00, '2022-08-16 12:50:08', '2022-08-16 12:50:08'),
(112, 'PAYID-ML5ZKWQ3FM78945XL0664917', 'A21AAJf8GLHrhqZHIedksWTSOBPo6gWH47wV3i6hCuJIxgLMFoG7bePHLPx09Gx0Hj7_UC_VUb5k5ZokoDm92Fq_kJhiHnSsg', 'EC-43G06662M1867034W', 1, 487, '2022-08-16', '2022-08-17', 1, 4, 2147483647, 5201.00, '2022-08-16 13:02:18', '2022-08-16 13:02:18'),
(113, 'PAYID-ML6HVPI1027648923751554J', 'A21AAJ9CA2qgN5doplTikLdWyQX2IqV37IT9ZbWjaUk7BiPMT3Xzzl54vmQD1qe3c5aUxVQCUFy2Zz-Nfu6PoYyzHmlCovAvQ', 'EC-3EE67524C8423210D', 1, 490, '2022-08-17', '2022-08-18', 1, 2, 2147483647, 701.00, '2022-08-17 05:21:01', '2022-08-17 05:21:01'),
(114, 'PAYID-ML6MK5Y0J352982VD0442038', 'A21AAKzrTEKrQqWP7Mvy_SS65vjRP0LanzApuvL_lSLHL2E9MT-vjBASJ2F8hgYgi_mLVE7dYkZu78DzdngQyZAxkbB7j5YeA', 'EC-9ER55299VW268063U', NULL, 272, '2022-08-25', '2022-08-27', 2, 20, 20, 221000.00, '2022-08-17 10:39:51', '2022-08-17 10:39:51'),
(115, 'PAYID-ML6MQHA3GU38617AW144280W', 'A21AAKzrTEKrQqWP7Mvy_SS65vjRP0LanzApuvL_lSLHL2E9MT-vjBASJ2F8hgYgi_mLVE7dYkZu78DzdngQyZAxkbB7j5YeA', 'EC-1VS05604CL318225W', 1, 512, '2022-08-17', '2022-08-18', 1, 1, 2147483647, 301.00, '2022-08-17 10:51:08', '2022-08-17 10:51:08'),
(116, 'PAYID-ML6OP2A3K732736GE900225F', 'A21AAKPVOlWtz37wCL4XKOv2mFHL-RlD7hE3NiVx3ql8xOnRKQSG5cMl4poilzedLWJQOFuyp0uWxeZCAL3NcqtYX7eadmF6Q', 'EC-6DW83602D4141925H', 1, 491, '2022-08-17', '2022-08-18', 1, 4, 2147483647, 1101.00, '2022-08-17 13:06:48', '2022-08-17 13:06:48'),
(117, 'PAYID-ML6OP4Q9YD22352FL805902M', 'A21AAKPVOlWtz37wCL4XKOv2mFHL-RlD7hE3NiVx3ql8xOnRKQSG5cMl4poilzedLWJQOFuyp0uWxeZCAL3NcqtYX7eadmF6Q', 'EC-08A04968MX686690T', 1, 491, '2022-08-17', '2022-08-18', 1, 4, 2147483647, 1101.00, '2022-08-17 13:06:59', '2022-08-17 13:06:59'),
(118, 'PAYID-ML6OZWY2WK693903F862932T', 'A21AAKPVOlWtz37wCL4XKOv2mFHL-RlD7hE3NiVx3ql8xOnRKQSG5cMl4poilzedLWJQOFuyp0uWxeZCAL3NcqtYX7eadmF6Q', 'EC-47919142JK680644A', 1, 273, '2022-08-17', '2022-08-18', 1, 20, 20, 121000.00, '2022-08-17 13:27:55', '2022-08-17 13:27:55'),
(119, 'PAYID-ML64HRA5K147974KL213112G', 'A21AAK0FVtUlUhwsL6Dj5iipK5G7b8OBShywxCxNjB45jKViLBiV5tB6OjgzGWSCy8ZI20Qym6ZGXQs1QdTRrrMd-wFWag_jA', 'EC-4862527848063215B', NULL, 272, '2022-09-06', '2022-09-08', 2, 20, 20, 221000.00, '2022-08-18 04:44:52', '2022-08-18 04:44:52'),
(120, 'PAYID-ML6423Q4LF657859R897164V', 'A21AAIioSH9rVcCy7_dRGYRqW8fr8UGDC6Fpv85-18L8CMYkFfpJQrY5pGnnjoeBlxjObPESojy2ZGr-mHZyKtBoTOFtVdhpQ', 'EC-94497167UP6775906', 1, 273, '2022-08-18', '2022-08-19', 1, 20, 20, 121000.00, '2022-08-18 05:26:07', '2022-08-18 05:26:07'),
(121, 'PAYID-ML66KFY0M971945G2432130E', 'A21AAL_SNHfk9EUc1aWfFW3h62cqvwBcpUOvS_2hqN58OtmrQtD2VtKMxPPQ93Q4QPYk9u5POfCgIuAb2J21klCosCmceC6Mw', 'EC-3HW159970K297243S', 1, 362, '2022-08-18', '2022-08-19', 1, 5, 1, 457.00, '2022-08-18 07:07:03', '2022-08-18 07:07:03'),
(122, 'PAYID-ML7BRQQ70C13288NC906433T', 'A21AALo0b4lvcdp3ycnQ8ErbJawOdgYQLUhQRUfu8vWBmj_N9sZkFpW6_XcwVx84rIQIo2dr65OzlHZE8QXpl1hoMGdClYoRg', 'EC-1V336868X5632813C', 1, 487, '2022-08-18', '2022-08-19', 1, 4, 2147483647, 5201.00, '2022-08-18 10:47:30', '2022-08-18 10:47:30'),
(123, 'PAYID-ML7BW4Q1GE69656PS382415T', 'A21AALo0b4lvcdp3ycnQ8ErbJawOdgYQLUhQRUfu8vWBmj_N9sZkFpW6_XcwVx84rIQIo2dr65OzlHZE8QXpl1hoMGdClYoRg', 'EC-47T37991FG3473304', 1, 482, '2022-08-18', '2022-08-19', 1, 2, 2147483647, 1021.00, '2022-08-18 10:58:58', '2022-08-18 10:58:58'),
(124, 'PAYID-ML7DQJA7GY79844PP336982V', 'A21AAJNVBthqprwijYZASCfYZSifwzRMfcqAktYvKsbhLfQ9rUpreAV7uhbYVkwnyRQvFzpxZrJnGgKTwZqPfYOKLtu0T0yqA', 'EC-00L38251RC5580418', 1, 272, '2022-08-18', '2022-08-19', 1, 20, 20, 121000.00, '2022-08-18 13:01:24', '2022-08-18 13:01:24'),
(125, 'PAYID-ML7DRJY10474698HD364000P', 'A21AAJNVBthqprwijYZASCfYZSifwzRMfcqAktYvKsbhLfQ9rUpreAV7uhbYVkwnyRQvFzpxZrJnGgKTwZqPfYOKLtu0T0yqA', 'EC-0PP48342Y49564746', 1, 492, '2022-08-18', '2022-08-19', 1, 4, 2147483647, 1101.00, '2022-08-18 13:03:35', '2022-08-18 13:03:35'),
(126, 'PAYID-ML7DV5A1R7416601W139804L', 'A21AAJNVBthqprwijYZASCfYZSifwzRMfcqAktYvKsbhLfQ9rUpreAV7uhbYVkwnyRQvFzpxZrJnGgKTwZqPfYOKLtu0T0yqA', 'EC-4NG33226FS5569532', 1, 492, '2022-08-18', '2022-08-19', 1, 4, 2147483647, 1101.00, '2022-08-18 13:13:25', '2022-08-18 13:13:25'),
(127, 'PAYID-ML7DW6Y7FA49347DG791660C', 'A21AAJNVBthqprwijYZASCfYZSifwzRMfcqAktYvKsbhLfQ9rUpreAV7uhbYVkwnyRQvFzpxZrJnGgKTwZqPfYOKLtu0T0yqA', 'EC-9VT44281FC8496146', 1, 273, '2022-08-18', '2022-08-19', 1, 20, 20, 121000.00, '2022-08-18 13:15:39', '2022-08-18 13:15:39'),
(128, 'PAYID-ML7DX2I5EW48396GS047422M', 'A21AAJNVBthqprwijYZASCfYZSifwzRMfcqAktYvKsbhLfQ9rUpreAV7uhbYVkwnyRQvFzpxZrJnGgKTwZqPfYOKLtu0T0yqA', 'EC-8BL73924UW856814K', 1, 526, '2022-08-18', '2022-08-19', 1, 5, 2147483647, 601.00, '2022-08-18 13:17:29', '2022-08-18 13:17:29'),
(129, 'PAYID-ML7RVNQ73E77759332919428', 'A21AALleKdts4wgobC66ReYWh-S9nUvTCa6itdW6dJfuqtQO-GA5BvJ6HDwUi_t3ozuqXs3Fge3iZT5_BOt5G_NJNKnMqRoQA', 'EC-1D325526U2018444Y', 1, 490, '2022-08-19', '2022-08-20', 1, 2, 2147483647, 701.00, '2022-08-19 05:08:06', '2022-08-19 05:08:06'),
(130, 'PAYID-ML7R2MI64N11103CN458231G', 'A21AALleKdts4wgobC66ReYWh-S9nUvTCa6itdW6dJfuqtQO-GA5BvJ6HDwUi_t3ozuqXs3Fge3iZT5_BOt5G_NJNKnMqRoQA', 'EC-8PT46482622426609', NULL, 490, '2022-08-19', '2022-08-20', 1, 2, 2147483647, 701.00, '2022-08-19 05:18:41', '2022-08-19 05:18:41'),
(131, 'PAYID-ML7USEA5B2245790V240704N', 'A21AAKpiiQ9gATPc2UWhuYWHI0a8tHxynCIWUsDYmh1c63lk4HB_i0a2fu--llejfvbKCJuP5_LXMsYD46Tx6z4WX1QQGLUqg', 'EC-4GK071485P190054W', 1, 273, '2022-08-19', '2022-08-20', 1, 20, 20, 121000.00, '2022-08-19 08:25:53', '2022-08-19 08:25:53'),
(132, 'PAYID-ML7VT3I4XN50664GF411112L', 'A21AAKiy4O1tVnG8CegmqYKsqDHBbEdJ2ml4D95U3MZTiQkJhi4_OI5H-Y4yIOvoDrBkvGCdswPucfoRX7i0xMopzw71eyU4g', 'EC-3GT91622RT104031K', 1, 540, '2022-08-19', '2022-08-20', 1, 1, 2147483647, 301.00, '2022-08-19 09:37:49', '2022-08-19 09:37:49'),
(133, 'PAYID-ML7XOKA5CT573609F6474443', 'A21AAJ9VsiBgml5fDO6ZVvCjk2Ybo-ffJqqenQyJg_tvQsycPhQIrKumi7mPckTTX0mIsAKbeCv50mqVDOsGsN8pBr8mToRQw', 'EC-2U752408E8262402Y', 1, 541, '2022-08-19', '2022-08-20', 1, 1, 2147483647, 301.00, '2022-08-19 11:42:33', '2022-08-19 11:42:33'),
(134, 'PAYID-MMBRJBA4Y7059609B239505F', 'A21AAJNr3Xppt5phRO3WPe-IAf3PEZPW7Xf1dnloRfEH7GtuhiZjE3ZVOTHwbrdTTOCnOwSBFbJ-CseGNctRNJRQJ-R2M4_xg', 'EC-6WX5834258355864F', 1, 273, '2022-08-22', '2022-08-23', 1, 20, 20, 121000.00, '2022-08-22 05:30:44', '2022-08-22 05:30:44'),
(135, 'PAYID-MMBR5CA6BY185563V718362R', 'A21AAJuvssnso3HkJRMHFKpIswvaDkzJJhVBi1g2aibdPurbp_ARchJ8Zi5W8XVQnlnc4SBZS6MSSz-a0d-yXEUoABpUUVrmw', 'EC-34C559314A379604D', NULL, 362, '2022-08-22', '2022-08-23', 1, 5, 1, 457.00, '2022-08-22 06:13:28', '2022-08-22 06:13:28'),
(136, 'PAYID-MMBSMVI0P129145N7000454X', 'A21AAJuvssnso3HkJRMHFKpIswvaDkzJJhVBi1g2aibdPurbp_ARchJ8Zi5W8XVQnlnc4SBZS6MSSz-a0d-yXEUoABpUUVrmw', 'EC-4BB57101JP9230349', 1, 362, '2022-08-22', '2022-08-23', 1, 5, 1, 457.00, '2022-08-22 06:46:45', '2022-08-22 06:46:45'),
(137, 'PAYID-MMBSO3Q3KW23786G2021454P', 'A21AAJuvssnso3HkJRMHFKpIswvaDkzJJhVBi1g2aibdPurbp_ARchJ8Zi5W8XVQnlnc4SBZS6MSSz-a0d-yXEUoABpUUVrmw', 'EC-684769019Y5990344', 1, 362, '2022-08-22', '2022-08-23', 1, 5, 1, 457.00, '2022-08-22 06:51:26', '2022-08-22 06:51:26'),
(138, 'PAYID-MMBSSJI4AB62008TN413801P', 'A21AAJuvssnso3HkJRMHFKpIswvaDkzJJhVBi1g2aibdPurbp_ARchJ8Zi5W8XVQnlnc4SBZS6MSSz-a0d-yXEUoABpUUVrmw', 'EC-9LE534078N1071303', 1, 362, '2022-08-22', '2022-08-23', 1, 5, 1, 457.00, '2022-08-22 06:58:45', '2022-08-22 06:58:45'),
(139, 'PAYID-MMBS7NQ8X595316M2031912L', 'A21AAJPpxswhVwh_Lotzk7qfgL8WLiye1WHD6M571ABE2zeSt87q1toMtXVl1ev2Q6S1Dlkxx-7eQIhGNfIGEZtOJqsMp9YNA', 'EC-3HE5865508861505K', 1, 272, '2022-09-12', '2022-09-15', 3, 20, 20, 321000.00, '2022-08-22 07:26:46', '2022-08-22 07:26:46'),
(140, 'PAYID-MMBUAWY82M53385WW8920410', 'A21AAIy-o8hipIjgjNPmuEi2OzC2_PR5JBH381jbkpEWkbmMo85tkuZa7f1LC0UDgP2mah1cok9ChehzWDIGs6hFdSsbpOZWg', 'EC-16S95299KG3387411', 1, 270, '2022-08-22', '2022-08-23', 1, 12, 23, 502.00, '2022-08-22 08:37:47', '2022-08-22 08:37:47'),
(141, 'PAYID-MMBUWDA46A98346XG387282F', 'A21AAKwPW-Qv5YHtApdWf0Vbz05153OHw0Dyeiv91l3Hl6Fu7y_iAKPK9VlHv2Gr82WZft7BjcHo-24wgFy9mUf_-UY4-Fb7g', 'EC-46P04496R0465620G', 1, 541, '2022-08-22', '2022-08-23', 1, 1, 2147483647, 301.00, '2022-08-22 09:23:24', '2022-08-22 09:23:24'),
(142, 'PAYID-MMBVPOQ85H306695V555863B', 'A21AAKa01rou3vEOYJEIC0IALDfSHW9MnafR6W8KIyEwAhIEY8GR3zs98o9_RZyzqZBemfiB3OWVTMfffXUnWVClPjcZicGXw', 'EC-5MX85982Y6556553V', NULL, 540, '2022-08-22', '2022-08-23', 1, 1, 2147483647, 301.00, '2022-08-22 10:17:31', '2022-08-22 10:17:31'),
(143, 'PAYID-MMBVQQA07G01654BL793962J', 'A21AAKa01rou3vEOYJEIC0IALDfSHW9MnafR6W8KIyEwAhIEY8GR3zs98o9_RZyzqZBemfiB3OWVTMfffXUnWVClPjcZicGXw', 'EC-4R5615336V641880K', 1, 540, '2022-08-22', '2022-08-23', 1, 1, 2147483647, 301.00, '2022-08-22 10:19:44', '2022-08-22 10:19:44'),
(144, 'PAYID-MMBV4OA1HD07237DM205480J', 'A21AAKa01rou3vEOYJEIC0IALDfSHW9MnafR6W8KIyEwAhIEY8GR3zs98o9_RZyzqZBemfiB3OWVTMfffXUnWVClPjcZicGXw', 'EC-4S035816676529902', 1, 323, '2022-08-22', '2022-08-23', 1, 5, 1234, 851.00, '2022-08-22 10:45:12', '2022-08-22 10:45:12'),
(145, 'PAYID-MMBXJEI14R61665KU977430E', 'A21AAKUcbtpiZ2vd-9iOTyzziiqxaGm5XRO25mhJeg3j7O3lmeO5-0jHGvN2V1MGpOOACI4tJJssFtQxNEk5VsmqM5lXnBS_g', 'EC-2W327016DH765452K', 1, 540, '2022-08-22', '2022-08-23', 1, 1, 2147483647, 301.00, '2022-08-22 12:20:33', '2022-08-22 12:20:33'),
(146, 'PAYID-MMBXKGA1PL59238FD340360C', 'A21AAKUcbtpiZ2vd-9iOTyzziiqxaGm5XRO25mhJeg3j7O3lmeO5-0jHGvN2V1MGpOOACI4tJJssFtQxNEk5VsmqM5lXnBS_g', 'EC-97617427DF446013V', 1, 570, '2022-08-22', '2022-08-23', 1, 1, 2147483647, 121.00, '2022-08-22 12:22:48', '2022-08-22 12:22:48'),
(147, 'PAYID-MMBXUNQ9W474614BC8504032', 'A21AAKUcbtpiZ2vd-9iOTyzziiqxaGm5XRO25mhJeg3j7O3lmeO5-0jHGvN2V1MGpOOACI4tJJssFtQxNEk5VsmqM5lXnBS_g', 'EC-8D264593SU029943E', 1, 542, '2022-08-22', '2022-08-23', 1, 1, 2147483647, 301.00, '2022-08-22 12:44:38', '2022-08-22 12:44:38'),
(148, 'PAYID-MMCHCTQ73N28645EN565083P', 'A21AAKmC2bbn7i1ka79qGgqcx41l9GyNUbPhETD9rgqNeKvobYxruB4i5KloeHqvzZXOU8gdbmIsQzk4qjiSe_SY9OZ4A9t5Q', 'EC-9CM063046A9626633', NULL, 575, '2022-08-23', '2022-08-24', 1, 1, 2147483647, 301.00, '2022-08-23 06:18:54', '2022-08-23 06:18:54'),
(149, 'PAYID-MMCHEHY3LA3639787775834L', 'A21AAKmC2bbn7i1ka79qGgqcx41l9GyNUbPhETD9rgqNeKvobYxruB4i5KloeHqvzZXOU8gdbmIsQzk4qjiSe_SY9OZ4A9t5Q', 'EC-94W02784WF1911847', 1, 270, '2022-08-23', '2022-08-24', 1, 12, 23, 502.00, '2022-08-23 06:22:23', '2022-08-23 06:22:23'),
(150, 'PAYID-MMCHPMY3WD16198UL496390B', 'A21AAKmC2bbn7i1ka79qGgqcx41l9GyNUbPhETD9rgqNeKvobYxruB4i5KloeHqvzZXOU8gdbmIsQzk4qjiSe_SY9OZ4A9t5Q', 'EC-1NP14061XV601191M', 1, 297, '2022-08-23', '2022-08-24', 1, 12, 20, 612.00, '2022-08-23 06:46:12', '2022-08-23 06:46:12'),
(151, 'PAYID-MMCJVEI5Y788728M85626502', 'A21AAJBA7TGnOo2Qx0W6C-E_s-DxtusuAmelfv0PK3K37SHmserWm5ubhAZOwpQOLW81XECxYPN5xYpRwoRbI4-jDxMJEpDyQ', 'EC-4HG2331562285203D', NULL, 578, '2022-08-23', '2022-08-24', 1, 1, 2147483647, 301.00, '2022-08-23 09:14:57', '2022-08-23 09:14:57'),
(152, 'PAYID-MMCJWMA6LA15328RE8689848', 'A21AAJBA7TGnOo2Qx0W6C-E_s-DxtusuAmelfv0PK3K37SHmserWm5ubhAZOwpQOLW81XECxYPN5xYpRwoRbI4-jDxMJEpDyQ', 'EC-0D4763991E762233P', NULL, 580, '2022-08-23', '2022-08-24', 1, 1, 2147483647, 701.00, '2022-08-23 09:17:36', '2022-08-23 09:17:36'),
(153, 'PAYID-MMCJYMQ2CN80660UD628984D', 'A21AAJBA7TGnOo2Qx0W6C-E_s-DxtusuAmelfv0PK3K37SHmserWm5ubhAZOwpQOLW81XECxYPN5xYpRwoRbI4-jDxMJEpDyQ', 'EC-80445724H0694454D', 1, 297, '2022-08-23', '2022-08-24', 1, 12, 20, 612.00, '2022-08-23 09:21:55', '2022-08-23 09:21:55'),
(154, 'PAYID-MMCJZVQ9AL12612EB8668038', 'A21AAJBA7TGnOo2Qx0W6C-E_s-DxtusuAmelfv0PK3K37SHmserWm5ubhAZOwpQOLW81XECxYPN5xYpRwoRbI4-jDxMJEpDyQ', 'EC-2L424646M3872730S', 1, 367, '2022-08-23', '2022-08-24', 1, 2, 2147483647, 701.00, '2022-08-23 09:24:38', '2022-08-23 09:24:38'),
(155, 'PAYID-MMC3GNQ8AS24448X7474853X', 'A21AAKtXIdAuAbmesAimWIYTdfCiqYvuPIGKHPATL8IkblzdLzcH9vhaBesaJ5wSPKMFq0giks-GHim0lH7oV6ll_5Swn2jRQ', 'EC-5V1055363B2035233', 1, 273, '2022-08-24', '2022-08-25', 1, 20, 20, 121000.00, '2022-08-24 05:12:22', '2022-08-24 05:12:22'),
(156, 'PAYID-MMC3OQA3DT6963586186000J', 'A21AAKtXIdAuAbmesAimWIYTdfCiqYvuPIGKHPATL8IkblzdLzcH9vhaBesaJ5wSPKMFq0giks-GHim0lH7oV6ll_5Swn2jRQ', 'EC-7S64731843266741R', 1, 362, '2022-08-24', '2022-08-25', 1, 5, 1, 457.00, '2022-08-24 05:29:36', '2022-08-24 05:29:36'),
(157, 'PAYID-MMDALBA5K9498248N075091C', 'A21AALnJjT9tU3YK-BdUDpIq4YhMl1AbX4aHFX7xQBrMhwPMSv-6tslPDmny2nhobcfSZxgMzoPQbUnJ_c9j2sQHEifZraJMg', 'EC-11V57582YR569820T', 1, 586, '2022-08-24', '2022-08-25', 1, 1, 2147483647, 2101.00, '2022-08-24 11:03:32', '2022-08-24 11:03:32'),
(158, 'PAYID-MMDANSA2KA57270N0558841C', 'A21AALnJjT9tU3YK-BdUDpIq4YhMl1AbX4aHFX7xQBrMhwPMSv-6tslPDmny2nhobcfSZxgMzoPQbUnJ_c9j2sQHEifZraJMg', 'EC-0C837775LK4173211', 1, 592, '2022-08-24', '2022-08-25', 1, 1, 2147483647, 701.00, '2022-08-24 11:08:56', '2022-08-24 11:08:56'),
(159, 'PAYID-MMDCNQA6CE57161SM613283D', 'A21AAKvEMFtuwdsc2W7mb9HkFHmpVcFuwpuGVuIp44lbc2Bm8p5j4JzILhr6Giwa6LPSVkYCGJbVqPmhzl4bYnKYVs4xV6fHA', 'EC-64255136ME030771T', 1, 323, '2022-08-24', '2022-08-25', 1, 5, 1234, 851.00, '2022-08-24 13:25:20', '2022-08-24 13:25:20'),
(160, 'PAYID-MMDCOOI75A34294SC2657336', 'A21AAKvEMFtuwdsc2W7mb9HkFHmpVcFuwpuGVuIp44lbc2Bm8p5j4JzILhr6Giwa6LPSVkYCGJbVqPmhzl4bYnKYVs4xV6fHA', 'EC-63S13945KS970750J', 1, 297, '2022-08-24', '2022-08-25', 1, 12, 20, 612.00, '2022-08-24 13:27:21', '2022-08-24 13:27:21'),
(161, 'PAYID-MMDQPHY7JY42313TS063080M', 'A21AAIXLR4Ugfg8phAMvpHmBGjwA0aegWmYIgOA5QqTmYOKPrrXMxKl6mzLbdZ3oAalCKXw7D4i2PpgHDpG0wpPtYgcpzlbxg', 'EC-0VD23494LA104215M', 1, 323, '2022-08-26', '2022-08-27', 1, 5, 1234, 851.00, '2022-08-25 05:24:47', '2022-08-25 05:24:47'),
(162, 'PAYID-MMDRVFI7R096183XM492782L', 'A21AAItPVcMhmgiOl-JjFriIP99i7XzXVF3WqM7QMVdnz0WjLpSO48jCVRIYLHthghQVdmAdz-2LKQZI95IoTz44-4E3Dq2gA', 'EC-9UX14060G2445971Y', 1, 403, '2022-08-26', '2022-08-27', 1, 2, 2147483647, 701.00, '2022-08-25 06:45:41', '2022-08-25 06:45:41'),
(163, 'PAYID-MMDTDKY7F276212D1023294S', 'A21AALtYPM7l8b6XZT0kUlhkDW_Ba1_Z7ZqzBBybN-4kuxYXi9QDNYSI-toLkpAHKrVw3yjRX2uzGUeuoGK9GG7uMMq7iRcWA', 'EC-6L3566394W3244928', 1, 403, '2022-08-25', '2022-08-26', 1, 2, 2147483647, 701.00, '2022-08-25 08:24:11', '2022-08-25 08:24:11'),
(164, 'PAYID-MMDUYXQ5KH237976J104961W', 'A21AAJir1EAi-rXXoUmMQWxtYzQmDjNTdlNPBDNGX212n69zWz0JIegRmIlLFQH7oFVKm-k3Jlgc0Lr6u8p6pRKjHwmdVoYzA', 'EC-79J95183YA1449541', 1, 540, '2022-08-25', '2022-08-26', 1, 1, 2147483647, 301.00, '2022-08-25 10:18:06', '2022-08-25 10:18:06'),
(165, 'PAYID-MMDVQDA3NM47388NA579770L', 'A21AAKnrMDJpEOsmVmYWrYoM9sHCRdrjQ0nbEtWc3lVaDO0aNEhgfnzmYAzuFPexBOoAv1xuYmWDrYv1cZh1QeVgwPshVoUew', 'EC-1BH43763KW8328543', 1, 406, '2022-08-25', '2022-08-26', 1, 12, 20, 2603.00, '2022-08-25 11:07:56', '2022-08-25 11:07:56'),
(166, 'PAYID-MMDWSYQ5J6185945F074843M', 'A21AALLXRFin0I8mqj291Ldq3d4UEWhqfCdMlWOQVQWC1ozeCIHhmwbJskwdqCCNMrd9OEiMmVlmE5hmgA7zswDhnLH7TVFcg', 'EC-74B021632C0251714', 1, 272, '2022-09-22', '2022-09-30', 8, 20, 20, 821000.00, '2022-08-25 12:21:54', '2022-08-25 12:21:54'),
(167, 'PAYID-MMDXJ2I72P24692TU286553D', 'A21AAKoNMoUhBbtGd32qrd0m7mKoYj8RAQFvD5lsuDFohm08L4uYO1SjxMQM998noE-KajZL7BnWphMnb-_ltG-LaYf63JA4w', 'EC-7RG797746A981592X', 1, 406, '2022-08-25', '2022-08-26', 1, 12, 20, 2603.00, '2022-08-25 13:11:05', '2022-08-25 13:11:05'),
(168, 'PAYID-MMDXMXQ1595265167192115V', 'A21AAKoNMoUhBbtGd32qrd0m7mKoYj8RAQFvD5lsuDFohm08L4uYO1SjxMQM998noE-KajZL7BnWphMnb-_ltG-LaYf63JA4w', 'EC-0W2693069R8006235', 1, 622, '2022-08-25', '2022-08-26', 1, 1, 2147483647, 301.00, '2022-08-25 13:17:18', '2022-08-25 13:17:18'),
(169, 'PAYID-MMEFSDA8H489532UJ3121634', 'A21AALSdE0om1WQ84zwcS2CZNhZ7NZx0g0mTu0xHuaOKNkFy2fNaLLEIBwuheiRRN-WydOG32u7SpvM-MmzisePE1GssrH7LQ', 'EC-9VN420446K927610M', 1, 273, '2022-08-26', '2022-08-27', 1, 20, 20, 121000.00, '2022-08-26 05:24:28', '2022-08-26 05:24:28'),
(170, 'PAYID-MMEFUUI1KD88448P2155360L', 'A21AALSdE0om1WQ84zwcS2CZNhZ7NZx0g0mTu0xHuaOKNkFy2fNaLLEIBwuheiRRN-WydOG32u7SpvM-MmzisePE1GssrH7LQ', 'EC-09M5468517030562D', 1, 297, '2022-08-26', '2022-08-27', 1, 12, 20, 612.00, '2022-08-26 05:29:53', '2022-08-26 05:29:53'),
(171, 'PAYID-MMEGVMI51W45297UF6129158', 'A21AAJEQgEuvZEzL2lAjYYkpk8zQgOG3BnEB1kvvmGuo-xr9LjXzBwwYxnfJbQMReeVvcDtxQpaB7a00p0VWXkEya0yyJrYSA', 'EC-3HD95250L7026002H', 1, 626, '2022-08-26', '2022-08-27', 1, 1, 2147483647, 301.00, '2022-08-26 06:39:45', '2022-08-26 06:39:45'),
(172, 'PAYID-MMEG6DI33E05553292454224', 'A21AAJEQgEuvZEzL2lAjYYkpk8zQgOG3BnEB1kvvmGuo-xr9LjXzBwwYxnfJbQMReeVvcDtxQpaB7a00p0VWXkEya0yyJrYSA', 'EC-19548572RS435005R', 1, 633, '2022-08-26', '2022-08-27', 1, 1, 2147483647, 301.00, '2022-08-26 06:58:21', '2022-08-26 06:58:21'),
(173, 'PAYID-MMEKSXY2RK70519XF720730J', 'A21AAJWzcr2rwe7X8Gj1vYicJbpmDn9ECrrRjkhzNKT3-2TwqhvepdEivk6YDedURiA8jt7mhbqGSyv30-HZGFv9JtBVvH9vg', 'EC-08U12688E46568920', 1, 323, '2022-08-26', '2022-08-27', 1, 5, 1234, 851.00, '2022-08-26 11:07:12', '2022-08-26 11:07:12'),
(174, 'PAYID-MMELMCA8AF37976PR950520S', 'A21AAI6zjdapIeodg6lP_PoqBv4nY0bUETHBtdp96I9VrTtiK58sjCDOua9dNxdTk154H28dTFDPhXla6ZRHXcsKv2vYXNRrw', 'EC-7B332308NK865550K', 1, 270, '2022-08-26', '2022-08-27', 1, 12, 23, 502.00, '2022-08-26 12:01:13', '2022-08-26 12:01:13'),
(175, 'PAYID-MME543Y5K3484321F125841J', 'A21AAI_5xF0uP3H52kEqyjmoKSSjOJ2_hHkQsRdSIhlo_tvyGzUy0T0ysv6E8m4WR6V8nt6n957ICoTXD-DcVyxqgRReMHwLQ', 'EC-626069629X369483V', 1, 362, '2022-09-07', '2022-09-10', 3, 5, 1, 1169.00, '2022-08-27 09:05:51', '2022-08-27 09:05:51'),
(176, 'PAYID-MME7Q5A01878354LJ753152E', 'A21AALBkr0JuULDWvdMFDVQJs8nnWB1Zo9WD0cYm73IP5pUm4BvSUNkJ9kQN1f_y1HV61tRxWWj5_vfaAZv9AkfUIeZ2WVeXg', 'EC-64J77874Y69121346', NULL, 270, '2022-09-07', '2022-09-10', 3, 12, 23, 1502.00, '2022-08-27 10:56:52', '2022-08-27 10:56:52'),
(177, 'PAYID-MMFAJ2Q97W356037B7598908', 'A21AAJe0oeSokC9418Hz_M9spOJKlSPmdvm9K0uXK3ed8fSSZuDy1haRV_MrT94jg0iFbnuap8rgxnvOu4KkfTAsiQCyNZvvA', 'EC-5A2113149H251164H', 1, 272, '2022-10-11', '2022-10-12', 1, 20, 20, 121000.00, '2022-08-27 11:50:02', '2022-08-27 11:50:02');

-- --------------------------------------------------------

--
-- Table structure for table `space_categories`
--

CREATE TABLE `space_categories` (
  `scat_id` int(11) NOT NULL,
  `category_name` varchar(255) COLLATE utf8_unicode_ci NOT NULL,
  `space_cat_image` varchar(255) COLLATE utf8_unicode_ci DEFAULT NULL,
  `details` varchar(255) COLLATE utf8_unicode_ci DEFAULT NULL,
  `status` int(11) NOT NULL DEFAULT 1,
  `created_at` datetime NOT NULL,
  `updated_at` timestamp NOT NULL DEFAULT current_timestamp() ON UPDATE current_timestamp()
) ENGINE=InnoDB DEFAULT CHARSET=utf8 COLLATE=utf8_unicode_ci;

--
-- Dumping data for table `space_categories`
--

INSERT INTO `space_categories` (`scat_id`, `category_name`, `space_cat_image`, `details`, `status`, `created_at`, `updated_at`) VALUES
(23, 'Apartment', 'apartments-spaceCatImg-1659781884.png', NULL, 1, '2022-07-20 07:28:55', '2022-08-06 10:31:24'),
(24, 'B & B', 'private-room-spaceCatImg-1659781908.png', NULL, 1, '2022-07-20 07:29:07', '2022-08-06 10:31:48'),
(25, 'Cabin', 'cabin-spaceCatImg-1659781917.png', NULL, 1, '2022-07-20 07:29:17', '2022-08-06 10:31:57'),
(26, 'Condos', 'condos-spaceCatImg-1659781929.png', NULL, 1, '2022-07-20 07:29:24', '2022-08-06 10:32:09'),
(27, 'Coworking space', 'co-work-spaceCatImg-1659781938.png', NULL, 1, '2022-07-20 07:29:32', '2022-08-06 10:32:18'),
(28, 'Dorm', 'cabin-spaceCatImg-1659781974.png', NULL, 1, '2022-07-20 07:29:40', '2022-08-06 10:32:54'),
(29, 'House', 'house-spaceCatImg-1659781984.png', NULL, 1, '2022-07-20 07:29:46', '2022-08-06 10:33:04'),
(30, 'Villa', 'villa-spaceCatImg-1659781993.png', NULL, 1, '2022-07-20 07:29:55', '2022-08-06 10:33:13');

-- --------------------------------------------------------

--
-- Table structure for table `space_custom_details`
--

CREATE TABLE `space_custom_details` (
  `custom_id` int(11) NOT NULL,
  `custom_label` varchar(255) CHARACTER SET utf8 NOT NULL,
  `custom_quantity` int(11) NOT NULL,
  `space_id` int(11) NOT NULL,
  `status` tinyint(2) NOT NULL DEFAULT 1,
  `created_at` datetime NOT NULL DEFAULT current_timestamp(),
  `updated_at` timestamp NOT NULL DEFAULT current_timestamp()
) ENGINE=InnoDB DEFAULT CHARSET=utf8 COLLATE=utf8_unicode_ci;

--
-- Dumping data for table `space_custom_details`
--

INSERT INTO `space_custom_details` (`custom_id`, `custom_label`, `custom_quantity`, `space_id`, `status`, `created_at`, `updated_at`) VALUES
(151, 'Ayesha Zahid', 2, 473, 1, '2022-08-10 11:45:32', '2022-08-10 11:45:32');

-- --------------------------------------------------------

--
-- Table structure for table `space_extra_option`
--

CREATE TABLE `space_extra_option` (
  `ext_id` int(11) NOT NULL,
  `ext_opt_name` varchar(255) CHARACTER SET utf8 NOT NULL,
  `ext_opt_price` int(11) NOT NULL,
  `ext_opt_type` varchar(255) CHARACTER SET utf8 NOT NULL,
  `space_id` int(11) NOT NULL,
  `status` tinyint(2) NOT NULL DEFAULT 1,
  `created_at` datetime NOT NULL DEFAULT current_timestamp(),
  `updated_at` timestamp NOT NULL DEFAULT current_timestamp()
) ENGINE=InnoDB DEFAULT CHARSET=utf8 COLLATE=utf8_unicode_ci;

--
-- Dumping data for table `space_extra_option`
--

INSERT INTO `space_extra_option` (`ext_id`, `ext_opt_name`, `ext_opt_price`, `ext_opt_type`, `space_id`, `status`, `created_at`, `updated_at`) VALUES
(139, 'Extra bed', 500, 'single_fee', 473, 1, '2022-08-10 11:45:32', '2022-08-10 11:45:32');

-- --------------------------------------------------------

--
-- Table structure for table `space_features`
--

CREATE TABLE `space_features` (
  `id` int(11) NOT NULL,
  `space_id` int(11) NOT NULL,
  `space_feature_id` int(11) NOT NULL,
  `status` int(11) NOT NULL,
  `created_at` datetime NOT NULL,
  `updated_at` timestamp NOT NULL DEFAULT current_timestamp() ON UPDATE current_timestamp()
) ENGINE=InnoDB DEFAULT CHARSET=utf8 COLLATE=utf8_unicode_ci;

--
-- Dumping data for table `space_features`
--

INSERT INTO `space_features` (`id`, `space_id`, `space_feature_id`, `status`, `created_at`, `updated_at`) VALUES
(394, 473, 27, 1, '2022-08-10 11:45:32', '2022-08-10 11:45:32'),
(395, 473, 29, 1, '2022-08-10 11:45:32', '2022-08-10 11:45:32'),
(396, 473, 28, 1, '2022-08-10 11:45:32', '2022-08-10 11:45:32'),
(397, 473, 26, 1, '2022-08-10 11:45:32', '2022-08-10 11:45:32');

-- --------------------------------------------------------

--
-- Table structure for table `space_features_list`
--

CREATE TABLE `space_features_list` (
  `space_feature_id` int(11) NOT NULL,
  `space_feature_name` varchar(255) COLLATE utf8_unicode_ci NOT NULL,
  `status` int(11) NOT NULL,
  `created_at` datetime NOT NULL,
  `updated_at` timestamp NOT NULL DEFAULT current_timestamp() ON UPDATE current_timestamp()
) ENGINE=InnoDB DEFAULT CHARSET=utf8 COLLATE=utf8_unicode_ci;

--
-- Dumping data for table `space_features_list`
--

INSERT INTO `space_features_list` (`space_feature_id`, `space_feature_name`, `status`, `created_at`, `updated_at`) VALUES
(1, 'Air Conditioner', 1, '2022-06-09 05:14:04', '2022-06-09 05:14:04'),
(2, 'Bar / Restaurant', 1, '2022-06-09 05:14:13', '2022-06-23 09:54:13'),
(3, 'Breakfast Included', 1, '2022-06-09 05:14:26', '2022-06-09 05:14:26'),
(4, 'Doorman', 1, '2022-06-09 05:14:34', '2022-06-09 05:14:34'),
(5, 'Dryer', 1, '2022-06-09 05:14:45', '2022-06-09 05:14:45'),
(6, 'Elevator in Building', 1, '2022-06-09 05:14:51', '2022-06-09 05:14:51'),
(7, 'Essentials', 1, '2022-06-09 05:15:01', '2022-06-09 05:15:01'),
(8, 'Family/Kid Friendly', 1, '2022-06-09 05:15:24', '2022-06-09 05:16:02'),
(9, 'Fax', 1, '2022-06-09 05:16:19', '2022-06-09 05:16:19'),
(10, 'Free Parking on Premises', 1, '2022-06-09 05:16:30', '2022-06-09 05:16:30'),
(11, 'Gym', 1, '2022-06-09 05:16:43', '2022-06-09 05:16:43'),
(12, 'Hand Sanitizer', 1, '2022-06-09 05:16:55', '2022-06-09 05:16:55'),
(13, 'Heating', 1, '2022-06-09 05:17:04', '2022-06-09 05:17:04'),
(14, 'Hot Tub', 1, '2022-06-09 05:17:11', '2022-06-09 05:17:11'),
(15, 'Indoor Fireplace', 1, '2022-06-09 05:17:21', '2022-06-09 05:17:21'),
(16, 'Kitchen', 1, '2022-06-09 05:17:30', '2022-06-09 05:17:30'),
(17, 'Masks', 1, '2022-06-09 05:17:39', '2022-06-09 05:17:39'),
(18, 'Mineral Water', 1, '2022-06-09 05:17:45', '2022-06-09 05:17:45'),
(19, 'Non Smoking', 1, '2022-06-09 05:17:54', '2022-06-09 05:17:54'),
(20, 'Pets Allowed', 1, '2022-06-09 05:18:02', '2022-06-09 05:18:02'),
(21, 'Pool', 1, '2022-06-09 05:18:14', '2022-06-09 05:18:14'),
(22, 'Projector(s)', 1, '2022-06-09 05:18:21', '2022-06-09 05:18:21'),
(23, 'Sanitized facility', 1, '2022-06-09 05:18:35', '2022-06-09 05:18:35'),
(24, 'Scanner/Printer', 1, '2022-06-09 05:18:44', '2022-06-23 09:49:09'),
(25, 'Smoking Allowed', 1, '2022-06-09 05:18:55', '2022-06-09 05:18:55'),
(26, 'Suitable for Events', 1, '2022-06-09 05:19:02', '2022-06-09 05:19:02'),
(27, 'TV', 1, '2022-06-09 05:19:13', '2022-06-09 05:19:13'),
(28, 'Wheelchair Accessible', 1, '2022-06-09 05:19:21', '2022-06-09 05:19:21'),
(29, 'Wireless Internet', 1, '2022-06-09 05:19:32', '2022-06-09 05:19:32');

-- --------------------------------------------------------

--
-- Table structure for table `space_gallery`
--

CREATE TABLE `space_gallery` (
  `id` int(11) NOT NULL,
  `space_id` int(11) NOT NULL,
  `image` varchar(255) COLLATE utf8_unicode_ci NOT NULL,
  `is_featured` int(11) NOT NULL DEFAULT 0 COMMENT '1=is_featured',
  `status` int(11) NOT NULL DEFAULT 1 COMMENT '"1" => default',
  `created_at` datetime NOT NULL,
  `updated_at` timestamp NOT NULL DEFAULT current_timestamp() ON UPDATE current_timestamp()
) ENGINE=InnoDB DEFAULT CHARSET=utf8 COLLATE=utf8_unicode_ci;

--
-- Dumping data for table `space_gallery`
--

INSERT INTO `space_gallery` (`id`, `space_id`, `image`, `is_featured`, `status`, `created_at`, `updated_at`) VALUES
(860, 473, '1660131932_pexels-donald-tong-189296.jpg', 0, 1, '2022-08-10 11:45:32', '2022-08-10 11:45:32'),
(861, 473, '1660131932_pexels-pixabay-164595.jpg', 0, 1, '2022-08-10 11:45:32', '2022-08-10 11:45:32'),
(862, 473, '1660131932_pexels-pixabay-258154.jpg', 0, 1, '2022-08-10 11:45:32', '2022-08-10 11:45:32'),
(863, 473, '1660131932_pexels-pixabay-271624.jpg', 0, 1, '2022-08-10 11:45:32', '2022-08-10 11:45:32'),
(864, 473, '1660131932_pexels-pixabay-271639.jpg', 0, 1, '2022-08-10 11:45:32', '2022-08-10 11:45:32');

-- --------------------------------------------------------

--
-- Table structure for table `space_sub_categories`
--

CREATE TABLE `space_sub_categories` (
  `sub_cat_id` int(11) NOT NULL,
  `sub_category_name` varchar(255) COLLATE utf8_unicode_ci NOT NULL,
  `details` varchar(255) COLLATE utf8_unicode_ci DEFAULT NULL,
  `status` int(11) NOT NULL DEFAULT 1,
  `created_at` datetime NOT NULL,
  `updated_at` timestamp NOT NULL DEFAULT current_timestamp() ON UPDATE current_timestamp()
) ENGINE=InnoDB DEFAULT CHARSET=utf8 COLLATE=utf8_unicode_ci;

--
-- Dumping data for table `space_sub_categories`
--

INSERT INTO `space_sub_categories` (`sub_cat_id`, `sub_category_name`, `details`, `status`, `created_at`, `updated_at`) VALUES
(10, 'Condos', 'Condos', 1, '2022-07-16 09:55:22', '2022-07-20 10:36:52'),
(11, 'Private Room with bath', NULL, 1, '2022-07-20 10:51:09', '2022-07-20 11:03:08'),
(13, 'Lower Portion', NULL, 1, '2022-07-20 11:04:23', '2022-07-26 10:27:36'),
(14, 'Upper Portion', NULL, 1, '2022-07-20 11:04:35', '2022-07-27 06:06:32');

-- --------------------------------------------------------

--
-- Table structure for table `tour_booking`
--

CREATE TABLE `tour_booking` (
  `id` int(11) NOT NULL,
  `tour_id` int(11) NOT NULL,
  `user_id` int(11) DEFAULT NULL,
  `total_amount` double(10,2) DEFAULT NULL,
  `payment_id` varchar(255) COLLATE utf8_unicode_ci DEFAULT NULL,
  `payment_token` varchar(255) COLLATE utf8_unicode_ci DEFAULT NULL,
  `payer_id` varchar(255) COLLATE utf8_unicode_ci DEFAULT NULL,
  `cancel_reason` varchar(255) COLLATE utf8_unicode_ci DEFAULT NULL,
  `cancel_details` text COLLATE utf8_unicode_ci DEFAULT NULL,
  `payment_type` varchar(255) COLLATE utf8_unicode_ci NOT NULL,
  `payment_status` varchar(255) COLLATE utf8_unicode_ci NOT NULL,
  `booking_status` enum('pending','processing','canceled','confirmed') COLLATE utf8_unicode_ci NOT NULL,
  `created_at` datetime NOT NULL,
  `updated_at` timestamp NOT NULL DEFAULT current_timestamp() ON UPDATE current_timestamp()
) ENGINE=InnoDB DEFAULT CHARSET=utf8 COLLATE=utf8_unicode_ci;

--
-- Dumping data for table `tour_booking`
--

INSERT INTO `tour_booking` (`id`, `tour_id`, `user_id`, `total_amount`, `payment_id`, `payment_token`, `payer_id`, `cancel_reason`, `cancel_details`, `payment_type`, `payment_status`, `booking_status`, `created_at`, `updated_at`) VALUES
(1, 54, 678, 2050.00, 'PAYID-MLR33DQ8J526278MA307715P', 'EC-80A10261HD8245451', 'ER72HMHPHXM3S', NULL, NULL, 'paypal', 'successful', 'pending', '2022-07-29 11:03:57', '2022-07-29 11:03:57'),
(2, 17, 678, 2012.00, 'PAYID-MLSMESQ3NG69609861195615', 'EC-7X7259430X469780T', 'ER72HMHPHXM3S', NULL, NULL, 'paypal', 'successful', 'pending', '2022-07-30 05:35:07', '2022-07-30 05:35:07'),
(3, 17, 678, 2012.00, 'PAYID-MLSMGYI6KL69953TE515735H', 'EC-3S1520945X567505A', 'ER72HMHPHXM3S', NULL, NULL, 'paypal', 'successful', 'pending', '2022-07-30 05:36:56', '2022-07-30 05:36:56'),
(4, 54, 689, 2050.00, 'PAYID-MLSMORI1NL20485RV369492S', 'EC-70E043442B062535L', '48GK5H7XDPGS2', NULL, NULL, 'paypal', 'successful', 'pending', '2022-07-30 06:00:44', '2022-07-30 06:00:44'),
(5, 19, 837, 0.00, 'PAYID-MLSQGDY2L039118TB994930X', 'EC-3GV52299N6111972R', 'ER72HMHPHXM3S', NULL, NULL, 'paypal', 'successful', 'pending', '2022-07-30 10:09:04', '2022-07-30 10:09:04'),
(6, 50, 967, 2019.00, 'PAYID-MLSRUIQ9P627268XB159533G', 'EC-4KG115322X308302T', 'ER72HMHPHXM3S', NULL, NULL, 'paypal', 'successful', 'pending', '2022-07-30 11:47:08', '2022-07-30 11:47:08'),
(7, 73, 689, 2020.00, 'PAYID-MLSR2BY6PN50230XE0700403', 'EC-7WU10006TR475832X', '48GK5H7XDPGS2', NULL, NULL, 'paypal', 'successful', 'pending', '2022-07-30 11:59:31', '2022-07-30 11:59:31'),
(8, 54, 967, 2050.00, 'PAYID-MLSSMDA3E779708V8907322Y', 'EC-5JS25254S0376945M', 'ER72HMHPHXM3S', NULL, NULL, 'paypal', 'successful', 'pending', '2022-07-30 12:39:00', '2022-07-30 12:39:00'),
(9, 52, 967, 0.00, 'PAYID-MLSSPNQ3W795485VH673952B', 'EC-8AP743637U584994V', 'ER72HMHPHXM3S', NULL, NULL, 'paypal', 'successful', 'pending', '2022-07-30 12:45:08', '2022-07-30 12:45:08'),
(10, 52, 837, 0.00, 'PAYID-MLSSZIY0FV22575YW2067001', 'EC-7VF18483K36927540', 'ER72HMHPHXM3S', NULL, NULL, 'paypal', 'successful', 'pending', '2022-07-30 13:06:15', '2022-07-30 13:06:15'),
(11, 54, 837, 2050.00, 'PAYID-MLTV4QY6JM27173GB097280J', 'EC-6M331299S3697192K', 'ER72HMHPHXM3S', NULL, NULL, 'paypal', 'successful', 'pending', '2022-08-01 05:03:06', '2022-08-01 05:03:06'),
(12, 73, 837, 2020.00, 'PAYID-MLTXGOA83L15233FR906484E', 'EC-6WS10938HN8371438', 'ER72HMHPHXM3S', NULL, NULL, 'paypal', 'successful', 'pending', '2022-08-01 06:31:45', '2022-08-01 06:31:45'),
(13, 19, 689, 22385.00, 'PAYID-MLT4SEQ8JP63804GL058274V', 'EC-4DW602774F648234H', '48GK5H7XDPGS2', NULL, NULL, 'paypal', 'successful', 'pending', '2022-08-01 12:38:22', '2022-08-01 12:38:22'),
(14, 19, 689, 22385.00, 'PAYID-MLT4SEQ8JP63804GL058274V', 'EC-4DW602774F648234H', '48GK5H7XDPGS2', NULL, NULL, 'paypal', 'successful', 'pending', '2022-08-01 12:42:28', '2022-08-01 12:42:28'),
(15, 19, 689, 22385.00, 'PAYID-MLT4SEQ8JP63804GL058274V', 'EC-4DW602774F648234H', '48GK5H7XDPGS2', NULL, NULL, 'paypal', 'successful', 'pending', '2022-08-01 12:45:13', '2022-08-01 12:45:13'),
(16, 19, 689, 22385.00, 'PAYID-MLT4SEQ8JP63804GL058274V', 'EC-4DW602774F648234H', '48GK5H7XDPGS2', NULL, NULL, 'paypal', 'successful', 'pending', '2022-08-01 12:47:47', '2022-08-01 12:47:47'),
(17, 19, 689, 22385.00, 'PAYID-MLT4SEQ8JP63804GL058274V', 'EC-4DW602774F648234H', '48GK5H7XDPGS2', NULL, NULL, 'paypal', 'successful', 'pending', '2022-08-01 12:47:58', '2022-08-01 12:47:58'),
(18, 19, 689, 22385.00, 'PAYID-MLT4SEQ8JP63804GL058274V', 'EC-4DW602774F648234H', '48GK5H7XDPGS2', NULL, NULL, 'paypal', 'successful', 'pending', '2022-08-01 12:49:32', '2022-08-01 12:49:32'),
(19, 19, 689, 22385.00, 'PAYID-MLT4SEQ8JP63804GL058274V', 'EC-4DW602774F648234H', '48GK5H7XDPGS2', NULL, NULL, 'paypal', 'successful', 'pending', '2022-08-01 12:50:40', '2022-08-01 12:50:40'),
(20, 19, 689, 22385.00, 'PAYID-MLT4SEQ8JP63804GL058274V', 'EC-4DW602774F648234H', '48GK5H7XDPGS2', NULL, NULL, 'paypal', 'successful', 'pending', '2022-08-01 12:50:50', '2022-08-01 12:50:50'),
(21, 19, 689, 22385.00, 'PAYID-MLT4SEQ8JP63804GL058274V', 'EC-4DW602774F648234H', '48GK5H7XDPGS2', NULL, NULL, 'paypal', 'successful', 'pending', '2022-08-01 12:51:09', '2022-08-01 12:51:09'),
(22, 19, 689, 22385.00, 'PAYID-MLT4SEQ8JP63804GL058274V', 'EC-4DW602774F648234H', '48GK5H7XDPGS2', NULL, NULL, 'paypal', 'successful', 'pending', '2022-08-01 12:53:02', '2022-08-01 12:53:02'),
(23, 19, 689, 22385.00, 'PAYID-MLT4SEQ8JP63804GL058274V', 'EC-4DW602774F648234H', '48GK5H7XDPGS2', NULL, NULL, 'paypal', 'successful', 'pending', '2022-08-01 12:54:17', '2022-08-01 12:54:17'),
(24, 19, 689, 22385.00, 'PAYID-MLT4SEQ8JP63804GL058274V', 'EC-4DW602774F648234H', '48GK5H7XDPGS2', NULL, NULL, 'paypal', 'successful', 'pending', '2022-08-01 12:55:08', '2022-08-01 12:55:08'),
(25, 53, 837, 25000.00, 'PAYID-MLULIWY8ED2434558118764F', 'EC-8VF189925D165054X', 'ER72HMHPHXM3S', NULL, NULL, 'paypal', 'successful', 'pending', '2022-08-02 05:22:21', '2022-08-02 05:22:21'),
(26, 50, 678, 190000.00, 'PAYID-MLUPB7Y77545031L35476049', 'EC-5H3257317R7661343', 'ER72HMHPHXM3S', NULL, NULL, 'paypal', 'successful', 'pending', '2022-08-02 09:41:02', '2022-08-02 09:41:02'),
(27, 52, 678, 52250.00, 'PAYID-MLUR43I5XY623220F650561T', 'EC-4WR81009V0026292F', 'ER72HMHPHXM3S', NULL, NULL, 'paypal', 'successful', 'pending', '2022-08-02 12:54:34', '2022-08-02 12:54:34'),
(28, 54, 678, 50000.00, 'PAYID-MLVFAXI28K45185VP442015N', 'EC-1YF629384H095793W', 'ER72HMHPHXM3S', NULL, NULL, 'paypal', 'successful', 'pending', '2022-08-03 10:39:49', '2022-08-03 10:39:49'),
(29, 104, 678, 15000.00, 'PAYID-MLVVXUQ3C742331MY063723W', 'EC-0D073584TG6761807', 'ER72HMHPHXM3S', NULL, NULL, 'paypal', 'successful', 'pending', '2022-08-04 05:41:07', '2022-08-04 05:41:07'),
(30, 106, 678, 10000.00, 'PAYID-MLVWJRA28157637C4764101W', 'EC-94P63837KN0805014', 'ER72HMHPHXM3S', NULL, NULL, 'paypal', 'successful', 'pending', '2022-08-04 06:19:17', '2022-08-04 06:19:17'),
(31, 108, 837, 10000.00, 'PAYID-MLVYOCI8L299148PT348650V', 'EC-1UW87925DT806291Y', 'ER72HMHPHXM3S', NULL, NULL, 'paypal', 'successful', 'pending', '2022-08-04 08:45:19', '2022-08-04 08:45:19'),
(32, 110, 837, 10000.00, 'PAYID-MLVZGZQ90S0472770960543H', 'EC-32906615R7786552U', 'ER72HMHPHXM3S', NULL, NULL, 'paypal', 'successful', 'pending', '2022-08-04 09:38:36', '2022-08-04 09:38:36'),
(33, 73, 877, 20000.00, 'PAYID-MLWQEJA4XA26423HU0476808', 'EC-6SE095693P364422C', 'ER72HMHPHXM3S', NULL, NULL, 'paypal', 'successful', 'pending', '2022-08-05 11:43:00', '2022-08-05 11:43:00'),
(34, 73, 678, 20000.00, 'PAYID-MLXA3HY78W41825MS016953S', 'EC-95F91600809853330', 'ER72HMHPHXM3S', NULL, NULL, 'paypal', 'successful', 'pending', '2022-08-06 06:44:05', '2022-08-06 06:44:05'),
(35, 51, 678, 225000.00, 'PAYID-MLXGB4A5Y18003149859644R', 'EC-34P73730DR383720X', 'ER72HMHPHXM3S', NULL, NULL, 'paypal', 'successful', 'pending', '2022-08-06 12:39:45', '2022-08-06 12:39:45'),
(36, 120, 837, 15000.00, 'PAYID-MLZAJKA98297993JA073771J', 'EC-1JG71186XT204280U', 'ER72HMHPHXM3S', NULL, NULL, 'paypal', 'successful', 'pending', '2022-08-09 06:54:55', '2022-08-09 06:54:55'),
(37, 20, 837, 29000.00, 'PAYID-MLZBU6A4B267773XJ5958641', 'EC-1XD582909V415442H', 'ER72HMHPHXM3S', NULL, NULL, 'paypal', 'successful', 'pending', '2022-08-09 08:28:15', '2022-08-09 08:28:15'),
(38, 120, 837, 15000.00, 'PAYID-MLZBXAQ6444340801706911V', 'EC-67M15376RB769950V', 'ER72HMHPHXM3S', NULL, NULL, 'paypal', 'successful', 'pending', '2022-08-09 08:32:27', '2022-08-09 08:32:27'),
(39, 122, 678, 5000.00, 'PAYID-MLZDPLA4HV71477F4304590J', 'EC-36M58668NT981115B', 'ER72HMHPHXM3S', NULL, NULL, 'paypal', 'successful', 'pending', '2022-08-09 10:32:59', '2022-08-09 10:32:59'),
(40, 18, 837, 9950.00, 'PAYID-MLZDWQA23704123KV7129017', 'EC-4B0527563U592472E', 'ER72HMHPHXM3S', NULL, NULL, 'paypal', 'successful', 'pending', '2022-08-09 10:47:52', '2022-08-09 10:47:52'),
(41, 122, 837, 5000.00, 'PAYID-MLZFFDI8JH472061Y4843016', 'EC-8MS62001R2192901N', 'ER72HMHPHXM3S', NULL, NULL, 'paypal', 'successful', 'pending', '2022-08-09 12:27:15', '2022-08-09 12:27:15'),
(42, 129, 837, 15000.00, 'PAYID-MLZVBYI33J54414JF9919319', 'EC-6P285050BF564803E', 'ER72HMHPHXM3S', NULL, NULL, 'paypal', 'successful', 'pending', '2022-08-10 06:32:22', '2022-08-10 06:32:22'),
(43, 127, 837, 10000.00, 'PAYID-MLZWWFA99A61295Y4428110Y', 'EC-3WK604557U599101D', 'ER72HMHPHXM3S', NULL, NULL, 'paypal', 'successful', 'pending', '2022-08-10 08:24:10', '2022-08-10 08:24:10'),
(44, 128, 837, 15000.00, 'PAYID-MLZW75A62L41028NR4400724', 'EC-4T075870PA914152P', 'ER72HMHPHXM3S', NULL, NULL, 'paypal', 'successful', 'pending', '2022-08-10 08:45:06', '2022-08-10 08:45:06'),
(45, 128, 837, 15000.00, 'PAYID-MLZXCXY9CH98280SA101412A', 'EC-61F71638FT395770V', 'ER72HMHPHXM3S', NULL, NULL, 'paypal', 'successful', 'pending', '2022-08-10 08:51:00', '2022-08-10 08:51:00'),
(46, 52, 678, 52250.00, 'PAYID-MLZYXQY1DF965644A441951P', 'EC-1X541595BG031402H', 'ER72HMHPHXM3S', NULL, NULL, 'paypal', 'successful', 'pending', '2022-08-10 10:43:47', '2022-08-10 10:43:47'),
(47, 53, 837, 25000.00, 'PAYID-MLZ2SGQ00B52813Y4836773A', 'EC-9722037920335845V', 'ER72HMHPHXM3S', NULL, NULL, 'paypal', 'successful', 'pending', '2022-08-10 12:48:50', '2022-08-10 12:48:50'),
(48, 54, 837, 50000.00, 'PAYID-ML5SCDA4F312583VT092082G', 'EC-70085189ND187472S', 'ER72HMHPHXM3S', NULL, NULL, 'paypal', 'successful', 'pending', '2022-08-16 04:46:28', '2022-08-16 04:46:28'),
(49, 53, 837, 25000.00, 'PAYID-ML5VFAI7J72581467077230V', 'EC-2JL52933DP108651A', 'ER72HMHPHXM3S', NULL, NULL, 'paypal', 'successful', 'pending', '2022-08-16 08:17:28', '2022-08-16 08:17:28'),
(50, 54, 837, 50000.00, 'PAYID-ML5WN4Q30U44004GS940461L', 'EC-46U16904JF1734715', 'ER72HMHPHXM3S', NULL, NULL, 'paypal', 'successful', 'pending', '2022-08-16 09:44:52', '2022-08-16 09:44:52'),
(51, 53, 837, 25000.00, 'PAYID-ML5ZKCY5SS15781GL150583T', 'EC-0KX1768598772101U', 'ER72HMHPHXM3S', NULL, NULL, 'paypal', 'successful', 'pending', '2022-08-16 13:01:23', '2022-08-16 13:01:23'),
(52, 52, 837, 52250.00, 'PAYID-ML6HUYI3L7640579B784525P', 'EC-0MH84972J2030711X', 'ER72HMHPHXM3S', NULL, NULL, 'paypal', 'successful', 'pending', '2022-08-17 05:19:54', '2022-08-17 05:19:54'),
(53, 152, 837, 10000.00, 'PAYID-ML6MOXA9UK97068V1094621P', 'EC-96163397067728624', 'ER72HMHPHXM3S', NULL, NULL, 'paypal', 'successful', 'pending', '2022-08-17 10:48:24', '2022-08-17 10:48:24'),
(54, 54, 837, 50000.00, 'PAYID-ML6OQZQ7XE30576V7529051W', 'EC-86P97908YY288622E', 'ER72HMHPHXM3S', NULL, NULL, 'paypal', 'successful', 'pending', '2022-08-17 13:09:28', '2022-08-17 13:09:28'),
(55, 54, 837, 50000.00, 'PAYID-ML64Z3Q7RD10305PV7129711', 'EC-57J84776E2160191E', 'ER72HMHPHXM3S', NULL, NULL, 'paypal', 'successful', 'pending', '2022-08-18 05:24:24', '2022-08-18 05:24:24'),
(56, 54, 837, 50000.00, 'PAYID-ML7BWHA0NK53095Y19258819', 'EC-55892062XX9569043', 'ER72HMHPHXM3S', NULL, NULL, 'paypal', 'successful', 'pending', '2022-08-18 10:57:56', '2022-08-18 10:57:56'),
(57, 54, 837, 50000.00, 'PAYID-ML7UQYI4XF49756K1989781G', 'EC-9A579960AM204550B', 'ER72HMHPHXM3S', NULL, NULL, 'paypal', 'successful', 'pending', '2022-08-19 08:23:47', '2022-08-19 08:23:47'),
(58, 54, 837, 50000.00, 'PAYID-ML7URRA7H96911877411471M', 'EC-5UK45300M8392110X', 'ER72HMHPHXM3S', NULL, NULL, 'paypal', 'successful', 'pending', '2022-08-19 08:25:02', '2022-08-19 08:25:02'),
(59, 53, 837, 25000.00, 'PAYID-ML7US2A8FT2063944661424T', 'EC-28N04685J5873430N', 'ER72HMHPHXM3S', NULL, NULL, 'paypal', 'successful', 'pending', '2022-08-19 08:27:47', '2022-08-19 08:27:47'),
(60, 54, 837, 50000.00, 'PAYID-ML7VTAA8MD50873T2955564A', 'EC-42121682YB604861W', 'ER72HMHPHXM3S', NULL, NULL, 'paypal', 'successful', 'pending', '2022-08-19 09:36:43', '2022-08-19 09:36:43'),
(61, 18, 837, 9950.00, 'PAYID-ML7VWII38H71500LN4679846', 'EC-8HV311804K468370W', 'ER72HMHPHXM3S', NULL, NULL, 'paypal', 'successful', 'pending', '2022-08-19 09:43:22', '2022-08-19 09:43:22'),
(62, 54, 837, 50000.00, 'PAYID-MMBREDA14F772103P9938305', 'EC-8T516446NG440064G', 'ER72HMHPHXM3S', NULL, NULL, 'paypal', 'successful', 'pending', '2022-08-22 05:20:59', '2022-08-22 05:20:59'),
(63, 50, 837, 190000.00, 'PAYID-MMBRXMA5YB8905958693605P', 'EC-7T289088TG8751540', 'ER72HMHPHXM3S', NULL, NULL, 'paypal', 'successful', 'pending', '2022-08-22 06:01:59', '2022-08-22 06:01:59'),
(64, 53, 837, 25000.00, 'PAYID-MMBSQ7A5BE28102SX6855014', 'EC-47J83469860301910', 'ER72HMHPHXM3S', NULL, NULL, 'paypal', 'successful', 'pending', '2022-08-22 06:56:23', '2022-08-22 06:56:23'),
(65, 54, 837, 50000.00, 'PAYID-MMBSR3Q0CH15307M5532000R', 'EC-34L608471L577890S', 'ER72HMHPHXM3S', NULL, NULL, 'paypal', 'successful', 'pending', '2022-08-22 06:58:13', '2022-08-22 06:58:13'),
(66, 54, 833, 50000.00, 'PAYID-MMBULVY7BG39139764338251', 'EC-00H280527V7316907', 'ER72HMHPHXM3S', NULL, NULL, 'paypal', 'successful', 'pending', '2022-08-22 09:01:36', '2022-08-22 09:01:36'),
(67, 179, 837, 10000.00, 'PAYID-MMBUURI8WK58507077798437', 'EC-8G552892XN510233U', 'ER72HMHPHXM3S', NULL, NULL, 'paypal', 'successful', 'pending', '2022-08-22 09:20:31', '2022-08-22 09:20:31'),
(68, 53, 837, 25000.00, 'PAYID-MMBV3JY1P7512005T650681J', 'EC-0FT86556ML562923E', 'ER72HMHPHXM3S', NULL, NULL, 'paypal', 'successful', 'pending', '2022-08-22 10:43:11', '2022-08-22 10:43:11'),
(69, 179, 837, 10000.00, 'PAYID-MMBV33Y44H02590V83446644', 'EC-24F35318T0254890A', 'ER72HMHPHXM3S', NULL, NULL, 'paypal', 'successful', 'pending', '2022-08-22 10:44:23', '2022-08-22 10:44:23'),
(70, 53, 837, 25000.00, 'PAYID-MMBWBGI6VV11074S9152474Y', 'EC-98E073660L822121F', 'ER72HMHPHXM3S', NULL, NULL, 'paypal', 'successful', 'pending', '2022-08-22 10:55:43', '2022-08-22 10:55:43'),
(71, 54, 837, 50000.00, 'PAYID-MMBXWBQ1HB86931NP767005J', 'EC-8GH00641YF2276208', 'ER72HMHPHXM3S', NULL, NULL, 'paypal', 'successful', 'pending', '2022-08-22 12:48:30', '2022-08-22 12:48:30'),
(72, 53, 837, 25000.00, 'PAYID-MMBXYSQ3X360030EH788961K', 'EC-4Y19385787332123U', 'ER72HMHPHXM3S', NULL, NULL, 'paypal', 'successful', 'pending', '2022-08-22 12:53:57', '2022-08-22 12:53:57'),
(73, 52, 837, 52250.00, 'PAYID-MMBXZ6Q0HS813461F511743V', 'EC-7NM37457LB7396440', 'ER72HMHPHXM3S', NULL, NULL, 'paypal', 'successful', 'pending', '2022-08-22 12:56:48', '2022-08-22 12:56:48'),
(74, 52, 837, 52250.00, 'PAYID-MMBYB4Q2CS2236615172154M', 'EC-1ME74119XS889052Y', 'ER72HMHPHXM3S', NULL, NULL, 'paypal', 'successful', 'pending', '2022-08-22 13:13:50', '2022-08-22 13:13:50'),
(75, 51, 837, 225000.00, 'PAYID-MMCFX2Q3CL92354J5602811W', 'EC-19952140JA610205M', 'ER72HMHPHXM3S', NULL, NULL, 'paypal', 'successful', 'pending', '2022-08-23 04:48:02', '2022-08-23 04:48:02'),
(76, 21, 837, 51000.00, 'PAYID-MMCHL5Q61R73990TP716754B', 'EC-44B00653W1585711V', 'ER72HMHPHXM3S', NULL, NULL, 'paypal', 'successful', 'pending', '2022-08-23 06:39:20', '2022-08-23 06:39:20'),
(77, 51, 837, 225000.00, 'PAYID-MMCHMRA05Y794975G972003Y', 'EC-25J55871G4797244G', 'ER72HMHPHXM3S', NULL, NULL, 'paypal', 'successful', 'pending', '2022-08-23 06:40:28', '2022-08-23 06:40:28'),
(78, 50, 678, 190000.00, 'PAYID-MMCIZ4Q7DV05753AH898143U', 'EC-2AY793222M419093Y', 'ER72HMHPHXM3S', NULL, NULL, 'paypal', 'successful', 'pending', '2022-08-23 08:17:28', '2022-08-23 08:17:28'),
(79, 52, 678, 52250.00, 'PAYID-MMCI2VI4PA37876GX851045F', 'EC-5YP72139GR011125B', 'ER72HMHPHXM3S', NULL, NULL, 'paypal', 'successful', 'pending', '2022-08-23 08:18:51', '2022-08-23 08:18:51'),
(80, 54, 678, 4555.00, 'PAYID-MMCLEPI842179582V585000R', 'EC-3623657217952725F', 'ER72HMHPHXM3S', NULL, NULL, 'paypal', 'successful', 'pending', '2022-08-23 10:56:31', '2022-08-23 10:56:31'),
(81, 192, 837, 10000.00, 'PAYID-MMC33JQ7VD37598KG691522A', 'EC-3X073631GK4806314', 'ER72HMHPHXM3S', NULL, NULL, 'paypal', 'successful', 'pending', '2022-08-24 05:57:15', '2022-08-24 05:57:15'),
(82, 190, 837, 1000.00, 'PAYID-MMC36JA2H994122J8885260B', 'EC-7TF53111FL8556054', 'ER72HMHPHXM3S', NULL, NULL, 'paypal', 'successful', 'pending', '2022-08-24 06:03:39', '2022-08-24 06:03:39'),
(83, 190, 837, 1000.00, 'PAYID-MMC37WY9XE373317S853001F', 'EC-8TV28599CE508184X', 'ER72HMHPHXM3S', NULL, NULL, 'paypal', 'successful', 'pending', '2022-08-24 06:06:42', '2022-08-24 06:06:42'),
(84, 192, 837, 10000.00, 'PAYID-MMC4HOQ917045396V701343Y', 'EC-50V22250RT6889028', 'ER72HMHPHXM3S', NULL, NULL, 'paypal', 'successful', 'pending', '2022-08-24 06:23:25', '2022-08-24 06:23:25'),
(85, 190, 877, 1000.00, 'PAYID-MMC4I7A0RV45338JD071715M', 'EC-0TH09431YA211115N', 'ER72HMHPHXM3S', NULL, NULL, 'paypal', 'successful', 'pending', '2022-08-24 06:26:33', '2022-08-24 06:26:33'),
(86, 192, 837, 10000.00, 'PAYID-MMC4KPI66F5560730413810U', 'EC-4F923777FY554150P', 'ER72HMHPHXM3S', NULL, NULL, 'paypal', 'successful', 'pending', '2022-08-24 06:29:40', '2022-08-24 06:29:40'),
(87, 190, 837, 1000.00, 'PAYID-MMC4LVQ7WE29043BH614024L', 'EC-9AJ732614D7752234', 'ER72HMHPHXM3S', NULL, NULL, 'paypal', 'successful', 'pending', '2022-08-24 06:32:13', '2022-08-24 06:32:13'),
(88, 188, 837, 45.00, 'PAYID-MMC4MDI5YN36700D39294628', 'EC-5XX42100L7425944A', 'ER72HMHPHXM3S', NULL, NULL, 'paypal', 'successful', 'pending', '2022-08-24 06:32:57', '2022-08-24 06:32:57'),
(89, 190, 837, 1000.00, 'PAYID-MMC4MQY4DL50691HP1027923', 'EC-85S367018P700094H', 'ER72HMHPHXM3S', NULL, NULL, 'paypal', 'successful', 'pending', '2022-08-24 06:34:07', '2022-08-24 06:34:07'),
(90, 54, 837, 4555.00, 'PAYID-MMC4P3I3GK86545GA3155807', 'EC-66N54472RU442254V', 'ER72HMHPHXM3S', NULL, NULL, 'paypal', 'successful', 'pending', '2022-08-24 06:41:07', '2022-08-24 06:41:07'),
(91, 54, 837, 4555.00, 'PAYID-MMC4SDI18G186683H6123241', 'EC-3G594988T0577532J', 'ER72HMHPHXM3S', NULL, NULL, 'paypal', 'successful', 'pending', '2022-08-24 06:45:56', '2022-08-24 06:45:56'),
(92, 188, 837, 45.00, 'PAYID-MMC7LWI47W96255CW104801B', 'EC-53402312C3447644U', 'ER72HMHPHXM3S', NULL, NULL, 'paypal', 'successful', 'pending', '2022-08-24 09:57:05', '2022-08-24 09:57:05'),
(93, 190, 837, 1000.00, 'PAYID-MMDBG5I4DS46777PC8636353', 'EC-86R78366YE207294G', 'ER72HMHPHXM3S', NULL, NULL, 'paypal', 'successful', 'pending', '2022-08-24 12:04:31', '2022-08-24 12:04:31'),
(94, 190, 837, 1000.00, 'PAYID-MMDCKUQ7148710404153871W', 'EC-2EY019660F7821024', 'ER72HMHPHXM3S', NULL, NULL, 'paypal', 'successful', 'pending', '2022-08-24 13:19:37', '2022-08-24 13:19:37'),
(95, 190, 837, 1000.00, 'PAYID-MMDCLDI5CN276345Y580612P', 'EC-2WF37372YC817162G', 'ER72HMHPHXM3S', NULL, NULL, 'paypal', 'successful', 'pending', '2022-08-24 13:20:37', '2022-08-24 13:20:37'),
(96, 190, 678, 1000.00, 'PAYID-MMDCLYY64K171232A552181K', 'EC-3PG22358LB612514L', 'ER72HMHPHXM3S', NULL, NULL, 'paypal', 'successful', 'pending', '2022-08-24 13:22:13', '2022-08-24 13:22:13'),
(97, 190, 837, 1000.00, 'PAYID-MMDCPBQ0LF2387056818800A', 'EC-84A39920BB481250D', 'ER72HMHPHXM3S', NULL, NULL, 'paypal', 'successful', 'pending', '2022-08-24 13:29:01', '2022-08-24 13:29:01'),
(98, 190, 837, 1000.00, 'PAYID-MMDCPOA8P710242R6611262X', 'EC-64U2593373415580R', 'ER72HMHPHXM3S', NULL, NULL, 'paypal', 'successful', 'pending', '2022-08-24 13:29:50', '2022-08-24 13:29:50'),
(99, 190, 678, 1000.00, 'PAYID-MMDCQBI1R380269BK671342E', 'EC-1E275265U5683682B', 'ER72HMHPHXM3S', NULL, NULL, 'paypal', 'successful', 'pending', '2022-08-24 13:31:06', '2022-08-24 13:31:06'),
(100, 190, 837, 1000.00, 'PAYID-MMDCR6Q39J84723TG543953A', 'EC-5FT789172F920630G', 'ER72HMHPHXM3S', NULL, NULL, 'paypal', 'successful', 'pending', '2022-08-24 13:35:21', '2022-08-24 13:35:21'),
(101, 190, 837, 1000.00, 'PAYID-MMDCSWA7G197097W75825819', 'EC-45X67760MU725515R', 'ER72HMHPHXM3S', NULL, NULL, 'paypal', 'successful', 'pending', '2022-08-24 13:36:45', '2022-08-24 13:36:45'),
(102, 190, 678, 1000.00, 'PAYID-MMDCTJI00995667661413203', 'EC-4PH64553FM5529426', 'ER72HMHPHXM3S', NULL, NULL, 'paypal', 'successful', 'pending', '2022-08-24 13:38:11', '2022-08-24 13:38:11'),
(103, 190, 837, 1000.00, 'PAYID-MMDQN5Y1A011020PH146150N', 'EC-7MB412010S115230P', 'ER72HMHPHXM3S', NULL, NULL, 'paypal', 'successful', 'pending', '2022-08-25 05:22:20', '2022-08-25 05:22:20'),
(104, 190, 837, 1000.00, 'PAYID-MMDRT7A88F78153AT222150M', 'EC-9273274664747215U', 'ER72HMHPHXM3S', NULL, NULL, 'paypal', 'successful', 'pending', '2022-08-25 06:43:49', '2022-08-25 06:43:49'),
(105, 188, 837, 45.00, 'PAYID-MMDS76A5DW09569FP152461S', 'EC-2EY84142PN839805B', 'ER72HMHPHXM3S', NULL, NULL, 'paypal', 'successful', 'pending', '2022-08-25 08:17:18', '2022-08-25 08:17:18'),
(106, 188, 837, 45.00, 'PAYID-MMDTEIA9JJ80534XH720640R', 'EC-5GV46665AV2244217', 'ER72HMHPHXM3S', NULL, NULL, 'paypal', 'successful', 'pending', '2022-08-25 08:26:27', '2022-08-25 08:26:27'),
(107, 203, 837, 5000.00, 'PAYID-MMDTEYA2XX77226UF630450M', 'EC-7T3820438N447201E', 'ER72HMHPHXM3S', NULL, NULL, 'paypal', 'successful', 'pending', '2022-08-25 08:27:36', '2022-08-25 08:27:36'),
(108, 54, 837, 4555.00, 'PAYID-MMDU2AY0GX03681JY6507330', 'EC-4B188096WC9853345', 'ER72HMHPHXM3S', NULL, NULL, 'paypal', 'successful', 'pending', '2022-08-25 10:21:13', '2022-08-25 10:21:13'),
(109, 54, 837, 4555.00, 'PAYID-MMDVIJI2C978687GH183254V', 'EC-6M348192B6095510G', 'ER72HMHPHXM3S', NULL, NULL, 'paypal', 'successful', 'pending', '2022-08-25 10:51:52', '2022-08-25 10:51:52'),
(110, 188, 837, 45.00, 'PAYID-MMDVJ7I33E10452BV807044G', 'EC-25F66826CK939460T', 'ER72HMHPHXM3S', NULL, NULL, 'paypal', 'successful', 'pending', '2022-08-25 10:55:06', '2022-08-25 10:55:06'),
(111, 190, 837, 1000.00, 'PAYID-MMDVMAA5NN828894A646780W', 'EC-8AD87385WB251372A', 'ER72HMHPHXM3S', NULL, NULL, 'paypal', 'successful', 'pending', '2022-08-25 10:59:35', '2022-08-25 10:59:35'),
(112, 188, 837, 45.00, 'PAYID-MMDV6RY27708620XG2172623', 'EC-4E203841BT3029105', 'ER72HMHPHXM3S', NULL, NULL, 'paypal', 'successful', 'pending', '2022-08-25 11:39:10', '2022-08-25 11:39:10'),
(113, 54, 837, 4555.00, 'PAYID-MMDV7NI83N40026M6878781U', 'EC-04L35914DN4262917', 'ER72HMHPHXM3S', NULL, NULL, 'paypal', 'successful', 'pending', '2022-08-25 11:40:59', '2022-08-25 11:40:59'),
(114, 188, 837, 45.00, 'PAYID-MMDW4NY85U24585R6589831R', 'EC-20W27353NK934124U', 'ER72HMHPHXM3S', NULL, NULL, 'paypal', 'successful', 'pending', '2022-08-25 12:43:20', '2022-08-25 12:43:20'),
(115, 190, 837, 1000.00, 'PAYID-MMDXAHI1Y251900LV4516405', 'EC-4015395102118061K', 'ER72HMHPHXM3S', NULL, NULL, 'paypal', 'successful', 'pending', '2022-08-25 12:51:07', '2022-08-25 12:51:07'),
(116, 188, 837, 45.00, 'PAYID-MMDXI3Q8K697920163419507', 'EC-1T033478508729051', 'ER72HMHPHXM3S', NULL, NULL, 'paypal', 'successful', 'pending', '2022-08-25 13:09:15', '2022-08-25 13:09:15'),
(117, 54, 837, 4555.00, 'PAYID-MMDXK5Q77U31060AX183204J', 'EC-5YU54934U2264592V', 'ER72HMHPHXM3S', NULL, NULL, 'paypal', 'successful', 'pending', '2022-08-25 13:13:48', '2022-08-25 13:13:48'),
(118, 190, 837, 1000.00, 'PAYID-MMDXL3A73156819591815745', 'EC-5LJ704366D4949827', 'ER72HMHPHXM3S', NULL, NULL, 'paypal', 'successful', 'pending', '2022-08-25 13:15:46', '2022-08-25 13:15:46'),
(119, 188, 678, 45.00, 'PAYID-MMEFAGI513707063A6753832', 'EC-9BW85758A1560582W', 'ER72HMHPHXM3S', NULL, NULL, 'paypal', 'successful', 'pending', '2022-08-26 04:46:47', '2022-08-26 04:46:47'),
(120, 54, 837, 4555.00, 'PAYID-MMEFCKI6GB99836DJ516223C', 'EC-8LC68118N2674761V', 'ER72HMHPHXM3S', NULL, NULL, 'paypal', 'successful', 'pending', '2022-08-26 04:51:11', '2022-08-26 04:51:11'),
(121, 54, 837, 4555.00, 'PAYID-MMEFQ6Q8HU86777SL6103059', 'EC-1JX13279W0512472L', 'ER72HMHPHXM3S', NULL, NULL, 'paypal', 'successful', 'pending', '2022-08-26 05:22:42', '2022-08-26 05:22:42'),
(122, 188, 837, 45.00, 'PAYID-MMEFUAI3J31741382506681P', 'EC-9RY869116Y9681024', 'ER72HMHPHXM3S', NULL, NULL, 'paypal', 'successful', 'pending', '2022-08-26 05:28:44', '2022-08-26 05:28:44'),
(123, 214, 837, 5000.00, 'PAYID-MMEF5MA2HM99032BK7733521', 'EC-33D072223J295864X', 'ER72HMHPHXM3S', NULL, NULL, 'paypal', 'successful', 'pending', '2022-08-26 05:49:04', '2022-08-26 05:49:04'),
(124, 190, 837, 1000.00, 'PAYID-MMEGTXI0L8377245K354660A', 'EC-94V10916H5214825F', 'ER72HMHPHXM3S', NULL, NULL, 'paypal', 'successful', 'pending', '2022-08-26 06:36:37', '2022-08-26 06:36:37'),
(125, 188, 837, 45.00, 'PAYID-MMEGUMY1UM53802KA0877323', 'EC-9C707823JR1375221', 'ER72HMHPHXM3S', NULL, NULL, 'paypal', 'successful', 'pending', '2022-08-26 06:37:53', '2022-08-26 06:37:53'),
(126, 190, 837, 1000.00, 'PAYID-MMEG7LA3R165078VT311894T', 'EC-29887534XR348425L', 'ER72HMHPHXM3S', NULL, NULL, 'paypal', 'successful', 'pending', '2022-08-26 07:01:30', '2022-08-26 07:01:30'),
(127, 190, 837, 1000.00, 'PAYID-MMEJVBI3G780505NL739990N', 'EC-1AD865497L541734F', 'ER72HMHPHXM3S', NULL, NULL, 'paypal', 'successful', 'pending', '2022-08-26 10:04:27', '2022-08-26 10:04:27'),
(128, 54, 837, 4555.00, 'PAYID-MMELKTQ0TD58130H9409554W', 'EC-7JU66065D81436222', 'ER72HMHPHXM3S', NULL, NULL, 'paypal', 'successful', 'pending', '2022-08-26 11:58:36', '2022-08-26 11:58:36'),
(129, 190, 837, 1000.00, 'PAYID-MMHO2BY2BT76443BE721680U', 'EC-75L23789GK692604J', 'ER72HMHPHXM3S', NULL, NULL, 'paypal', 'successful', 'pending', '2022-08-31 05:09:46', '2022-08-31 05:09:46'),
(130, 190, 832, 1000.00, 'PAYID-MMIKPAY1N455706FD754342N', 'EC-5NK73314Y05131337', 'ER72HMHPHXM3S', NULL, NULL, 'paypal', 'successful', 'pending', '2022-09-01 12:37:37', '2022-09-03 07:18:43');

-- --------------------------------------------------------

--
-- Table structure for table `tour_booking_temp`
--

CREATE TABLE `tour_booking_temp` (
  `id` int(11) NOT NULL,
  `user_id` int(11) DEFAULT NULL,
  `payment_id` varchar(255) COLLATE utf8_unicode_ci DEFAULT NULL,
  `paccess_token` varchar(255) COLLATE utf8_unicode_ci DEFAULT NULL,
  `token_id` varchar(255) COLLATE utf8_unicode_ci DEFAULT NULL,
  `tour_id` int(11) DEFAULT NULL,
  `tour_start_date` date DEFAULT NULL,
  `tour_end_date` date DEFAULT NULL,
  `total_amount` double(10,2) DEFAULT NULL,
  `created_at` datetime NOT NULL,
  `updated_at` timestamp NOT NULL DEFAULT current_timestamp() ON UPDATE current_timestamp()
) ENGINE=InnoDB DEFAULT CHARSET=utf8 COLLATE=utf8_unicode_ci;

--
-- Dumping data for table `tour_booking_temp`
--

INSERT INTO `tour_booking_temp` (`id`, `user_id`, `payment_id`, `paccess_token`, `token_id`, `tour_id`, `tour_start_date`, `tour_end_date`, `total_amount`, `created_at`, `updated_at`) VALUES
(1, NULL, 'PAYID-MLR33DQ8J526278MA307715P', 'A21AAKK24S8iMbd6P1U_fPLgPvuGWrpuhLr4sMtxhktUEqXjVULdj5rH4OV6_PTcUKblTyz2aKYiD_F3GaYU7QaSyuuROqw6A', 'EC-80A10261HD8245451', 54, '2022-08-01', '2022-08-05', 99999999.99, '2022-07-29 10:59:26', '2022-07-29 10:59:26'),
(2, 1, 'PAYID-MLR5OSQ63G32423FU085093W', 'A21AAK7ZbCYo9Gvd4JwTdnK9BkM-maPghvqOEfcp-vTCWAKKoKndfsdgKuw198HlYIHSZf0lHnQDnE-1jtMwbWbJ4aIEbrO8A', 'EC-33H21337BU011733A', 52, '2022-08-10', '2022-08-15', 0.00, '2022-07-29 12:49:14', '2022-07-29 12:49:14'),
(3, NULL, 'PAYID-MLR5VLI73E18548DD103371K', 'A21AAKX4x0Jjnq3kTvEfcYc1AREYTaviYnG0Cr4Th8CP0LyWrKjI9njCl9VF7d9cBaDexRfhLDpGsp7-vjUqwujqW_lcfp8BQ', 'EC-7H258619RU523321X', 51, '2022-08-01', '2022-08-15', 0.00, '2022-07-29 13:03:41', '2022-07-29 13:03:41'),
(4, NULL, 'PAYID-MLSMENY6GT564878B5085026', 'A21AAI8zHzEqQbYv5pXyg075p8lS_Rx2N1yBcMXnIJokJs6bNPDVuXdAOW8IaX6Cabfx8lfU8iFqyaZeTWkEOMD-iN5PGeSIA', 'EC-5S1250192K529161L', 17, '2022-07-26', '2022-07-31', 99999999.99, '2022-07-30 05:31:35', '2022-07-30 05:31:35'),
(5, NULL, 'PAYID-MLSMESQ3NG69609861195615', 'A21AAI8zHzEqQbYv5pXyg075p8lS_Rx2N1yBcMXnIJokJs6bNPDVuXdAOW8IaX6Cabfx8lfU8iFqyaZeTWkEOMD-iN5PGeSIA', 'EC-7X7259430X469780T', 17, '2022-07-26', '2022-07-31', 99999999.99, '2022-07-30 05:31:54', '2022-07-30 05:31:54'),
(6, NULL, 'PAYID-MLSMGYI6KL69953TE515735H', 'A21AAI8zHzEqQbYv5pXyg075p8lS_Rx2N1yBcMXnIJokJs6bNPDVuXdAOW8IaX6Cabfx8lfU8iFqyaZeTWkEOMD-iN5PGeSIA', 'EC-3S1520945X567505A', 17, '2022-07-26', '2022-07-31', 99999999.99, '2022-07-30 05:36:33', '2022-07-30 05:36:33'),
(7, NULL, 'PAYID-MLSMORI1NL20485RV369492S', 'A21AAI8zHzEqQbYv5pXyg075p8lS_Rx2N1yBcMXnIJokJs6bNPDVuXdAOW8IaX6Cabfx8lfU8iFqyaZeTWkEOMD-iN5PGeSIA', 'EC-70E043442B062535L', 54, '2022-08-01', '2022-08-05', 99999999.99, '2022-07-30 05:53:09', '2022-07-30 05:53:09'),
(8, NULL, 'PAYID-MLSNEBI2FL07105GC3753914', 'A21AAKodHA7hHKi8ENdcNApiWT9bwCxbiaX8SeI36edT67ckJaM1eAdkChUvJF37m5IqYXK3rKe7vxeOSBBiPu0jNtRhi5DVw', 'EC-3A965599YX381025W', 73, '2022-07-27', '2022-08-03', 99999999.99, '2022-07-30 06:39:02', '2022-07-30 06:39:02'),
(9, 1, 'PAYID-MLSQGDY2L039118TB994930X', 'A21AAKnbSSyka4ZYdpUbIosb8YqhvRK4EklN6WHiIhuu7A-ZzEpwH-eJ2ocbwNkamXCHV-PEXDKy5u3HhYiiCQp0giNSadDvA', 'EC-3GV52299N6111972R', 19, '2022-08-01', '2022-08-05', 0.00, '2022-07-30 10:08:16', '2022-07-30 10:08:16'),
(10, 1, 'PAYID-MLSRUIQ9P627268XB159533G', 'A21AAJ-UhZCkAyw0sk2ttjSIn0iP7OLgIORsLdXQjtuDfVeo8vuDH8U5bGpG1Q3vDun0Fvn4-kyzx1Bpq8TKZBrhtUXio05DA', 'EC-4KG115322X308302T', 50, '2022-08-09', '2022-08-15', 99999999.99, '2022-07-30 11:46:43', '2022-07-30 11:46:43'),
(11, 1, 'PAYID-MLSRVDQ2YT56178PY343272T', 'A21AAJ-UhZCkAyw0sk2ttjSIn0iP7OLgIORsLdXQjtuDfVeo8vuDH8U5bGpG1Q3vDun0Fvn4-kyzx1Bpq8TKZBrhtUXio05DA', 'EC-4VG14840593986731', 73, '2022-07-27', '2022-08-03', 99999999.99, '2022-07-30 11:48:30', '2022-07-30 11:48:30'),
(12, NULL, 'PAYID-MLSR2BY6PN50230XE0700403', 'A21AAJ-UhZCkAyw0sk2ttjSIn0iP7OLgIORsLdXQjtuDfVeo8vuDH8U5bGpG1Q3vDun0Fvn4-kyzx1Bpq8TKZBrhtUXio05DA', 'EC-7WU10006TR475832X', 73, '2022-07-27', '2022-08-03', 99999999.99, '2022-07-30 11:59:03', '2022-07-30 11:59:03'),
(13, 1, 'PAYID-MLSSC5Y4X501486FS443645V', 'A21AALAsLRpvIMEeonJzPJEXtLvEN8ERxetDwN-PjezyLl32B8WlcwWu1jUJGZ92VXVHg3l4S27P_4n_-rLlkVq10jRNdAt-g', 'EC-74P83367W41598302', 18, '2022-07-31', '2022-08-03', 0.00, '2022-07-30 12:18:00', '2022-07-30 12:18:00'),
(14, 1, 'PAYID-MLSSJKQ1YP006553V936194P', 'A21AALAsLRpvIMEeonJzPJEXtLvEN8ERxetDwN-PjezyLl32B8WlcwWu1jUJGZ92VXVHg3l4S27P_4n_-rLlkVq10jRNdAt-g', 'EC-8TV00866C7086053P', 53, '2022-08-01', '2022-08-04', 99999999.99, '2022-07-30 12:31:38', '2022-07-30 12:31:38'),
(15, 1, 'PAYID-MLSSMDA3E779708V8907322Y', 'A21AALAsLRpvIMEeonJzPJEXtLvEN8ERxetDwN-PjezyLl32B8WlcwWu1jUJGZ92VXVHg3l4S27P_4n_-rLlkVq10jRNdAt-g', 'EC-5JS25254S0376945M', 54, '2022-08-01', '2022-08-05', 99999999.99, '2022-07-30 12:37:32', '2022-07-30 12:37:32'),
(16, 1, 'PAYID-MLSSPNQ3W795485VH673952B', 'A21AALAsLRpvIMEeonJzPJEXtLvEN8ERxetDwN-PjezyLl32B8WlcwWu1jUJGZ92VXVHg3l4S27P_4n_-rLlkVq10jRNdAt-g', 'EC-8AP743637U584994V', 52, '2022-08-10', '2022-08-15', 0.00, '2022-07-30 12:44:38', '2022-07-30 12:44:38'),
(17, 1, 'PAYID-MLSSSHQ40421171UA751523L', 'A21AALAsLRpvIMEeonJzPJEXtLvEN8ERxetDwN-PjezyLl32B8WlcwWu1jUJGZ92VXVHg3l4S27P_4n_-rLlkVq10jRNdAt-g', 'EC-9J645216LE7262139', 54, '2022-08-01', '2022-08-05', 99999999.99, '2022-07-30 12:50:38', '2022-07-30 12:50:38'),
(18, 1, 'PAYID-MLSSZIY0FV22575YW2067001', 'A21AALICfbRq5lMYd4rPHTRGgmBCrOpTkl8mOtT8OJuOTbCbjlw4QLSZOcbNqY576xhnAoUeqA-j9arIfUL5jRYrNAI8iPlYA', 'EC-7VF18483K36927540', 52, '2022-08-10', '2022-08-15', 0.00, '2022-07-30 13:05:39', '2022-07-30 13:05:39'),
(19, NULL, 'PAYID-MLSTDII33N85148GS4901904', 'A21AALICfbRq5lMYd4rPHTRGgmBCrOpTkl8mOtT8OJuOTbCbjlw4QLSZOcbNqY576xhnAoUeqA-j9arIfUL5jRYrNAI8iPlYA', 'EC-399049664R5159101', 53, '2022-08-01', '2022-08-04', 99999999.99, '2022-07-30 13:26:57', '2022-07-30 13:26:57'),
(20, 1, 'PAYID-MLTV4OI6B1715729G600104V', 'A21AAJU7278suCKmGBFvIiLEIYTN5jYgvTVil1gUAyAAZB902YiUkR6lfKI3o8DgEVpWp56OOBQaAq6ndaaIvajXHrwuwdBdA', 'EC-4DA38117MN166280C', 54, '2022-08-01', '2022-08-05', 99999999.99, '2022-08-01 05:01:46', '2022-08-01 05:01:46'),
(21, 1, 'PAYID-MLTV4QY6JM27173GB097280J', 'A21AAJU7278suCKmGBFvIiLEIYTN5jYgvTVil1gUAyAAZB902YiUkR6lfKI3o8DgEVpWp56OOBQaAq6ndaaIvajXHrwuwdBdA', 'EC-6M331299S3697192K', 54, '2022-08-01', '2022-08-05', 99999999.99, '2022-08-01 05:01:56', '2022-08-01 05:01:56'),
(22, NULL, 'PAYID-MLTXARY3CH45640Y09504824', 'A21AAKbn9fmnfKs8Hsnc6TatN9kTbhnsmydYTvLadRp1_GWkx0EnXXXsp3PgFDdLGlOzzqeyvl0eemfv2WVBi19pt3xYFRBOQ', 'EC-2K6332551A6293308', 20, '2022-08-01', '2022-08-06', 99999999.99, '2022-08-01 06:18:48', '2022-08-01 06:18:48'),
(23, 1, 'PAYID-MLTXGOA83L15233FR906484E', 'A21AAKbn9fmnfKs8Hsnc6TatN9kTbhnsmydYTvLadRp1_GWkx0EnXXXsp3PgFDdLGlOzzqeyvl0eemfv2WVBi19pt3xYFRBOQ', 'EC-6WS10938HN8371438', 73, '2022-07-27', '2022-08-03', 99999999.99, '2022-08-01 06:31:20', '2022-08-01 06:31:20'),
(24, NULL, 'PAYID-MLTZFHQ84R313275N769141R', 'A21AAIToTtZshIG0tk6aBsyigZ6Q1mg9yDpEQkIMhsLTcZCMyCbNT1gQ1WY8BQ31UWul7TwzbSSoi8H61NLJkg50U4NHGVlMQ', 'EC-6NT66332G7573893H', 54, '2022-08-01', '2022-08-05', 99999999.99, '2022-08-01 08:45:19', '2022-08-01 08:45:19'),
(25, NULL, 'PAYID-MLTZGAY8NN196243S155645P', 'A21AAIToTtZshIG0tk6aBsyigZ6Q1mg9yDpEQkIMhsLTcZCMyCbNT1gQ1WY8BQ31UWul7TwzbSSoi8H61NLJkg50U4NHGVlMQ', 'EC-6T55169007133304X', 53, '2022-08-01', '2022-08-04', 99999999.99, '2022-08-01 08:46:59', '2022-08-01 08:46:59'),
(26, NULL, 'PAYID-MLTZGXI6SU50970CG597984A', 'A21AAIToTtZshIG0tk6aBsyigZ6Q1mg9yDpEQkIMhsLTcZCMyCbNT1gQ1WY8BQ31UWul7TwzbSSoi8H61NLJkg50U4NHGVlMQ', 'EC-1V607296FF785313S', 54, '2022-08-01', '2022-08-05', 99999999.99, '2022-08-01 08:48:29', '2022-08-01 08:48:29'),
(27, 1, 'PAYID-MLTZMSY8MF562251Y437202X', 'A21AALoMOhunFeXTUpUyHMmmuxhXoinYqgJIHG1sjWyyizsQ8NmYF-y6COjzWWI0AxqaFpXgHGRAOiuildd6V4ERr0HWv3wZw', 'EC-46Y31237GP460043N', 52, '2022-08-10', '2022-08-15', 0.00, '2022-08-01 09:01:00', '2022-08-01 09:01:00'),
(28, NULL, 'PAYID-MLTZXGQ65D249652X667291L', 'A21AALoMOhunFeXTUpUyHMmmuxhXoinYqgJIHG1sjWyyizsQ8NmYF-y6COjzWWI0AxqaFpXgHGRAOiuildd6V4ERr0HWv3wZw', 'EC-4P269938FP948444X', 51, '2022-08-01', '2022-08-15', 0.00, '2022-08-01 09:23:39', '2022-08-01 09:23:39'),
(29, NULL, 'PAYID-MLTZ6TY3XH903779N231254V', 'A21AALoMOhunFeXTUpUyHMmmuxhXoinYqgJIHG1sjWyyizsQ8NmYF-y6COjzWWI0AxqaFpXgHGRAOiuildd6V4ERr0HWv3wZw', 'EC-0Y0600621D859645H', 19, '2022-08-01', '2022-08-05', 0.00, '2022-08-01 09:39:27', '2022-08-01 09:39:27'),
(30, NULL, 'PAYID-MLT2K3A3CM80489R0981080Y', 'A21AAIReSyxrlyR-YFd9H83E3K4TpJ7PCdtYG4L8k_T5lE457_gndwR5uipeg6OAFKZ9yTxOhjQc5BYdoLlxRu7uDCqB_yiuA', 'EC-0X8327256C591204F', 53, '2022-08-01', '2022-08-04', 99999999.99, '2022-08-01 10:05:32', '2022-08-01 10:05:32'),
(31, NULL, 'PAYID-MLT2NYI8FT94775FE980012H', 'A21AAIReSyxrlyR-YFd9H83E3K4TpJ7PCdtYG4L8k_T5lE457_gndwR5uipeg6OAFKZ9yTxOhjQc5BYdoLlxRu7uDCqB_yiuA', 'EC-3PH92680PH031433C', 53, '2022-08-01', '2022-08-04', 99999999.99, '2022-08-01 10:11:46', '2022-08-01 10:11:46'),
(32, NULL, 'PAYID-MLT4SEQ8JP63804GL058274V', 'A21AAIsfrI3sHDBkzde4S7wpdCt1jLiLxffw0wGGlerVLfyHPDJz5tsM5HpiSQqTUalElppWFyfeDudrSfOjhGsKy21__v6XQ', 'EC-4DW602774F648234H', 19, '2022-08-01', '2022-08-05', 22385.00, '2022-08-01 12:37:38', '2022-08-01 12:37:38'),
(33, NULL, 'PAYID-MLULEIQ4SB98238SF178202W', 'A21AAIUYJ4iiJp5Pl_l4o_fP5LoDmd21mZ2ccX-fGEyL2fOJa5-LkEpV-6M5iEOwAlDxh4E7Sia1nPAj5DZnmHS_J29aFZX_w', 'EC-7KG522909G582302V', 20, '2022-08-01', '2022-08-06', 29000.00, '2022-08-02 05:12:03', '2022-08-02 05:12:03'),
(34, 1, 'PAYID-MLULIWY8ED2434558118764F', 'A21AAIUYJ4iiJp5Pl_l4o_fP5LoDmd21mZ2ccX-fGEyL2fOJa5-LkEpV-6M5iEOwAlDxh4E7Sia1nPAj5DZnmHS_J29aFZX_w', 'EC-8VF189925D165054X', 53, '2022-08-01', '2022-08-04', 25000.00, '2022-08-02 05:21:32', '2022-08-02 05:21:32'),
(35, NULL, 'PAYID-MLUPB7Y77545031L35476049', 'A21AAJJD7TcqtFlLeNZaAMxCn6DFkFUhWPBGHBGnM02BvFgIO2574oQj58JMS955V6DQkpiFTR5YDiwNr_e_zNgcJxlrB1rrQ', 'EC-5H3257317R7661343', 50, '2022-08-09', '2022-08-15', 190000.00, '2022-08-02 09:40:15', '2022-08-02 09:40:15'),
(36, 1, 'PAYID-MLUPHPY7PT60672U1189912P', 'A21AAJJD7TcqtFlLeNZaAMxCn6DFkFUhWPBGHBGnM02BvFgIO2574oQj58JMS955V6DQkpiFTR5YDiwNr_e_zNgcJxlrB1rrQ', 'EC-8FJ98706JG766584T', 18, '2022-07-31', '2022-08-03', 9950.00, '2022-08-02 09:51:59', '2022-08-02 09:51:59'),
(37, NULL, 'PAYID-MLUR43I5XY623220F650561T', 'A21AALZtXiRipKasS5YRheJVXedzTkS7fnn0Xef63vGRAaArimqZZvP9S7Zt9-pG79gE7386nUI9JRfRQ0hPHP4xo4m6l2RHg', 'EC-4WR81009V0026292F', 52, '2022-08-10', '2022-08-15', 52250.00, '2022-08-02 12:54:05', '2022-08-02 12:54:05'),
(38, NULL, 'PAYID-MLUSJJQ67Y14769L5168071C', 'A21AAKhqIRusUh6QJsLOHsGcfcz7u8kkSe4UV5GNS59ZiAKxlkErcknJNqF78zVTNiOKu4ZLignEsEhke5a_KmB7H96sR-POQ', 'EC-6W541168S7991243R', 20, '2022-08-01', '2022-08-06', 29000.00, '2022-08-02 13:20:38', '2022-08-02 13:20:38'),
(39, NULL, 'PAYID-MLUSLJY0RH556582Y3209103', 'A21AAKhqIRusUh6QJsLOHsGcfcz7u8kkSe4UV5GNS59ZiAKxlkErcknJNqF78zVTNiOKu4ZLignEsEhke5a_KmB7H96sR-POQ', 'EC-62F91074V80783826', 52, '2022-08-10', '2022-08-15', 52250.00, '2022-08-02 13:24:56', '2022-08-02 13:24:56'),
(40, NULL, 'PAYID-MLVFAXI28K45185VP442015N', 'A21AAJNfhVxl080xxHH11Z_3-5wJ8sJocWx5zB6tpNdLBHwqShFndMwFQFtpXqP9M7J2tNnF00KVhdjKd0WxEkkgSIttYN3SA', 'EC-1YF629384H095793W', 54, '2022-08-01', '2022-08-05', 50000.00, '2022-08-03 10:39:25', '2022-08-03 10:39:25'),
(41, NULL, 'PAYID-MLVG5KQ5X106308LE4148116', 'A21AAKadt-jpx-7uV2VnuZwmF6cw9mFQF5WhzOI3WOfrwqPjBbQUKE_2inFk14mtBZ_AG27Gov2nGf8VXOZHkqvNokEmU2hJg', 'EC-72C08621L0221093W', 52, '2022-08-10', '2022-08-15', 52250.00, '2022-08-03 12:48:42', '2022-08-03 12:48:42'),
(42, NULL, 'PAYID-MLVVXUQ3C742331MY063723W', 'A21AAJ4XlBeoGVTAI3lSMgOkrfiAHyKFM8ZA9hemnXZMHpiLvS91IgDxzZbKmMsbPGj1WUR3rbiLw3oLFNB4pHi-SRTV2IWjQ', 'EC-0D073584TG6761807', 104, '2022-08-05', '2022-08-06', 15000.00, '2022-08-04 05:40:35', '2022-08-04 05:40:35'),
(43, NULL, 'PAYID-MLVWJRA28157637C4764101W', 'A21AAIazMo1vUVFQdsMTP5VdSdrmZKHt4QNvkvH4tj9gTYqKpBBA7koDbVxJI_4KU4kubNnu2n1GQ9d4kIxXbPEtD6pr5KwaQ', 'EC-94P63837KN0805014', 106, '2022-08-04', '2022-08-05', 10000.00, '2022-08-04 06:18:44', '2022-08-04 06:18:44'),
(44, 1, 'PAYID-MLVYOCI8L299148PT348650V', 'A21AAILJULJmj_u37K9m3dRi5ZSvquFwkHreJyW3z0BMdT1VIjb9DxKyLi9rEUd-U_q-H92ZwbpBmWfO5ypPAa_Y3iq_3yPBg', 'EC-1UW87925DT806291Y', 108, '2022-08-11', '2022-08-12', 10000.00, '2022-08-04 08:44:57', '2022-08-04 08:44:57'),
(45, 1, 'PAYID-MLVZGZQ90S0472770960543H', 'A21AAJ5c740jCcM-RksWw70Q8F_SelPVIIK2w8EMDrYoPiq2TfiyKQmJo85t4QZ1RK0uoYsSR2IpRUcosr2z7jcbuxyDpdCbQ', 'EC-32906615R7786552U', 110, '2022-08-05', '2022-08-08', 10000.00, '2022-08-04 09:37:42', '2022-08-04 09:37:42'),
(46, NULL, 'PAYID-MLVZ5JI1S952426TB462464Y', 'A21AAJyHTsvhi589BL358prKUIm9AWs2zeQlmkcpsD2bcaxOjg1eg0B63tjLzinL0KA9egFlrgODLBrHWs7WW5sIFN7u7T_4A', 'EC-0MY7505633174535V', 54, '2022-08-01', '2022-08-05', 50000.00, '2022-08-04 10:25:42', '2022-08-04 10:25:42'),
(47, NULL, 'PAYID-MLWNI2Q3B666169EM5958640', 'A21AAL7ZjDmgik4mAHbzlaCwI1AkS5tjgZhdQd0wJhgurV8tEb2aGLihERpKwdJXxDTd7TmuJFWq2odmNKQ9-sdxaTX7wtxKw', 'EC-9L736228TM6124731', 54, '2022-08-01', '2022-08-05', 50000.00, '2022-08-05 08:27:22', '2022-08-05 08:27:22'),
(48, 1, 'PAYID-MLWNQUY0882956752953093N', 'A21AAL7ZjDmgik4mAHbzlaCwI1AkS5tjgZhdQd0wJhgurV8tEb2aGLihERpKwdJXxDTd7TmuJFWq2odmNKQ9-sdxaTX7wtxKw', 'EC-54X17239YX038883G', 73, '2022-07-27', '2022-08-03', 20000.00, '2022-08-05 08:44:03', '2022-08-05 08:44:03'),
(49, 1, 'PAYID-MLWOR6I40T683183E6885820', 'A21AAKMWtKZnMC5SCxmDcX55dTKDjnLQsvjrNDtlJdDXg_aDMMzFYTRZ8Ivjgw1PzIDW8yCn_YTdtv3tsjxCLE-Y6gsMDDWMA', 'EC-4K790689PX2253705', 73, '2022-07-27', '2022-08-03', 20000.00, '2022-08-05 09:55:05', '2022-08-05 09:55:05'),
(50, 1, 'PAYID-MLWQEJA4XA26423HU0476808', 'A21AAKxNo7chRrEKGYBtNaQWUrcC1BGhuUbZ4bwHHhjqbnNAZmKOHQS6QmP7cA1FQ8UCQDBiVVEsVRT84wlQymCxjngexxFSg', 'EC-6SE095693P364422C', 73, '2022-07-27', '2022-08-03', 20000.00, '2022-08-05 11:42:28', '2022-08-05 11:42:28'),
(51, NULL, 'PAYID-MLXA3HY78W41825MS016953S', 'A21AALOND7Pq7xuwDQA1bTEWLI4GwTa2Xwp9nSqnhCoxolhhhljVcrSCGSs1noAm2JBWoI6DtKQu3hzRGHDngz7ghFJnMJh6g', 'EC-95F91600809853330', 73, '2022-07-27', '2022-08-03', 20000.00, '2022-08-06 06:43:43', '2022-08-06 06:43:43'),
(52, NULL, 'PAYID-MLXGB4A5Y18003149859644R', 'A21AAKmlDAGue4x2oV1bM9UFLA4nm_wIix8KRQ6R1-MoONoWoiznB1aRGxdLu5H4q3R0oz5hcFl4BVVNvjWVJIOke5ZAbns1A', 'EC-34P73730DR383720X', 51, '2022-08-01', '2022-08-15', 225000.00, '2022-08-06 12:39:12', '2022-08-06 12:39:12'),
(53, 1, 'PAYID-MLZAJKA98297993JA073771J', 'A21AAJ74-4vsbkD8WU_SPYKo6abSAZZtpOyoAURecrCjzdP4aOBdyog8xb20V_8VXu7j6R6tgQl15KKc-TqRiVgFmXkP-6d6g', 'EC-1JG71186XT204280U', 120, '2022-08-09', '2022-08-10', 15000.00, '2022-08-09 06:54:32', '2022-08-09 06:54:32'),
(54, 1, 'PAYID-MLZAKDY64G64161JH084262T', 'A21AAJ74-4vsbkD8WU_SPYKo6abSAZZtpOyoAURecrCjzdP4aOBdyog8xb20V_8VXu7j6R6tgQl15KKc-TqRiVgFmXkP-6d6g', 'EC-7J687459RS767143G', 120, '2022-08-09', '2022-08-10', 15000.00, '2022-08-09 06:56:15', '2022-08-09 06:56:15'),
(55, 1, 'PAYID-MLZBU2Q9EV76864X9021604X', 'A21AAIlkeQgm0j3E9ps8n7jLAbSjtx1gXuFgQzMNXEFM_b-enDLORn4kUT6oGRhZOA02Qd7j2l5oA6A5NHTP6HZu_uI0el5HQ', 'EC-1UX85204XB871741F', 20, '2022-08-01', '2022-08-06', 29000.00, '2022-08-09 08:27:22', '2022-08-09 08:27:22'),
(56, 1, 'PAYID-MLZBU6A4B267773XJ5958641', 'A21AAIlkeQgm0j3E9ps8n7jLAbSjtx1gXuFgQzMNXEFM_b-enDLORn4kUT6oGRhZOA02Qd7j2l5oA6A5NHTP6HZu_uI0el5HQ', 'EC-1XD582909V415442H', 20, '2022-08-01', '2022-08-06', 29000.00, '2022-08-09 08:27:36', '2022-08-09 08:27:36'),
(57, 1, 'PAYID-MLZBXAQ6444340801706911V', 'A21AAIlkeQgm0j3E9ps8n7jLAbSjtx1gXuFgQzMNXEFM_b-enDLORn4kUT6oGRhZOA02Qd7j2l5oA6A5NHTP6HZu_uI0el5HQ', 'EC-67M15376RB769950V', 120, '2022-08-09', '2022-08-10', 15000.00, '2022-08-09 08:32:02', '2022-08-09 08:32:02'),
(58, NULL, 'PAYID-MLZDPLA4HV71477F4304590J', 'A21AALfIghrtRPpdLHskUMCEPoTEHDWjXQvFiFmAe0qGTUdXknFrV5BWwWK6fMMpFxyomK8KZxwkRlPb0vSc7DqzHOu0OvZzg', 'EC-36M58668NT981115B', 122, '2022-08-09', '2022-08-10', 5000.00, '2022-08-09 10:32:13', '2022-08-09 10:32:13'),
(59, 1, 'PAYID-MLZDWPQ24986451GY0434441', 'A21AALfIghrtRPpdLHskUMCEPoTEHDWjXQvFiFmAe0qGTUdXknFrV5BWwWK6fMMpFxyomK8KZxwkRlPb0vSc7DqzHOu0OvZzg', 'EC-7HU46733TW323091V', 18, '2022-07-31', '2022-08-03', 9950.00, '2022-08-09 10:47:26', '2022-08-09 10:47:26'),
(60, 1, 'PAYID-MLZDWQA23704123KV7129017', 'A21AALfIghrtRPpdLHskUMCEPoTEHDWjXQvFiFmAe0qGTUdXknFrV5BWwWK6fMMpFxyomK8KZxwkRlPb0vSc7DqzHOu0OvZzg', 'EC-4B0527563U592472E', 18, '2022-07-31', '2022-08-03', 9950.00, '2022-08-09 10:47:28', '2022-08-09 10:47:28'),
(61, 1, 'PAYID-MLZFFDI8JH472061Y4843016', 'A21AAJ8u7mEp3c5Hb-_dzWgP5rzd9ueSaUn3fgWDHTf32zeBv6BrdRcGSMTV6uSMtgkmoEE9f1Q_sslp9aTYqtbmfPXxWRW0A', 'EC-8MS62001R2192901N', 122, '2022-08-09', '2022-08-10', 5000.00, '2022-08-09 12:26:53', '2022-08-09 12:26:53'),
(62, NULL, 'PAYID-MLZGALY33U24634CH239402D', 'A21AAIY3qskk1Nbx-BApx6NFI6XeBzjcQpZcXpG5buPRUEVz8lD1_mB6okUrbaEU--eOMzBR2SKLwZhcJ24JFXbFhkqe-btJg', 'EC-57R19849UB335501Y', 52, '2022-08-10', '2022-08-15', 52250.00, '2022-08-09 13:25:03', '2022-08-09 13:25:03'),
(63, NULL, 'PAYID-MLZU3YQ2V51816329708162M', 'A21AAI7xd_JnBVQT2mG_dJ6PAlMiY1Kban6vHZ_oT0bcpi26sexHr9aZ8fRxaRCE_DU46syUggpQxXv3vMjuQp4KsYwMr92aQ', 'EC-40Y773014X8672414', 50, '2022-08-09', '2022-08-15', 190000.00, '2022-08-10 06:19:14', '2022-08-10 06:19:14'),
(64, 1, 'PAYID-MLZVBYI33J54414JF9919319', 'A21AAI7xd_JnBVQT2mG_dJ6PAlMiY1Kban6vHZ_oT0bcpi26sexHr9aZ8fRxaRCE_DU46syUggpQxXv3vMjuQp4KsYwMr92aQ', 'EC-6P285050BF564803E', 129, '2022-08-10', '2022-08-20', 15000.00, '2022-08-10 06:32:02', '2022-08-10 06:32:02'),
(65, 1, 'PAYID-MLZWWFA99A61295Y4428110Y', 'A21AAKxwdeWmpI2rdSiBI7qAvvWC0qu0aKmmKKZiW9MFmqfVwkQAHSK5s4DuaoEw86xDNmy-8eAFps7rihwrSEwqrDIrXEyeA', 'EC-3WK604557U599101D', 127, '2022-08-15', '2022-08-18', 10000.00, '2022-08-10 08:23:48', '2022-08-10 08:23:48'),
(66, 1, 'PAYID-MLZW75A62L41028NR4400724', 'A21AAKxwdeWmpI2rdSiBI7qAvvWC0qu0aKmmKKZiW9MFmqfVwkQAHSK5s4DuaoEw86xDNmy-8eAFps7rihwrSEwqrDIrXEyeA', 'EC-4T075870PA914152P', 128, '2022-08-15', '2022-08-17', 15000.00, '2022-08-10 08:44:36', '2022-08-10 08:44:36'),
(67, 1, 'PAYID-MLZXCXY9CH98280SA101412A', 'A21AAKxwdeWmpI2rdSiBI7qAvvWC0qu0aKmmKKZiW9MFmqfVwkQAHSK5s4DuaoEw86xDNmy-8eAFps7rihwrSEwqrDIrXEyeA', 'EC-61F71638FT395770V', 128, '2022-08-15', '2022-08-17', 15000.00, '2022-08-10 08:50:39', '2022-08-10 08:50:39'),
(68, NULL, 'PAYID-MLZYXQY1DF965644A441951P', 'A21AAKEK2pDvDKuS8GkljvSXJlH8ne26Gn5FD63C05k_7iV7Ls8I8U3jnnnO6b6BD_DZZS4_bteJHQS9ptE_epAvJCdtifqrw', 'EC-1X541595BG031402H', 52, '2022-08-10', '2022-08-15', 52250.00, '2022-08-10 10:43:15', '2022-08-10 10:43:15'),
(69, 1, 'PAYID-MLZ2SGQ00B52813Y4836773A', 'A21AALmnJQ7kEIx45Lgs99efszWdkIFCQYvtcubpvDIvKLGRI6UypneC1sSoWMqToE85uZA-02WH45zOTG0o6FuJCkexR1alg', 'EC-9722037920335845V', 53, '2022-08-01', '2022-08-04', 25000.00, '2022-08-10 12:48:26', '2022-08-10 12:48:26'),
(70, 1, 'PAYID-ML5SCDA4F312583VT092082G', 'A21AAI7jLR1gca6Bla0pZRTRhTc0lOekh14pzEQBTMtVKf1QcgNW4R-fKshGqycnix2YkUgpAWvi3xlisBFro-q4nrvhB58Gg', 'EC-70085189ND187472S', 54, '2022-08-01', '2022-08-05', 50000.00, '2022-08-16 04:46:04', '2022-08-16 04:46:04'),
(71, 1, 'PAYID-ML5VFAI7J72581467077230V', 'A21AAI3H7IqlBdwnP7D4VnVA9fKSI_wvQcI8v93t0GTzMuyDnvaw0vlchZl5G1w-Uv31fNEKTe1ujutelATG87-E_oeyISlUA', 'EC-2JL52933DP108651A', 53, '2022-08-01', '2022-08-04', 25000.00, '2022-08-16 08:17:05', '2022-08-16 08:17:05'),
(72, 1, 'PAYID-ML5WN4Q30U44004GS940461L', 'A21AALRCNBqnhFdk3cMPX5r90Gtt3Bwi3GQuEmTFfTqC0pnBvbPbl4QKHyIYwwWMzlYUGXDazXPbTHDtrf0xelU-Co8omFFPw', 'EC-46U16904JF1734715', 54, '2022-08-01', '2022-08-05', 50000.00, '2022-08-16 09:44:19', '2022-08-16 09:44:19'),
(73, 1, 'PAYID-ML5ZKCY5SS15781GL150583T', 'A21AAJf8GLHrhqZHIedksWTSOBPo6gWH47wV3i6hCuJIxgLMFoG7bePHLPx09Gx0Hj7_UC_VUb5k5ZokoDm92Fq_kJhiHnSsg', 'EC-0KX1768598772101U', 53, '2022-08-01', '2022-08-04', 25000.00, '2022-08-16 13:00:59', '2022-08-16 13:00:59'),
(74, 1, 'PAYID-ML6HUYI3L7640579B784525P', 'A21AAJ9CA2qgN5doplTikLdWyQX2IqV37IT9ZbWjaUk7BiPMT3Xzzl54vmQD1qe3c5aUxVQCUFy2Zz-Nfu6PoYyzHmlCovAvQ', 'EC-0MH84972J2030711X', 52, '2022-08-10', '2022-08-15', 52250.00, '2022-08-17 05:19:29', '2022-08-17 05:19:29'),
(75, 1, 'PAYID-ML6MOXA9UK97068V1094621P', 'A21AAKzrTEKrQqWP7Mvy_SS65vjRP0LanzApuvL_lSLHL2E9MT-vjBASJ2F8hgYgi_mLVE7dYkZu78DzdngQyZAxkbB7j5YeA', 'EC-96163397067728624', 152, '2022-08-17', '2022-08-19', 10000.00, '2022-08-17 10:47:57', '2022-08-17 10:47:57'),
(76, 1, 'PAYID-ML6OQZQ7XE30576V7529051W', 'A21AAKPVOlWtz37wCL4XKOv2mFHL-RlD7hE3NiVx3ql8xOnRKQSG5cMl4poilzedLWJQOFuyp0uWxeZCAL3NcqtYX7eadmF6Q', 'EC-86P97908YY288622E', 54, '2022-08-01', '2022-08-05', 50000.00, '2022-08-17 13:08:54', '2022-08-17 13:08:54'),
(77, 1, 'PAYID-ML64Z3Q7RD10305PV7129711', 'A21AAIioSH9rVcCy7_dRGYRqW8fr8UGDC6Fpv85-18L8CMYkFfpJQrY5pGnnjoeBlxjObPESojy2ZGr-mHZyKtBoTOFtVdhpQ', 'EC-57J84776E2160191E', 54, '2022-08-01', '2022-08-05', 50000.00, '2022-08-18 05:23:59', '2022-08-18 05:23:59'),
(78, 1, 'PAYID-ML655ZA05F19991K8425592X', 'A21AAIhZvUTpABhiscJerZ-SzBLYxiq0wBTXfyPyRcoJaSwYxHSHS5-kclk3Mztx8QdHVjycNsXktDduNORWD_lX4hzsFxnjQ', 'EC-9D019591SY978312K', 54, '2022-08-01', '2022-08-05', 50000.00, '2022-08-18 06:40:36', '2022-08-18 06:40:36'),
(79, 1, 'PAYID-ML7BWHA0NK53095Y19258819', 'A21AALo0b4lvcdp3ycnQ8ErbJawOdgYQLUhQRUfu8vWBmj_N9sZkFpW6_XcwVx84rIQIo2dr65OzlHZE8QXpl1hoMGdClYoRg', 'EC-55892062XX9569043', 54, '2022-08-01', '2022-08-05', 50000.00, '2022-08-18 10:57:32', '2022-08-18 10:57:32'),
(80, 1, 'PAYID-ML7TKJA0N8011191Y8090130', 'A21AAJ89Ryfvb5vz1xf-6DW3GFZurImlPL7nJi9SNVEr-GxnV7PQ31Q1s0_wVVgZmoiNCXp3Ik8PzydoNXPFLnSjeXuNxj3Vg', 'EC-437407269A699113N', 165, '2022-08-19', '2022-08-20', 5000.00, '2022-08-19 07:00:52', '2022-08-19 07:00:52'),
(81, 1, 'PAYID-ML7UQYI4XF49756K1989781G', 'A21AAKpiiQ9gATPc2UWhuYWHI0a8tHxynCIWUsDYmh1c63lk4HB_i0a2fu--llejfvbKCJuP5_LXMsYD46Tx6z4WX1QQGLUqg', 'EC-9A579960AM204550B', 54, '2022-08-01', '2022-08-05', 50000.00, '2022-08-19 08:22:57', '2022-08-19 08:22:57'),
(82, 1, 'PAYID-ML7URRA7H96911877411471M', 'A21AAKpiiQ9gATPc2UWhuYWHI0a8tHxynCIWUsDYmh1c63lk4HB_i0a2fu--llejfvbKCJuP5_LXMsYD46Tx6z4WX1QQGLUqg', 'EC-5UK45300M8392110X', 54, '2022-08-01', '2022-08-05', 50000.00, '2022-08-19 08:24:36', '2022-08-19 08:24:36'),
(83, 1, 'PAYID-ML7US2A8FT2063944661424T', 'A21AAKpiiQ9gATPc2UWhuYWHI0a8tHxynCIWUsDYmh1c63lk4HB_i0a2fu--llejfvbKCJuP5_LXMsYD46Tx6z4WX1QQGLUqg', 'EC-28N04685J5873430N', 53, '2022-08-01', '2022-08-04', 25000.00, '2022-08-19 08:27:20', '2022-08-19 08:27:20'),
(84, 1, 'PAYID-ML7VTAA8MD50873T2955564A', 'A21AAKiy4O1tVnG8CegmqYKsqDHBbEdJ2ml4D95U3MZTiQkJhi4_OI5H-Y4yIOvoDrBkvGCdswPucfoRX7i0xMopzw71eyU4g', 'EC-42121682YB604861W', 54, '2022-08-01', '2022-08-05', 50000.00, '2022-08-19 09:36:01', '2022-08-19 09:36:01'),
(85, 1, 'PAYID-ML7VWII38H71500LN4679846', 'A21AAKiy4O1tVnG8CegmqYKsqDHBbEdJ2ml4D95U3MZTiQkJhi4_OI5H-Y4yIOvoDrBkvGCdswPucfoRX7i0xMopzw71eyU4g', 'EC-8HV311804K468370W', 18, '2022-07-31', '2022-08-03', 9950.00, '2022-08-19 09:42:58', '2022-08-19 09:42:58'),
(86, 1, 'PAYID-MMBREDA14F772103P9938305', 'A21AAJNr3Xppt5phRO3WPe-IAf3PEZPW7Xf1dnloRfEH7GtuhiZjE3ZVOTHwbrdTTOCnOwSBFbJ-CseGNctRNJRQJ-R2M4_xg', 'EC-8T516446NG440064G', 54, '2022-08-01', '2022-08-05', 50000.00, '2022-08-22 05:20:12', '2022-08-22 05:20:12'),
(87, 1, 'PAYID-MMBRXMA5YB8905958693605P', 'A21AAJuvssnso3HkJRMHFKpIswvaDkzJJhVBi1g2aibdPurbp_ARchJ8Zi5W8XVQnlnc4SBZS6MSSz-a0d-yXEUoABpUUVrmw', 'EC-7T289088TG8751540', 50, '2022-08-09', '2022-08-15', 190000.00, '2022-08-22 06:01:21', '2022-08-22 06:01:21'),
(88, NULL, 'PAYID-MMBRZEY5M931877VB0315501', 'A21AAJuvssnso3HkJRMHFKpIswvaDkzJJhVBi1g2aibdPurbp_ARchJ8Zi5W8XVQnlnc4SBZS6MSSz-a0d-yXEUoABpUUVrmw', 'EC-3NS111948Y934403G', 51, '2022-08-01', '2022-08-15', 225000.00, '2022-08-22 06:05:07', '2022-08-22 06:05:07'),
(89, 1, 'PAYID-MMBSQ7A5BE28102SX6855014', 'A21AAJuvssnso3HkJRMHFKpIswvaDkzJJhVBi1g2aibdPurbp_ARchJ8Zi5W8XVQnlnc4SBZS6MSSz-a0d-yXEUoABpUUVrmw', 'EC-47J83469860301910', 53, '2022-08-01', '2022-08-04', 25000.00, '2022-08-22 06:55:56', '2022-08-22 06:55:56'),
(90, 1, 'PAYID-MMBSR3Q0CH15307M5532000R', 'A21AAJuvssnso3HkJRMHFKpIswvaDkzJJhVBi1g2aibdPurbp_ARchJ8Zi5W8XVQnlnc4SBZS6MSSz-a0d-yXEUoABpUUVrmw', 'EC-34L608471L577890S', 54, '2022-08-01', '2022-08-05', 50000.00, '2022-08-22 06:57:50', '2022-08-22 06:57:50'),
(91, 1, 'PAYID-MMBULVY7BG39139764338251', 'A21AAKwPW-Qv5YHtApdWf0Vbz05153OHw0Dyeiv91l3Hl6Fu7y_iAKPK9VlHv2Gr82WZft7BjcHo-24wgFy9mUf_-UY4-Fb7g', 'EC-00H280527V7316907', 54, '2022-08-01', '2022-08-05', 50000.00, '2022-08-22 09:01:11', '2022-08-22 09:01:11'),
(92, 1, 'PAYID-MMBUURI8WK58507077798437', 'A21AAKwPW-Qv5YHtApdWf0Vbz05153OHw0Dyeiv91l3Hl6Fu7y_iAKPK9VlHv2Gr82WZft7BjcHo-24wgFy9mUf_-UY4-Fb7g', 'EC-8G552892XN510233U', 179, '2022-08-23', '2022-08-25', 10000.00, '2022-08-22 09:20:05', '2022-08-22 09:20:05'),
(93, 1, 'PAYID-MMBVQ6Y2SK51507TJ6355329', 'A21AAKa01rou3vEOYJEIC0IALDfSHW9MnafR6W8KIyEwAhIEY8GR3zs98o9_RZyzqZBemfiB3OWVTMfffXUnWVClPjcZicGXw', 'EC-7B9690012M7067544', 179, '2022-08-23', '2022-08-25', 10000.00, '2022-08-22 10:20:43', '2022-08-22 10:20:43'),
(94, 1, 'PAYID-MMBV3JY1P7512005T650681J', 'A21AAKa01rou3vEOYJEIC0IALDfSHW9MnafR6W8KIyEwAhIEY8GR3zs98o9_RZyzqZBemfiB3OWVTMfffXUnWVClPjcZicGXw', 'EC-0FT86556ML562923E', 53, '2022-08-01', '2022-08-04', 25000.00, '2022-08-22 10:42:48', '2022-08-22 10:42:48'),
(95, 1, 'PAYID-MMBV33Y44H02590V83446644', 'A21AAKa01rou3vEOYJEIC0IALDfSHW9MnafR6W8KIyEwAhIEY8GR3zs98o9_RZyzqZBemfiB3OWVTMfffXUnWVClPjcZicGXw', 'EC-24F35318T0254890A', 179, '2022-08-23', '2022-08-25', 10000.00, '2022-08-22 10:43:59', '2022-08-22 10:43:59'),
(96, 1, 'PAYID-MMBWBGI6VV11074S9152474Y', 'A21AAKa01rou3vEOYJEIC0IALDfSHW9MnafR6W8KIyEwAhIEY8GR3zs98o9_RZyzqZBemfiB3OWVTMfffXUnWVClPjcZicGXw', 'EC-98E073660L822121F', 53, '2022-08-01', '2022-08-04', 25000.00, '2022-08-22 10:55:21', '2022-08-22 10:55:21'),
(97, 1, 'PAYID-MMBXWBQ1HB86931NP767005J', 'A21AAKUcbtpiZ2vd-9iOTyzziiqxaGm5XRO25mhJeg3j7O3lmeO5-0jHGvN2V1MGpOOACI4tJJssFtQxNEk5VsmqM5lXnBS_g', 'EC-8GH00641YF2276208', 54, '2022-08-01', '2022-08-05', 50000.00, '2022-08-22 12:48:06', '2022-08-22 12:48:06'),
(98, 1, 'PAYID-MMBXYSQ3X360030EH788961K', 'A21AAKUcbtpiZ2vd-9iOTyzziiqxaGm5XRO25mhJeg3j7O3lmeO5-0jHGvN2V1MGpOOACI4tJJssFtQxNEk5VsmqM5lXnBS_g', 'EC-4Y19385787332123U', 53, '2022-08-01', '2022-08-04', 25000.00, '2022-08-22 12:53:30', '2022-08-22 12:53:30'),
(99, 1, 'PAYID-MMBXZ6Q0HS813461F511743V', 'A21AAKUcbtpiZ2vd-9iOTyzziiqxaGm5XRO25mhJeg3j7O3lmeO5-0jHGvN2V1MGpOOACI4tJJssFtQxNEk5VsmqM5lXnBS_g', 'EC-7NM37457LB7396440', 52, '2022-08-10', '2022-08-15', 52250.00, '2022-08-22 12:56:26', '2022-08-22 12:56:26'),
(100, 1, 'PAYID-MMBYB4Q2CS2236615172154M', 'A21AAJwgY_fnzOeb-7O6RVAsU9f79FIyZ1I6euTDIT-qZdnWFPDgGEtBLdH1wSxGZT270c1IUo5wvuzgxl8P3RY2bloenZ7sQ', 'EC-1ME74119XS889052Y', 52, '2022-08-10', '2022-08-15', 52250.00, '2022-08-22 13:13:22', '2022-08-22 13:13:22'),
(101, 1, 'PAYID-MMCFX2Q3CL92354J5602811W', 'A21AALrCTsbqXz6Tg7F7tnLHsmKZ8iOjrVUtqpQOA8WfOUfrY6bFrEhIVjxhNrKRt-39uNIbdzPKmeTPso8YjXFokZ8KbedNg', 'EC-19952140JA610205M', 51, '2022-08-01', '2022-08-15', 225000.00, '2022-08-23 04:47:38', '2022-08-23 04:47:38'),
(102, 1, 'PAYID-MMCGXFA5KB543120G747901X', 'A21AAIxX7ySnO5ctpimNsNpIdaXCjZZ0_WD8qsrvLfkQtUWK8cJl81IOTdU7t5pA9iuPGRDBzaz2oGcerpFQACvveavfmlaow', 'EC-1GL217623U760942A', 52, '2022-08-10', '2022-08-15', 52250.00, '2022-08-23 05:54:28', '2022-08-23 05:54:28'),
(103, 1, 'PAYID-MMCHL5Q61R73990TP716754B', 'A21AAKmC2bbn7i1ka79qGgqcx41l9GyNUbPhETD9rgqNeKvobYxruB4i5KloeHqvzZXOU8gdbmIsQzk4qjiSe_SY9OZ4A9t5Q', 'EC-44B00653W1585711V', 21, '2022-08-03', '2022-08-10', 51000.00, '2022-08-23 06:38:47', '2022-08-23 06:38:47'),
(104, 1, 'PAYID-MMCHMRA05Y794975G972003Y', 'A21AAKmC2bbn7i1ka79qGgqcx41l9GyNUbPhETD9rgqNeKvobYxruB4i5KloeHqvzZXOU8gdbmIsQzk4qjiSe_SY9OZ4A9t5Q', 'EC-25J55871G4797244G', 51, '2022-08-01', '2022-08-15', 225000.00, '2022-08-23 06:40:04', '2022-08-23 06:40:04'),
(105, NULL, 'PAYID-MMCHORQ68772918FR6088511', 'A21AAKmC2bbn7i1ka79qGgqcx41l9GyNUbPhETD9rgqNeKvobYxruB4i5KloeHqvzZXOU8gdbmIsQzk4qjiSe_SY9OZ4A9t5Q', 'EC-1MC508786M864540F', 52, '2022-08-10', '2022-08-15', 52250.00, '2022-08-23 06:44:22', '2022-08-23 06:44:22'),
(106, NULL, 'PAYID-MMCIZ4Q7DV05753AH898143U', 'A21AAJUzyOqlUdMze7A9s5ceL6kRl9cVLsKHmx18QpRHz8jMrWIv535Hvm9R332f1OCi5AhsrIZv13hilCh4VZzy5YUw3tVpQ', 'EC-2AY793222M419093Y', 50, '2022-08-09', '2022-08-15', 190000.00, '2022-08-23 08:16:50', '2022-08-23 08:16:50'),
(107, NULL, 'PAYID-MMCI2VI4PA37876GX851045F', 'A21AAJUzyOqlUdMze7A9s5ceL6kRl9cVLsKHmx18QpRHz8jMrWIv535Hvm9R332f1OCi5AhsrIZv13hilCh4VZzy5YUw3tVpQ', 'EC-5YP72139GR011125B', 52, '2022-08-10', '2022-08-15', 52250.00, '2022-08-23 08:18:29', '2022-08-23 08:18:29'),
(108, NULL, 'PAYID-MMCLEPI842179582V585000R', 'A21AAK0IT4YlePm5M5P6CqaaQR8B9IotKGEaDAepdNZnidQYR91waMi0br-_RbS5C2SBi8Hf3RPBHef5ocgjVyl4vnxScieZg', 'EC-3623657217952725F', 54, '2022-08-01', '2022-08-05', 4555.00, '2022-08-23 10:55:57', '2022-08-23 10:55:57'),
(109, 1, 'PAYID-MMCLKDQ2H881714GS868052X', 'A21AAKwVEFqll-ndCS80wYgHYEWcMQf6GOZ1imR-1zL-Qkl5Ot-oz1pNR_O0EQJKVvu0zTmvbq1UrJIqcUhyoGNzouYP3OxAA', 'EC-1A922562AR430330F', 53, '2022-08-01', '2022-08-04', 25000.00, '2022-08-23 11:07:58', '2022-08-23 11:07:58'),
(110, 1, 'PAYID-MMCLWKA75T884166Y2098011', 'A21AAKwVEFqll-ndCS80wYgHYEWcMQf6GOZ1imR-1zL-Qkl5Ot-oz1pNR_O0EQJKVvu0zTmvbq1UrJIqcUhyoGNzouYP3OxAA', 'EC-62096838XV2021356', 53, '2022-08-01', '2022-08-04', 25000.00, '2022-08-23 11:34:00', '2022-08-23 11:34:00'),
(111, 1, 'PAYID-MMCLXKA363912668B746091T', 'A21AAKwVEFqll-ndCS80wYgHYEWcMQf6GOZ1imR-1zL-Qkl5Ot-oz1pNR_O0EQJKVvu0zTmvbq1UrJIqcUhyoGNzouYP3OxAA', 'EC-46V832360A2315601', 53, '2022-08-01', '2022-08-04', 25000.00, '2022-08-23 11:36:09', '2022-08-23 11:36:09'),
(112, 1, 'PAYID-MMCMKRQ3RN87703CK849435K', 'A21AAIplLZ9u7oyl-peQyRBrt9jnXQnJ1D9MS5ZT4qWIXY8ftH9RcMZtEU2zs8s3anZabhr3wEe8Yh_uLCthJ4_NI2FaQ3oqQ', 'EC-2DW481562X341034J', 52, '2022-08-10', '2022-08-15', 52250.00, '2022-08-23 12:17:10', '2022-08-23 12:17:10'),
(113, 1, 'PAYID-MMC33JQ7VD37598KG691522A', 'A21AAKtXIdAuAbmesAimWIYTdfCiqYvuPIGKHPATL8IkblzdLzcH9vhaBesaJ5wSPKMFq0giks-GHim0lH7oV6ll_5Swn2jRQ', 'EC-3X073631GK4806314', 192, '2022-08-24', '2022-08-27', 10000.00, '2022-08-24 05:56:54', '2022-08-24 05:56:54'),
(114, 1, 'PAYID-MMC35MI3C90458964867931U', 'A21AAL2_fAlrgsKHHgJpssi3J7UkXXhx0fJKK5utiolM-jwAyH-mGCCcbSBCbqHpC7rG3HTsmJQzAm_QwnhHIP7DPBhf4qqPA', 'EC-55K49115MH1676356', 50, '2022-08-09', '2022-08-15', 190000.00, '2022-08-24 06:01:22', '2022-08-24 06:01:22'),
(115, 1, 'PAYID-MMC36JA2H994122J8885260B', 'A21AAL2_fAlrgsKHHgJpssi3J7UkXXhx0fJKK5utiolM-jwAyH-mGCCcbSBCbqHpC7rG3HTsmJQzAm_QwnhHIP7DPBhf4qqPA', 'EC-7TF53111FL8556054', 190, '2022-08-26', '2022-08-27', 1000.00, '2022-08-24 06:03:16', '2022-08-24 06:03:16'),
(116, 1, 'PAYID-MMC37WY9XE373317S853001F', 'A21AAL2_fAlrgsKHHgJpssi3J7UkXXhx0fJKK5utiolM-jwAyH-mGCCcbSBCbqHpC7rG3HTsmJQzAm_QwnhHIP7DPBhf4qqPA', 'EC-8TV28599CE508184X', 190, '2022-08-26', '2022-08-27', 1000.00, '2022-08-24 06:06:20', '2022-08-24 06:06:20'),
(117, 1, 'PAYID-MMC4HOQ917045396V701343Y', 'A21AAL2_fAlrgsKHHgJpssi3J7UkXXhx0fJKK5utiolM-jwAyH-mGCCcbSBCbqHpC7rG3HTsmJQzAm_QwnhHIP7DPBhf4qqPA', 'EC-50V22250RT6889028', 192, '2022-08-24', '2022-08-27', 10000.00, '2022-08-24 06:22:51', '2022-08-24 06:22:51'),
(118, 1, 'PAYID-MMC4I7A0RV45338JD071715M', 'A21AAL2_fAlrgsKHHgJpssi3J7UkXXhx0fJKK5utiolM-jwAyH-mGCCcbSBCbqHpC7rG3HTsmJQzAm_QwnhHIP7DPBhf4qqPA', 'EC-0TH09431YA211115N', 190, '2022-08-26', '2022-08-27', 1000.00, '2022-08-24 06:26:04', '2022-08-24 06:26:04'),
(119, 1, 'PAYID-MMC4KPI66F5560730413810U', 'A21AAL2_fAlrgsKHHgJpssi3J7UkXXhx0fJKK5utiolM-jwAyH-mGCCcbSBCbqHpC7rG3HTsmJQzAm_QwnhHIP7DPBhf4qqPA', 'EC-4F923777FY554150P', 192, '2022-08-24', '2022-08-27', 10000.00, '2022-08-24 06:29:17', '2022-08-24 06:29:17'),
(120, 1, 'PAYID-MMC4LVQ7WE29043BH614024L', 'A21AAL2_fAlrgsKHHgJpssi3J7UkXXhx0fJKK5utiolM-jwAyH-mGCCcbSBCbqHpC7rG3HTsmJQzAm_QwnhHIP7DPBhf4qqPA', 'EC-9AJ732614D7752234', 190, '2022-08-26', '2022-08-27', 1000.00, '2022-08-24 06:31:50', '2022-08-24 06:31:50'),
(121, 1, 'PAYID-MMC4MDI5YN36700D39294628', 'A21AAL2_fAlrgsKHHgJpssi3J7UkXXhx0fJKK5utiolM-jwAyH-mGCCcbSBCbqHpC7rG3HTsmJQzAm_QwnhHIP7DPBhf4qqPA', 'EC-5XX42100L7425944A', 188, '2022-08-25', '2022-08-30', 45.00, '2022-08-24 06:32:45', '2022-08-24 06:32:45'),
(122, 1, 'PAYID-MMC4MQY4DL50691HP1027923', 'A21AAL2_fAlrgsKHHgJpssi3J7UkXXhx0fJKK5utiolM-jwAyH-mGCCcbSBCbqHpC7rG3HTsmJQzAm_QwnhHIP7DPBhf4qqPA', 'EC-85S367018P700094H', 190, '2022-08-26', '2022-08-27', 1000.00, '2022-08-24 06:33:40', '2022-08-24 06:33:40'),
(123, 1, 'PAYID-MMC4P3I3GK86545GA3155807', 'A21AAL2_fAlrgsKHHgJpssi3J7UkXXhx0fJKK5utiolM-jwAyH-mGCCcbSBCbqHpC7rG3HTsmJQzAm_QwnhHIP7DPBhf4qqPA', 'EC-66N54472RU442254V', 54, '2022-08-01', '2022-08-05', 4555.00, '2022-08-24 06:40:45', '2022-08-24 06:40:45'),
(124, 1, 'PAYID-MMC4SDI18G186683H6123241', 'A21AAL2_fAlrgsKHHgJpssi3J7UkXXhx0fJKK5utiolM-jwAyH-mGCCcbSBCbqHpC7rG3HTsmJQzAm_QwnhHIP7DPBhf4qqPA', 'EC-3G594988T0577532J', 54, '2022-08-01', '2022-08-05', 4555.00, '2022-08-24 06:45:34', '2022-08-24 06:45:34'),
(125, 1, 'PAYID-MMC557A5S604133VK348240R', 'A21AALAC2qhuVRFpQ-vmaKT0SjCZYf1PeEqkw91Wus05_bdIR0B6g2Kgvhd8ft69kLuL9AQHFHrID1XcUVEcevblMgLF90bqA', 'EC-3PT44450066318947', 192, '2022-08-24', '2022-08-27', 10000.00, '2022-08-24 08:19:08', '2022-08-24 08:19:08'),
(126, 1, 'PAYID-MMC7LWI47W96255CW104801B', 'A21AALeQQlDqqbwHHdqR82OF-DwXbB-cTSyQhZjsqQ0kuPeJNTiWLSIWdqlP91lRqWyKwUwyGFStSwfaG946FxMkIZxb3E-bQ', 'EC-53402312C3447644U', 188, '2022-08-25', '2022-08-30', 45.00, '2022-08-24 09:56:41', '2022-08-24 09:56:41'),
(127, 1, 'PAYID-MMDAJTI2K849088FR0050058', 'A21AALnJjT9tU3YK-BdUDpIq4YhMl1AbX4aHFX7xQBrMhwPMSv-6tslPDmny2nhobcfSZxgMzoPQbUnJ_c9j2sQHEifZraJMg', 'EC-1N8006810L4285440', 53, '2022-08-01', '2022-08-04', 25000.00, '2022-08-24 11:00:29', '2022-08-24 11:00:29'),
(128, 1, 'PAYID-MMDAMCA2D8574514B295984G', 'A21AALnJjT9tU3YK-BdUDpIq4YhMl1AbX4aHFX7xQBrMhwPMSv-6tslPDmny2nhobcfSZxgMzoPQbUnJ_c9j2sQHEifZraJMg', 'EC-6AJ64042733916423', 53, '2022-08-01', '2022-08-04', 25000.00, '2022-08-24 11:05:44', '2022-08-24 11:05:44'),
(129, 1, 'PAYID-MMDBG5I4DS46777PC8636353', 'A21AALsIF3GoGVzRgMEf8teMa9Ja4C5fQK3YPmIJJBrFG8Y6WT-6IuYeJlW4hDZZSMkcOu15nd2XjPPyqqMnfhJR2zeMGOXog', 'EC-86R78366YE207294G', 190, '2022-08-26', '2022-08-27', 1000.00, '2022-08-24 12:03:01', '2022-08-24 12:03:01'),
(130, 1, 'PAYID-MMDCKUQ7148710404153871W', 'A21AAKvEMFtuwdsc2W7mb9HkFHmpVcFuwpuGVuIp44lbc2Bm8p5j4JzILhr6Giwa6LPSVkYCGJbVqPmhzl4bYnKYVs4xV6fHA', 'EC-2EY019660F7821024', 190, '2022-08-26', '2022-08-27', 1000.00, '2022-08-24 13:19:14', '2022-08-24 13:19:14'),
(131, 1, 'PAYID-MMDCLDI5CN276345Y580612P', 'A21AAKvEMFtuwdsc2W7mb9HkFHmpVcFuwpuGVuIp44lbc2Bm8p5j4JzILhr6Giwa6LPSVkYCGJbVqPmhzl4bYnKYVs4xV6fHA', 'EC-2WF37372YC817162G', 190, '2022-08-26', '2022-08-27', 1000.00, '2022-08-24 13:20:13', '2022-08-24 13:20:13'),
(132, NULL, 'PAYID-MMDCLYY64K171232A552181K', 'A21AAKvEMFtuwdsc2W7mb9HkFHmpVcFuwpuGVuIp44lbc2Bm8p5j4JzILhr6Giwa6LPSVkYCGJbVqPmhzl4bYnKYVs4xV6fHA', 'EC-3PG22358LB612514L', 190, '2022-08-26', '2022-08-27', 1000.00, '2022-08-24 13:21:39', '2022-08-24 13:21:39'),
(133, 1, 'PAYID-MMDCPBQ0LF2387056818800A', 'A21AAKvEMFtuwdsc2W7mb9HkFHmpVcFuwpuGVuIp44lbc2Bm8p5j4JzILhr6Giwa6LPSVkYCGJbVqPmhzl4bYnKYVs4xV6fHA', 'EC-84A39920BB481250D', 190, '2022-08-26', '2022-08-27', 1000.00, '2022-08-24 13:28:38', '2022-08-24 13:28:38'),
(134, 1, 'PAYID-MMDCPOA8P710242R6611262X', 'A21AAKvEMFtuwdsc2W7mb9HkFHmpVcFuwpuGVuIp44lbc2Bm8p5j4JzILhr6Giwa6LPSVkYCGJbVqPmhzl4bYnKYVs4xV6fHA', 'EC-64U2593373415580R', 190, '2022-08-26', '2022-08-27', 1000.00, '2022-08-24 13:29:28', '2022-08-24 13:29:28'),
(135, NULL, 'PAYID-MMDCQBI1R380269BK671342E', 'A21AAKvEMFtuwdsc2W7mb9HkFHmpVcFuwpuGVuIp44lbc2Bm8p5j4JzILhr6Giwa6LPSVkYCGJbVqPmhzl4bYnKYVs4xV6fHA', 'EC-1E275265U5683682B', 190, '2022-08-26', '2022-08-27', 1000.00, '2022-08-24 13:30:46', '2022-08-24 13:30:46'),
(136, 1, 'PAYID-MMDCR6Q39J84723TG543953A', 'A21AAKvEMFtuwdsc2W7mb9HkFHmpVcFuwpuGVuIp44lbc2Bm8p5j4JzILhr6Giwa6LPSVkYCGJbVqPmhzl4bYnKYVs4xV6fHA', 'EC-5FT789172F920630G', 190, '2022-08-26', '2022-08-27', 1000.00, '2022-08-24 13:34:50', '2022-08-24 13:34:50'),
(137, 1, 'PAYID-MMDCSWA7G197097W75825819', 'A21AAKvEMFtuwdsc2W7mb9HkFHmpVcFuwpuGVuIp44lbc2Bm8p5j4JzILhr6Giwa6LPSVkYCGJbVqPmhzl4bYnKYVs4xV6fHA', 'EC-45X67760MU725515R', 190, '2022-08-26', '2022-08-27', 1000.00, '2022-08-24 13:36:24', '2022-08-24 13:36:24'),
(138, NULL, 'PAYID-MMDCTJI00995667661413203', 'A21AAKvEMFtuwdsc2W7mb9HkFHmpVcFuwpuGVuIp44lbc2Bm8p5j4JzILhr6Giwa6LPSVkYCGJbVqPmhzl4bYnKYVs4xV6fHA', 'EC-4PH64553FM5529426', 190, '2022-08-26', '2022-08-27', 1000.00, '2022-08-24 13:37:41', '2022-08-24 13:37:41'),
(139, 1, 'PAYID-MMDQN5Y1A011020PH146150N', 'A21AAIXLR4Ugfg8phAMvpHmBGjwA0aegWmYIgOA5QqTmYOKPrrXMxKl6mzLbdZ3oAalCKXw7D4i2PpgHDpG0wpPtYgcpzlbxg', 'EC-7MB412010S115230P', 190, '2022-08-26', '2022-08-27', 1000.00, '2022-08-25 05:21:59', '2022-08-25 05:21:59'),
(140, 1, 'PAYID-MMDRT7A88F78153AT222150M', 'A21AAItPVcMhmgiOl-JjFriIP99i7XzXVF3WqM7QMVdnz0WjLpSO48jCVRIYLHthghQVdmAdz-2LKQZI95IoTz44-4E3Dq2gA', 'EC-9273274664747215U', 190, '2022-08-26', '2022-08-27', 1000.00, '2022-08-25 06:43:08', '2022-08-25 06:43:08'),
(141, 1, 'PAYID-MMDS76A5DW09569FP152461S', 'A21AALtYPM7l8b6XZT0kUlhkDW_Ba1_Z7ZqzBBybN-4kuxYXi9QDNYSI-toLkpAHKrVw3yjRX2uzGUeuoGK9GG7uMMq7iRcWA', 'EC-2EY84142PN839805B', 188, '2022-08-25', '2022-08-30', 45.00, '2022-08-25 08:16:56', '2022-08-25 08:16:56'),
(142, 1, 'PAYID-MMDTEIA9JJ80534XH720640R', 'A21AALtYPM7l8b6XZT0kUlhkDW_Ba1_Z7ZqzBBybN-4kuxYXi9QDNYSI-toLkpAHKrVw3yjRX2uzGUeuoGK9GG7uMMq7iRcWA', 'EC-5GV46665AV2244217', 188, '2022-08-25', '2022-08-30', 45.00, '2022-08-25 08:26:08', '2022-08-25 08:26:08'),
(143, 1, 'PAYID-MMDTEYA2XX77226UF630450M', 'A21AALtYPM7l8b6XZT0kUlhkDW_Ba1_Z7ZqzBBybN-4kuxYXi9QDNYSI-toLkpAHKrVw3yjRX2uzGUeuoGK9GG7uMMq7iRcWA', 'EC-7T3820438N447201E', 203, '2022-08-25', '2022-08-26', 5000.00, '2022-08-25 08:27:12', '2022-08-25 08:27:12'),
(144, NULL, 'PAYID-MMDUCWY5DU36926XK9396058', 'A21AAJIq5OXst8Abn9oXKadBCQ1dkifhqMYMyBPigHn2WderLpTM0nWePRwf0m_ioUUN_nqoUUOsF98WdY-1QeGisRAoPZiCg', 'EC-0A105900FG496783D', 190, '2022-08-26', '2022-08-27', 1000.00, '2022-08-25 09:31:08', '2022-08-25 09:31:09'),
(145, 1, 'PAYID-MMDU2AY0GX03681JY6507330', 'A21AAJir1EAi-rXXoUmMQWxtYzQmDjNTdlNPBDNGX212n69zWz0JIegRmIlLFQH7oFVKm-k3Jlgc0Lr6u8p6pRKjHwmdVoYzA', 'EC-4B188096WC9853345', 54, '2022-08-01', '2022-08-05', 4555.00, '2022-08-25 10:20:51', '2022-08-25 10:20:51'),
(146, 1, 'PAYID-MMDVIJI2C978687GH183254V', 'A21AAJir1EAi-rXXoUmMQWxtYzQmDjNTdlNPBDNGX212n69zWz0JIegRmIlLFQH7oFVKm-k3Jlgc0Lr6u8p6pRKjHwmdVoYzA', 'EC-6M348192B6095510G', 54, '2022-08-01', '2022-08-05', 4555.00, '2022-08-25 10:51:18', '2022-08-25 10:51:18'),
(147, 1, 'PAYID-MMDVJ7I33E10452BV807044G', 'A21AAJir1EAi-rXXoUmMQWxtYzQmDjNTdlNPBDNGX212n69zWz0JIegRmIlLFQH7oFVKm-k3Jlgc0Lr6u8p6pRKjHwmdVoYzA', 'EC-25F66826CK939460T', 188, '2022-08-25', '2022-08-30', 45.00, '2022-08-25 10:54:53', '2022-08-25 10:54:53'),
(148, 1, 'PAYID-MMDVMAA5NN828894A646780W', 'A21AAJir1EAi-rXXoUmMQWxtYzQmDjNTdlNPBDNGX212n69zWz0JIegRmIlLFQH7oFVKm-k3Jlgc0Lr6u8p6pRKjHwmdVoYzA', 'EC-8AD87385WB251372A', 190, '2022-08-26', '2022-08-27', 1000.00, '2022-08-25 10:59:12', '2022-08-25 10:59:12'),
(149, 1, 'PAYID-MMDV6RY27708620XG2172623', 'A21AAKnrMDJpEOsmVmYWrYoM9sHCRdrjQ0nbEtWc3lVaDO0aNEhgfnzmYAzuFPexBOoAv1xuYmWDrYv1cZh1QeVgwPshVoUew', 'EC-4E203841BT3029105', 188, '2022-08-25', '2022-08-30', 45.00, '2022-08-25 11:38:47', '2022-08-25 11:38:47'),
(150, 1, 'PAYID-MMDV7NI83N40026M6878781U', 'A21AAKnrMDJpEOsmVmYWrYoM9sHCRdrjQ0nbEtWc3lVaDO0aNEhgfnzmYAzuFPexBOoAv1xuYmWDrYv1cZh1QeVgwPshVoUew', 'EC-04L35914DN4262917', 54, '2022-08-01', '2022-08-05', 4555.00, '2022-08-25 11:40:38', '2022-08-25 11:40:38'),
(151, 1, 'PAYID-MMDW4NY85U24585R6589831R', 'A21AALLXRFin0I8mqj291Ldq3d4UEWhqfCdMlWOQVQWC1ozeCIHhmwbJskwdqCCNMrd9OEiMmVlmE5hmgA7zswDhnLH7TVFcg', 'EC-20W27353NK934124U', 188, '2022-08-25', '2022-08-30', 45.00, '2022-08-25 12:42:31', '2022-08-25 12:42:31'),
(152, 1, 'PAYID-MMDW7AQ4B887738JT982763S', 'A21AALLXRFin0I8mqj291Ldq3d4UEWhqfCdMlWOQVQWC1ozeCIHhmwbJskwdqCCNMrd9OEiMmVlmE5hmgA7zswDhnLH7TVFcg', 'EC-6CR3070126093193W', 18, '2022-07-31', '2022-08-03', 9950.00, '2022-08-25 12:48:02', '2022-08-25 12:48:02'),
(153, 1, 'PAYID-MMDXAHI1Y251900LV4516405', 'A21AALLXRFin0I8mqj291Ldq3d4UEWhqfCdMlWOQVQWC1ozeCIHhmwbJskwdqCCNMrd9OEiMmVlmE5hmgA7zswDhnLH7TVFcg', 'EC-4015395102118061K', 190, '2022-08-26', '2022-08-27', 1000.00, '2022-08-25 12:50:38', '2022-08-25 12:50:38'),
(154, 1, 'PAYID-MMDXI3Q8K697920163419507', 'A21AAKoNMoUhBbtGd32qrd0m7mKoYj8RAQFvD5lsuDFohm08L4uYO1SjxMQM998noE-KajZL7BnWphMnb-_ltG-LaYf63JA4w', 'EC-1T033478508729051', 188, '2022-08-25', '2022-08-30', 45.00, '2022-08-25 13:09:02', '2022-08-25 13:09:02'),
(155, 1, 'PAYID-MMDXK5Q77U31060AX183204J', 'A21AAKoNMoUhBbtGd32qrd0m7mKoYj8RAQFvD5lsuDFohm08L4uYO1SjxMQM998noE-KajZL7BnWphMnb-_ltG-LaYf63JA4w', 'EC-5YU54934U2264592V', 54, '2022-08-01', '2022-08-05', 4555.00, '2022-08-25 13:13:26', '2022-08-25 13:13:26'),
(156, 1, 'PAYID-MMDXLNI89474527YW795723Y', 'A21AAKoNMoUhBbtGd32qrd0m7mKoYj8RAQFvD5lsuDFohm08L4uYO1SjxMQM998noE-KajZL7BnWphMnb-_ltG-LaYf63JA4w', 'EC-36125615B2698392V', 53, '2022-08-01', '2022-08-04', 25000.00, '2022-08-25 13:14:29', '2022-08-25 13:14:29'),
(157, 1, 'PAYID-MMDXL3A73156819591815745', 'A21AAKoNMoUhBbtGd32qrd0m7mKoYj8RAQFvD5lsuDFohm08L4uYO1SjxMQM998noE-KajZL7BnWphMnb-_ltG-LaYf63JA4w', 'EC-5LJ704366D4949827', 190, '2022-08-26', '2022-08-27', 1000.00, '2022-08-25 13:15:25', '2022-08-25 13:15:25'),
(158, NULL, 'PAYID-MMEFAGI513707063A6753832', 'A21AALZUnRcqXMOiKN2LBE_gQKohfE0C-BT3EHS8Y8f-0m4gcBvKLk4qo58WT3ZO6IYMzp4j_ogHrtzerOrBJIJi3jQ-5-NsQ', 'EC-9BW85758A1560582W', 188, '2022-08-25', '2022-08-30', 45.00, '2022-08-26 04:46:17', '2022-08-26 04:46:17'),
(159, 1, 'PAYID-MMEFCKI6GB99836DJ516223C', 'A21AALZUnRcqXMOiKN2LBE_gQKohfE0C-BT3EHS8Y8f-0m4gcBvKLk4qo58WT3ZO6IYMzp4j_ogHrtzerOrBJIJi3jQ-5-NsQ', 'EC-8LC68118N2674761V', 54, '2022-08-01', '2022-08-05', 4555.00, '2022-08-26 04:50:49', '2022-08-26 04:50:49'),
(160, 1, 'PAYID-MMEFQ6Q8HU86777SL6103059', 'A21AALSdE0om1WQ84zwcS2CZNhZ7NZx0g0mTu0xHuaOKNkFy2fNaLLEIBwuheiRRN-WydOG32u7SpvM-MmzisePE1GssrH7LQ', 'EC-1JX13279W0512472L', 54, '2022-08-01', '2022-08-05', 4555.00, '2022-08-26 05:22:02', '2022-08-26 05:22:02'),
(161, 1, 'PAYID-MMEFTQA4E006932ES070440J', 'A21AALSdE0om1WQ84zwcS2CZNhZ7NZx0g0mTu0xHuaOKNkFy2fNaLLEIBwuheiRRN-WydOG32u7SpvM-MmzisePE1GssrH7LQ', 'EC-7FR26178BG273832M', 53, '2022-08-01', '2022-08-04', 25000.00, '2022-08-26 05:27:28', '2022-08-26 05:27:28'),
(162, 1, 'PAYID-MMEFUAI3J31741382506681P', 'A21AALSdE0om1WQ84zwcS2CZNhZ7NZx0g0mTu0xHuaOKNkFy2fNaLLEIBwuheiRRN-WydOG32u7SpvM-MmzisePE1GssrH7LQ', 'EC-9RY869116Y9681024', 188, '2022-08-25', '2022-08-30', 45.00, '2022-08-26 05:28:33', '2022-08-26 05:28:33'),
(163, 1, 'PAYID-MMEF5MA2HM99032BK7733521', 'A21AALSdE0om1WQ84zwcS2CZNhZ7NZx0g0mTu0xHuaOKNkFy2fNaLLEIBwuheiRRN-WydOG32u7SpvM-MmzisePE1GssrH7LQ', 'EC-33D072223J295864X', 214, '2022-08-26', '2022-08-27', 5000.00, '2022-08-26 05:48:32', '2022-08-26 05:48:32'),
(164, 1, 'PAYID-MMEGTXI0L8377245K354660A', 'A21AAJEQgEuvZEzL2lAjYYkpk8zQgOG3BnEB1kvvmGuo-xr9LjXzBwwYxnfJbQMReeVvcDtxQpaB7a00p0VWXkEya0yyJrYSA', 'EC-94V10916H5214825F', 190, '2022-08-26', '2022-08-27', 1000.00, '2022-08-26 06:36:13', '2022-08-26 06:36:13'),
(165, 1, 'PAYID-MMEGUMY1UM53802KA0877323', 'A21AAJEQgEuvZEzL2lAjYYkpk8zQgOG3BnEB1kvvmGuo-xr9LjXzBwwYxnfJbQMReeVvcDtxQpaB7a00p0VWXkEya0yyJrYSA', 'EC-9C707823JR1375221', 188, '2022-08-25', '2022-08-30', 45.00, '2022-08-26 06:37:39', '2022-08-26 06:37:39'),
(166, 1, 'PAYID-MMEG4GQ6CM33400G2859540V', 'A21AAJEQgEuvZEzL2lAjYYkpk8zQgOG3BnEB1kvvmGuo-xr9LjXzBwwYxnfJbQMReeVvcDtxQpaB7a00p0VWXkEya0yyJrYSA', 'EC-0F996792PR679435D', 53, '2022-08-01', '2022-08-04', 25000.00, '2022-08-26 06:54:18', '2022-08-26 06:54:18'),
(167, 1, 'PAYID-MMEG7LA3R165078VT311894T', 'A21AAJmj8vFnWsvROuexjNV9Q3DMiQT5ggEu9xuIXmVJa1xEkMVIg-hmGX8sKcmzmfIqX9Vw2RaggqVf1OdMaM5QJpkK9adMg', 'EC-29887534XR348425L', 190, '2022-08-26', '2022-08-27', 1000.00, '2022-08-26 07:01:00', '2022-08-26 07:01:00'),
(168, 1, 'PAYID-MMEJVBI3G780505NL739990N', 'A21AAK83ZtSg-LHRczOOpPwDEJkdctu7sf09FfehbcJJu_0gA2xxhrtMa2iNnoXWERy-7EFaS1H_IXsEDOa7lIrL6pFf1zS1w', 'EC-1AD865497L541734F', 190, '2022-08-26', '2022-08-27', 1000.00, '2022-08-26 10:03:49', '2022-08-26 10:03:49'),
(169, 1, 'PAYID-MMEKLCI0RF33209U20908622', 'A21AAK83ZtSg-LHRczOOpPwDEJkdctu7sf09FfehbcJJu_0gA2xxhrtMa2iNnoXWERy-7EFaS1H_IXsEDOa7lIrL6pFf1zS1w', 'EC-5TJ06342AN047701R', 190, '2022-08-26', '2022-08-27', 1000.00, '2022-08-26 10:50:49', '2022-08-26 10:50:49'),
(170, 1, 'PAYID-MMELKTQ0TD58130H9409554W', 'A21AAJWzcr2rwe7X8Gj1vYicJbpmDn9ECrrRjkhzNKT3-2TwqhvepdEivk6YDedURiA8jt7mhbqGSyv30-HZGFv9JtBVvH9vg', 'EC-7JU66065D81436222', 54, '2022-08-01', '2022-08-05', 4555.00, '2022-08-26 11:58:07', '2022-08-26 11:58:07'),
(171, 1, 'PAYID-MMELUZY4AC75962V03939137', 'A21AAI6zjdapIeodg6lP_PoqBv4nY0bUETHBtdp96I9VrTtiK58sjCDOua9dNxdTk154H28dTFDPhXla6ZRHXcsKv2vYXNRrw', 'EC-0W7227728K951331J', 188, '2022-08-25', '2022-08-30', 45.00, '2022-08-26 12:19:52', '2022-08-26 12:19:52'),
(172, 1, 'PAYID-MMHO2BY2BT76443BE721680U', 'A21AAI1eG3hgfEHWGAwC5GoN-NQHLeWY75gRylVrKdcz0pqiAKcv-1r255W_RwnLZyDCeH3fv3QQyrYaUcDKUKYXA7qXjPaKA', 'EC-75L23789GK692604J', 190, '2022-08-26', '2022-08-27', 1000.00, '2022-08-31 05:09:27', '2022-08-31 05:09:27'),
(173, NULL, 'PAYID-MMIH6MA8HH21810HR195934A', 'A21AAJUA6IYsjP2tCKnnuPQEUQM7CFCGbhX8YXsyS_yK33iXrxBySV-GVMFVqBjQo9vVc5sNecdcZVmnVztc_VhuLkU_PZ_-Q', 'EC-05L074446H344053N', 190, '1970-01-01', '2022-08-27', 1000.00, '2022-09-01 09:45:21', '2022-09-01 09:45:21'),
(174, NULL, 'PAYID-MMIJ27Y3S9730995E017724A', 'A21AAJqS1ynhtMOVuAh-PxsSC4yckWWSdJgfoz0ZWHKKxMwW0RR6aA-zWoXLKkTYWGUXMasU5Fy0bS__kKfJnphh8-o21G96A', 'EC-1X219416MP757862B', 192, '2022-08-31', '2022-09-07', 20000.00, '2022-09-01 11:54:39', '2022-09-01 11:54:39'),
(175, 1, 'PAYID-MMIKPAY1N455706FD754342N', 'A21AAJsAnBjrQl_EOTPHjCa_xyPi9BGknJKVohcTnvq8K4-pfeVJOtrhsv5M6fVPJfHY5PLwczlqb4vrycriU3094SFJW6QZg', 'EC-5NK73314Y05131337', 190, '1970-01-01', '2022-08-27', 1000.00, '2022-09-01 12:37:23', '2022-09-01 12:37:23'),
(176, 1, 'PAYID-MMI2BJY3JW30218F33590817', 'A21AAIQK-6qkLjRx8ePFu10gBzt5k2v3t_0xEAK2RQfSpYtWrb1cxAPOLHmJFip8r2AmSBp_KtID2UbBYGReno3gSp1G9wFnA', 'EC-8FM47388AK186052W', 190, '1970-01-01', '2022-08-27', 1000.00, '2022-09-02 06:20:23', '2022-09-02 06:20:23');

-- --------------------------------------------------------

--
-- Table structure for table `tour_gallery`
--

CREATE TABLE `tour_gallery` (
  `id` int(11) NOT NULL,
  `tour_id` int(11) NOT NULL,
  `image` varchar(255) COLLATE utf8_unicode_ci NOT NULL,
  `status` int(11) NOT NULL,
  `created_at` datetime NOT NULL,
  `updated_at` timestamp NOT NULL DEFAULT current_timestamp() ON UPDATE current_timestamp()
) ENGINE=InnoDB DEFAULT CHARSET=utf8 COLLATE=utf8_unicode_ci;

--
-- Dumping data for table `tour_gallery`
--

INSERT INTO `tour_gallery` (`id`, `tour_id`, `image`, `status`, `created_at`, `updated_at`) VALUES
(201, 54, '1658817303_pexels-asad-photo-maldives-1320686.jpg', 1, '2022-07-26 06:35:03', '2022-07-26 06:35:03'),
(202, 54, '1658817303_pexels-asad-photo-maldives-1483053.jpg', 1, '2022-07-26 06:35:03', '2022-07-26 06:35:03'),
(203, 54, '1658817303_pexels-asad-photo-maldives-3155724.jpg', 1, '2022-07-26 06:35:03', '2022-07-26 06:35:03'),
(991, 188, '1661259056_pexels-adrienn-1460145.jpg', 1, '2022-08-23 12:50:56', '2022-08-23 12:50:56'),
(992, 188, '1661259056_pexels-ankit-10440693.jpg', 1, '2022-08-23 12:50:56', '2022-08-23 12:50:56'),
(993, 188, '1661259056_pexels-ankur-khandelwal-4851376.jpg', 1, '2022-08-23 12:50:56', '2022-08-23 12:50:56'),
(994, 188, '1661259056_pexels-shiraz-henry-4938550.jpg', 1, '2022-08-23 12:50:56', '2022-08-23 12:50:56'),
(996, 190, '1661260840_pexels-fox-1082326.jpg', 1, '2022-08-23 13:20:40', '2022-08-23 13:20:40'),
(998, 192, '1661926198_7101424013_8c6a963328_b.jpg', 1, '2022-08-31 06:09:58', '2022-08-31 01:09:58'),
(999, 192, '1661926198_download.jpg', 1, '2022-08-31 06:09:58', '2022-08-31 01:09:58'),
(1000, 192, '1661926198_images.jpg', 1, '2022-08-31 06:09:58', '2022-08-31 01:09:58'),
(1001, 192, '1661926198_TMcC0XShYzoIhzNmFLsSLEKyLntR3geiRSQDFWRi.jpeg', 1, '2022-08-31 06:09:58', '2022-08-31 01:09:58');

-- --------------------------------------------------------

--
-- Table structure for table `tour_itinerary`
--

CREATE TABLE `tour_itinerary` (
  `id` int(11) NOT NULL,
  `tour_id` int(11) NOT NULL,
  `title` varchar(255) COLLATE utf8_unicode_ci DEFAULT NULL,
  `place_from` varchar(255) COLLATE utf8_unicode_ci DEFAULT NULL,
  `place_to` varchar(255) COLLATE utf8_unicode_ci DEFAULT NULL,
  `hotel` varchar(255) COLLATE utf8_unicode_ci DEFAULT NULL,
  `transport` varchar(255) COLLATE utf8_unicode_ci DEFAULT NULL,
  `night_stay` int(11) DEFAULT 0 COMMENT '1=>Yes,0=>No',
  `trip_detail` text COLLATE utf8_unicode_ci DEFAULT NULL,
  `picture` text COLLATE utf8_unicode_ci DEFAULT NULL,
  `status` int(11) NOT NULL,
  `created_at` datetime NOT NULL,
  `updated_at` timestamp NOT NULL DEFAULT current_timestamp() ON UPDATE current_timestamp()
) ENGINE=InnoDB DEFAULT CHARSET=utf8 COLLATE=utf8_unicode_ci;

--
-- Dumping data for table `tour_itinerary`
--

INSERT INTO `tour_itinerary` (`id`, `tour_id`, `title`, `place_from`, `place_to`, `hotel`, `transport`, `night_stay`, `trip_detail`, `picture`, `status`, `created_at`, `updated_at`) VALUES
(546, 157, 'uuuuuu', NULL, NULL, NULL, NULL, 0, '[\"vv\"]', NULL, 1, '2022-08-18 05:11:06', '2022-08-18 05:11:06'),
(701, 190, '00', '0', '0', '0', '0', 0, '[\"a\"]', NULL, 1, '2022-08-31 05:56:50', '2022-08-31 00:56:50'),
(702, 188, 'Monday', 'Islamabad', 'Mansehra', 'abc hotel', 'bus', 0, '[\"Enjoy the day at leisure with a comfortable sleep in the hotel.\"]', NULL, 1, '2022-08-31 06:01:01', '2022-08-31 01:01:01'),
(705, 54, 'Day 1 - Arrival in Male', 'Islamabad', 'Hunza', 'abc hotel', 'bus', 0, '[\"arrival\"]', NULL, 1, '2022-08-31 06:03:56', '2022-08-31 01:03:56'),
(706, 192, 'Monday', 'Islamabad', 'Lahore', 'abc hotel', 'bus', 0, '[\"a\"]', NULL, 1, '2022-08-31 06:09:58', '2022-08-31 01:09:58');

-- --------------------------------------------------------

--
-- Table structure for table `tour_list`
--

CREATE TABLE `tour_list` (
  `id` int(11) NOT NULL,
  `vendor_id` int(11) DEFAULT NULL,
  `tour_status` enum('available','booked') COLLATE utf8_unicode_ci DEFAULT NULL,
  `tour_title` varchar(255) COLLATE utf8_unicode_ci DEFAULT NULL,
  `tour_description` text COLLATE utf8_unicode_ci DEFAULT NULL,
  `city` varchar(255) COLLATE utf8_unicode_ci DEFAULT NULL,
  `address` varchar(255) COLLATE utf8_unicode_ci DEFAULT NULL,
  `latitude` varchar(255) COLLATE utf8_unicode_ci DEFAULT NULL,
  `longitude` varchar(255) COLLATE utf8_unicode_ci DEFAULT NULL,
  `neighb_area` varchar(255) COLLATE utf8_unicode_ci DEFAULT NULL,
  `country_id` int(11) DEFAULT NULL,
  `tour_code` varchar(255) COLLATE utf8_unicode_ci DEFAULT NULL,
  `tour_start_day` varchar(255) COLLATE utf8_unicode_ci DEFAULT NULL,
  `tour_start_date` date NOT NULL,
  `tour_end_date` date NOT NULL,
  `tour_feature_image` varchar(255) COLLATE utf8_unicode_ci NOT NULL,
  `tour_type` varchar(255) COLLATE utf8_unicode_ci DEFAULT NULL,
  `tour_sub_type` varchar(255) COLLATE utf8_unicode_ci NOT NULL,
  `tour_days` varchar(255) COLLATE utf8_unicode_ci DEFAULT NULL,
  `tour_price` double DEFAULT NULL,
  `tour_price_others` double DEFAULT NULL,
  `tour_discount` int(11) DEFAULT NULL,
  `children_policy` text COLLATE utf8_unicode_ci DEFAULT NULL,
  `tour_min_capacity` int(11) DEFAULT NULL,
  `tour_max_capacity` int(11) DEFAULT NULL,
  `scout_id` int(11) DEFAULT NULL,
  `tour_policy` text COLLATE utf8_unicode_ci DEFAULT NULL,
  `payment_mode` tinyint(4) DEFAULT NULL COMMENT '"0" =>Pay at Desk, "1"=>Full Payment, "2"=> Partial Payment ',
  `cancellation_and_refund` text COLLATE utf8_unicode_ci DEFAULT NULL,
  `booking_option` tinyint(2) DEFAULT NULL,
  `tour_locations` text COLLATE utf8_unicode_ci DEFAULT NULL,
  `tour_activities` text COLLATE utf8_unicode_ci DEFAULT NULL,
  `tour_services_includes` text COLLATE utf8_unicode_ci DEFAULT NULL,
  `tour_services_not_includes` text COLLATE utf8_unicode_ci DEFAULT NULL,
  `tour_duration` varchar(255) COLLATE utf8_unicode_ci DEFAULT NULL,
  `tour_payment_term` varchar(255) COLLATE utf8_unicode_ci DEFAULT NULL,
  `booking_contact_no` varchar(255) COLLATE utf8_unicode_ci DEFAULT NULL,
  `tour_term_condition` text COLLATE utf8_unicode_ci DEFAULT NULL,
  `tour_document` varchar(255) COLLATE utf8_unicode_ci DEFAULT NULL,
  `created_at` datetime DEFAULT NULL,
  `status` int(11) DEFAULT NULL,
  `updated_at` timestamp NULL DEFAULT NULL
) ENGINE=InnoDB DEFAULT CHARSET=utf8 COLLATE=utf8_unicode_ci;

--
-- Dumping data for table `tour_list`
--

INSERT INTO `tour_list` (`id`, `vendor_id`, `tour_status`, `tour_title`, `tour_description`, `city`, `address`, `latitude`, `longitude`, `neighb_area`, `country_id`, `tour_code`, `tour_start_day`, `tour_start_date`, `tour_end_date`, `tour_feature_image`, `tour_type`, `tour_sub_type`, `tour_days`, `tour_price`, `tour_price_others`, `tour_discount`, `children_policy`, `tour_min_capacity`, `tour_max_capacity`, `scout_id`, `tour_policy`, `payment_mode`, `cancellation_and_refund`, `booking_option`, `tour_locations`, `tour_activities`, `tour_services_includes`, `tour_services_not_includes`, `tour_duration`, `tour_payment_term`, `booking_contact_no`, `tour_term_condition`, `tour_document`, `created_at`, `status`, `updated_at`) VALUES
(54, 877, 'available', 'Attabad Lake', '5 DAY PLAN\n2 FLIGHTS\n2 FLIGHTS\n2 ACTIVITIES', 'Attabad Lake', 'Attabad Lake, Hunza Nagar', '36.3190424', '74.8653331', 'Gojal', 162, 'IJ14756', NULL, '2022-08-01', '2022-08-05', 'pexels-asad-photo-maldives-1320686-tourMainImg-1658817303.jpg', 'adventure', 'standard', '5', 4555, 450, 1, 'Hello', 4, 5, 557, 'vbcb', 0, 'fgsdg', 2, 'Maldives', 'location', 'drinks', 'brekfast, lunch, dinner', NULL, NULL, '7412587895', 'Please expect to receive your vouchers 72 hours before your departure date (subject to full payment of your package cost)\nPlease note that these packages are customizable, which means that you will be able to make changes to the itinerary/activity if you so desire. The final payment will be calculated as per the activities reflecting on the website which will be outlined in the confirmatory e-mail sent to you.\nPersonal expenses such as laundry, telephone calls, room service, alcoholic beverages, mini bar etc., are not included.\nIn case your package needs to be cancelled due to any natural calamity, weather conditions etc.  RoadNStay shall strive to give you the maximum possible refund subject to the agreement made with our trade partners/vendors.\nIf payment is not made as per the schedule provided in the first booking confirmation e-mail, RoadNStay reserves the right to cancel the booking after attempting to get in touch with you. Refunds would be as per the package cancellation policy.\nThe passenger names in the booking form should be exactly as per passports.  RoadNStay  will not bear any liability for the name change fee, if incorrect names and ages have been added at the time of booking.', NULL, '2022-07-26 06:35:03', 1, '2022-07-26 06:35:03'),
(188, 877, 'available', 'Shogran Valley', 'Do you wish to take a break from the mundanity and din of city life? Then embark on an amazing journey to the Northeast. Our Darjeeling tour package from Indore allows you to discover the grandeur of the Gangtok and Darjeeling at the fullest. If you are looking ahead to spend your time with your family or a honeymoon package or a trip with friends, this package would be the right option.\nHighlights\nUnwind in the exhilarating beauty of Gangtok-DarjeelingSunrise view from the Tiger hillsExcursions to Tsomgo lakeHandicraft shopping from Gangtok', 'Mansehra', 'Shogran Valley Tour, Shogran, Pakistan', '34.6398264', '73.4607431', 'JFQ6+W7Q, Shogran', 162, NULL, NULL, '2022-08-25', '2022-08-30', 'pexels-quang-nguyen-vinh-3355732-tourMainImg-1661259056.jpg', 'adventure', 'standard', '6', 45, 0, 0, 'not yet', 2, 10, 557, 'policy', 1, 'cancellation policy', 2, 'Mansehra, Shogran Valley', 'a', 'Meal Plan\nBreakfast\nAccommodation\nTwin-sharing basis at 4-star hotel\nSightseeing at Gangtok and Darjeeling\nPickup and drop by private cabs from the nearest airport and railway stations', 'Meal Plans\nLunch and Dinner\nPersonal expenses\nLaundryTelephone charges\nGratuity and Tips\nMineral water\nSoft and Hard drinks\nRiver rafting\nRock climbing\nParagliding\nAdditional sightseeing\nExtra usage of vehicles\nOther than the mentioned in the itinerary\nEntrance fees and guide charges', NULL, NULL, NULL, NULL, NULL, '2022-08-23 12:50:56', 1, '2022-08-23 12:50:56'),
(190, 877, 'available', 'Naran valley', 'de', 'Mansehra', 'Naran Valley, Naran, Pakistan', '34.90592850000001', '73.6468434', 'Naran', 162, NULL, NULL, '1970-01-01', '2022-08-27', 'pexels-pixabay-261395-tourMainImg-1661260840.jpg', 'adventure', 'standard', '2', 1000, 0, 0, 'p', 2, 10, 557, 'p', 1, 'c', 1, 'c', 'c', 's', 's', NULL, NULL, NULL, NULL, NULL, '2022-08-23 13:20:40', 1, '2022-08-23 13:20:40'),
(192, 1044, 'available', 'Badshahi Mosque', 'd', 'Lahore', 'Badshahi Mosque, Lahore, Pakistan', '31.2048633', '73.93639519999999', '6W3P+WHR, Phool Nager, Lahore', 162, NULL, NULL, '2022-08-31', '2022-09-07', 'TMcC0XShYzoIhzNmFLsSLEKyLntR3geiRSQDFWRi-tourMainImg-1661926198.jpeg', 'adventure', 'standard', '6', 20000, 2000, 100, 'a', 5, 7, 1085, 'a', 2, 'a', 1, 'a', 'a', 'a', 'a', NULL, NULL, NULL, NULL, NULL, '2022-08-31 06:09:58', 1, '2022-08-31 01:09:58');

-- --------------------------------------------------------

--
-- Table structure for table `tour_pickup_locations`
--

CREATE TABLE `tour_pickup_locations` (
  `id` int(11) NOT NULL,
  `tour_id` int(11) NOT NULL,
  `city` varchar(255) COLLATE utf8_unicode_ci NOT NULL,
  `address` varchar(255) COLLATE utf8_unicode_ci NOT NULL,
  `latitute` varchar(255) COLLATE utf8_unicode_ci NOT NULL,
  `longitude` varchar(255) COLLATE utf8_unicode_ci NOT NULL,
  `area` varchar(255) COLLATE utf8_unicode_ci NOT NULL,
  `country` varchar(255) COLLATE utf8_unicode_ci NOT NULL,
  `status` int(11) NOT NULL,
  `created_at` datetime NOT NULL,
  `updated_at` timestamp NOT NULL DEFAULT current_timestamp() ON UPDATE current_timestamp()
) ENGINE=InnoDB DEFAULT CHARSET=utf8 COLLATE=utf8_unicode_ci;

-- --------------------------------------------------------

--
-- Table structure for table `users`
--

CREATE TABLE `users` (
  `id` int(11) NOT NULL,
  `user_type` varchar(30) CHARACTER SET latin1 NOT NULL,
  `first_name` varchar(255) CHARACTER SET latin1 DEFAULT NULL,
  `last_name` varchar(255) CHARACTER SET latin1 DEFAULT NULL,
  `email` varchar(255) CHARACTER SET latin1 NOT NULL,
  `num_dialcode_1` varchar(20) CHARACTER SET latin1 DEFAULT NULL,
  `country_iso2_code1` varchar(20) CHARACTER SET latin1 DEFAULT NULL,
  `contact_number` varchar(20) CHARACTER SET latin1 DEFAULT NULL,
  `user_company_number` varchar(20) CHARACTER SET latin1 DEFAULT NULL,
  `landline_number` varchar(20) CHARACTER SET latin1 DEFAULT NULL,
  `password` varchar(255) CHARACTER SET latin1 NOT NULL,
  `about_me` varchar(255) CHARACTER SET latin1 DEFAULT NULL,
  `i_speak` varchar(255) CHARACTER SET latin1 DEFAULT NULL,
  `payment_info` varchar(255) CHARACTER SET latin1 DEFAULT NULL,
  `role_id` int(11) DEFAULT NULL COMMENT '"1" => Admin, "2" => User, "3" => Scout, "4" => Vendor/Service Provider',
  `is_verify_email` tinyint(4) DEFAULT 0,
  `is_verify_contact` tinyint(4) DEFAULT 0,
  `profile_pic` varchar(255) CHARACTER SET latin1 DEFAULT NULL,
  `gender` varchar(255) CHARACTER SET latin1 DEFAULT NULL,
  `user_country` varchar(255) CHARACTER SET latin1 DEFAULT '99',
  `state_id` varchar(255) DEFAULT NULL,
  `user_city` varchar(30) CHARACTER SET latin1 DEFAULT NULL,
  `postal_code` int(11) DEFAULT NULL,
  `latitude` varchar(255) CHARACTER SET latin1 DEFAULT NULL,
  `longitude` varchar(255) CHARACTER SET latin1 DEFAULT NULL,
  `wallet_balance` int(11) DEFAULT 0,
  `address` text CHARACTER SET latin1 DEFAULT NULL,
  `alternate_num` varchar(20) DEFAULT NULL,
  `social_id` text CHARACTER SET latin1 DEFAULT NULL,
  `register_by` varchar(255) CHARACTER SET latin1 DEFAULT NULL,
  `website` varchar(200) CHARACTER SET latin1 DEFAULT NULL,
  `device_id` varchar(255) CHARACTER SET latin1 DEFAULT NULL,
  `device_token` varchar(255) CHARACTER SET latin1 DEFAULT NULL,
  `device_type` varchar(255) CHARACTER SET latin1 DEFAULT NULL,
  `vrfn_code` varchar(255) CHARACTER SET latin1 DEFAULT NULL,
  `status` tinyint(4) DEFAULT 1,
  `user_signup_method` varchar(255) CHARACTER SET latin1 DEFAULT NULL,
  `created_at` datetime DEFAULT NULL,
  `updated_at` timestamp NULL DEFAULT NULL,
  `remember_token` varchar(255) CHARACTER SET latin1 DEFAULT NULL,
  `guest_login` int(10) UNSIGNED DEFAULT NULL,
  `otp` varchar(255) CHARACTER SET latin1 DEFAULT NULL
) ENGINE=InnoDB DEFAULT CHARSET=utf8;

--
-- Dumping data for table `users`
--

INSERT INTO `users` (`id`, `user_type`, `first_name`, `last_name`, `email`, `num_dialcode_1`, `country_iso2_code1`, `contact_number`, `user_company_number`, `landline_number`, `password`, `about_me`, `i_speak`, `payment_info`, `role_id`, `is_verify_email`, `is_verify_contact`, `profile_pic`, `gender`, `user_country`, `state_id`, `user_city`, `postal_code`, `latitude`, `longitude`, `wallet_balance`, `address`, `alternate_num`, `social_id`, `register_by`, `website`, `device_id`, `device_token`, `device_type`, `vrfn_code`, `status`, `user_signup_method`, `created_at`, `updated_at`, `remember_token`, `guest_login`, `otp`) VALUES
(336, 'service_provider', 'service', 'provider', 'rahulservpro@gmail.com', NULL, NULL, '3453453450', NULL, NULL, '$2y$10$jGnNJ0JULRSehm5PfC64R.OmXFFGWVlcW3RDhKHMD0vpitf39OLb6', NULL, NULL, NULL, 4, 1, 0, 'avatar5-1657169063.png', NULL, '99', 'madhya pradesh', 'indore', 452009, NULL, NULL, 0, 'Rajendra Nagar', NULL, NULL, 'web', NULL, NULL, NULL, NULL, 'kK40jc', 1, NULL, '2022-05-25 11:41:12', '2022-08-17 04:50:24', NULL, NULL, NULL),
(346, 'normal_user', 'rahul', 'solanki', 'user@gmail.com', NULL, NULL, '0942509544', NULL, NULL, '$2y$10$.gRna0rWr.gSaYQ4wkL4gO1jXdAOIbNy2mezz9TmKTi/REVoBFiMy', NULL, NULL, NULL, 2, 0, 0, 'bmw-1654599938.png', NULL, '99', 'madhya pradesh', 'indore', 452001, NULL, NULL, 0, 'Rajendra Nagar', NULL, NULL, NULL, NULL, NULL, NULL, NULL, NULL, 1, NULL, '2022-05-26 08:22:09', '2022-06-22 10:41:55', NULL, NULL, NULL),
(347, 'normal_user', 'vivek', 'demo', 'vivek@gmail.com', NULL, NULL, '1234577899', NULL, NULL, '$2y$10$cfKorP8.CE6arkxNyVFFouHvKLpYIuWSBN7wpdvc6Az7K8XIxlJTi', NULL, NULL, NULL, 2, 0, 0, NULL, NULL, '99', 'madhya pradesh', 'indore', NULL, NULL, NULL, 0, 'Rajendra Nagar', NULL, NULL, NULL, NULL, NULL, NULL, NULL, NULL, 1, NULL, '2022-05-26 13:10:02', '2022-05-28 06:56:21', NULL, NULL, NULL),
(348, 'normal_user', 'viveksd', 'demo', 'vevie@gmail.com', NULL, NULL, '1231324562', NULL, NULL, '$2y$10$ljLea3bBvsYVpWH3xfE4DeGZKkgPW8tO8/wWe7tDy4apdzhWGm7Qq', NULL, NULL, NULL, 2, 0, 0, NULL, NULL, '99', 'madhya pradesh', 'indore', NULL, NULL, NULL, 0, 'Rajendra Nagar', NULL, NULL, NULL, NULL, NULL, NULL, NULL, NULL, 1, NULL, '2022-05-26 13:11:22', '2022-05-26 07:41:22', NULL, NULL, NULL),
(351, 'normal_user', 'nakul', 'demo', 'nakulsuhane@gmail.com', NULL, NULL, '9993776089', NULL, NULL, '$2y$10$d35Lv45BGe7igztuFOUJouYWJAYjjZc3aer0CAMRHvBWRAZsQc8vO', NULL, NULL, NULL, 2, 0, 0, '1649150813_fd06191f-8c6c-436c-a3af-5f2a6a17184c-1653648938.jpg', NULL, '99', 'madhya pradesh', 'indore', 45454545, NULL, NULL, 0, 'Rajendra Nagar', NULL, NULL, NULL, NULL, NULL, NULL, NULL, NULL, 1, NULL, '2022-05-27 10:47:25', '2022-06-07 10:16:33', NULL, NULL, NULL),
(352, 'service_provider', 'Votive tech', 'demo', 'votive.techs@gmail.com', NULL, NULL, '1231231234', NULL, NULL, '$2y$10$DrJ/97AfkWzYzgP66hEK5uqE67w2gmtQcWeYgJE6X1E9yd0Cyv1se', NULL, NULL, NULL, 4, 0, 0, NULL, NULL, '99', 'madhya pradesh', 'indore', NULL, NULL, NULL, 0, 'Rajendra Nagar', NULL, NULL, NULL, NULL, NULL, NULL, NULL, NULL, 1, NULL, '2022-05-27 11:08:02', '2022-05-27 11:08:02', NULL, NULL, NULL),
(353, 'service_provider', 'new vendor', 'demo', 'vendor2@gmail.com', NULL, NULL, '3131021230', NULL, NULL, '$2y$10$WiyOS7gEw5gCigyA80oscOGurqTCOnLU1F0x3Y.AOLV.9ncmqb3uO', NULL, NULL, NULL, 4, 0, 0, NULL, NULL, '99', 'madhya pradesh', 'indore', NULL, NULL, NULL, 0, 'Rajendra Nagar', NULL, NULL, NULL, NULL, NULL, NULL, NULL, NULL, 1, NULL, '2022-05-27 13:26:33', '2022-05-28 07:48:22', NULL, NULL, NULL),
(354, 'normal_user', 'Muhammad Khalid', 'demo', 'mkakhi@yahoo.com', NULL, NULL, '0503589372', NULL, NULL, '$2y$10$IBJySupEyRUT4rRrKx5fuOuO/kNkLvgb1PGQU1x/yquog0Nt38gT6', NULL, NULL, NULL, 2, 0, 0, NULL, NULL, '99', 'madhya pradesh', 'indore', NULL, NULL, NULL, 0, 'Rajendra Nagar', NULL, NULL, NULL, NULL, NULL, NULL, NULL, NULL, 1, NULL, '2022-05-27 20:36:30', '2022-05-27 20:36:30', NULL, NULL, NULL),
(477, 'scout', 'Swayam', 'Scout', 'scout@gmail.com', NULL, NULL, '09425095449', NULL, NULL, '$2y$10$qBKV3v2DLktHo4xBehGiE.lLbuz0YRF913QHqNtrcYKTe7hLm8OxC', NULL, NULL, NULL, 3, 1, 0, NULL, NULL, '99', 'madhya pradesh', 'indore', NULL, NULL, NULL, 0, 'Rajendra Nagar', NULL, NULL, 'web', NULL, NULL, NULL, NULL, 'yFv0op', 1, NULL, '2022-06-09 10:38:27', '2022-08-05 06:36:19', NULL, NULL, NULL),
(484, 'service_provider', 'spfn', 'demo', 'spfn@gmail.com', NULL, NULL, '9874563214', NULL, NULL, '$2y$10$w2rLUrh9Z/26TKnCBHO3u.gR.JGZrPqp5LNoGvjbg1LmuPRPOlPZq', NULL, NULL, NULL, 4, 1, 0, NULL, NULL, '99', 'madhya pradesh', 'indore', NULL, NULL, NULL, 0, 'Rajendra Nagar', NULL, NULL, 'web', NULL, NULL, NULL, NULL, 'nqRA5N', 1, NULL, '2022-06-10 05:32:47', '2022-06-14 13:25:49', NULL, NULL, NULL),
(557, 'scout', 'asc', 'sdsd', 'asc@gmail.com', NULL, NULL, '3692581474', NULL, NULL, '$2y$10$NMkamgWsYjkbTzx6vSBmmu8Egw7Hb64sNfzSW58PCFmoHETmIrBTS', NULL, NULL, NULL, 3, 1, 0, NULL, NULL, '99', 'madhya pradesh', 'indore', NULL, NULL, NULL, 0, 'Rajendra Nagar', NULL, NULL, 'web', NULL, NULL, NULL, NULL, 'quZetW', 1, NULL, '2022-06-15 12:01:42', '2022-08-16 16:22:31', NULL, NULL, NULL),
(615, 'normal_user', 'ankit', 'demo', 'votiveankit@yopmail.com', NULL, NULL, '9425095332', NULL, NULL, '$2y$10$Jw8FvWrqKdASeJrsyxPIJOMFjbxo/bzSkcQNSt/RuLZx9NVas3fvu', NULL, NULL, NULL, 2, 0, 0, 'http://votivelaravel.in/roadNstays/resources/assets/images/blank_user.jpg', NULL, '99', 'madhya pradesh', 'indore', NULL, NULL, NULL, 0, 'Rajendra Nagar', NULL, NULL, 'web', NULL, '0', '0', '0', 'S73y8D', 1, NULL, '2022-06-23 05:24:43', '2022-06-23 05:24:43', NULL, NULL, NULL),
(627, 'normal_user', 'ankit', 'test', 'votiveankit1@yopmail.com', NULL, NULL, '9425095331', NULL, NULL, '$2y$10$X6VzSjzM72R/YQkxUH2Qj.KkCanNV.ASJ/hrf68PhGxsTOp6hDke2', NULL, NULL, NULL, 2, 1, 0, 'http://votivelaravel.in/roadNstays/resources/assets/images/blank_user.jpg', NULL, '99', 'madhya pradesh', 'indore', NULL, NULL, NULL, 0, 'Rajendra Nagar', NULL, NULL, 'web', NULL, 'adad', 'adad', 'ada', 'Z4c6zV', 1, NULL, '2022-06-23 07:03:00', '2022-06-23 07:03:00', NULL, NULL, NULL),
(637, 'normal_user', 'ankit', 'test', 'votivemobile.ankit@gmail.com', NULL, NULL, '94250235651', NULL, NULL, '$2y$10$03iG.JCAxHX62byXe.TvAukz9J.aF61NdRSgTzqY11wd6FqVj7soe', NULL, NULL, NULL, 2, 1, 0, 'http://votivelaravel.in/roadNstays/public/uploads/profile_image/1656149554.jpg', NULL, '99', 'madhya pradesh', 'indore', NULL, NULL, NULL, 0, 'Rajendra Nagar', NULL, NULL, 'web', NULL, 'ss', 'ss', 'Ios', 'fGUO0w', 1, NULL, '2022-06-23 09:39:39', '2022-06-23 12:28:30', NULL, NULL, '5401'),
(641, 'normal_user', 'neha', 'test', 'votivephp.neha@gmail.com', NULL, NULL, '942502356532', NULL, NULL, '$2y$10$yhCpJO8pursNXnNzakLPmuDlzoaioaCYUVI5KwOkx1yIoFUnTWdBO', NULL, NULL, NULL, 2, 1, 0, 'http://votivelaravel.in/roadNstays/public/uploads/profile_image/1656063127.jpeg', NULL, '99', 'madhya pradesh', 'indore', NULL, NULL, NULL, 0, 'Rajendra Nagar', NULL, NULL, 'web', NULL, 'dsf', 'cxcv', 'dfdf', '2kBJbM', 1, NULL, '2022-06-24 05:47:56', '2022-06-24 10:39:25', NULL, NULL, NULL),
(645, 'normal_user', 'neha', 'mandloi', 'votivephp.neha679@gmail.com', NULL, NULL, '234156590', NULL, NULL, '$2y$10$LDOHwFfaKAbkkpVbOUxp4eOAAVR7wdACXfeKWoKM3L5932SHzlsiK', NULL, NULL, NULL, 2, 1, 0, 'http://votivelaravel.in/roadNstays/public/uploads/profile_image/1656067497.jpg', NULL, '99', 'madhya pradesh', 'indore', NULL, NULL, NULL, 0, 'Rajendra Nagar', NULL, NULL, 'web', NULL, 'cvvcx', 'vcvcv', 'ccxvc', 'LDLcit', 1, NULL, '2022-06-24 10:44:58', '2022-06-24 10:46:43', NULL, NULL, NULL),
(649, 'normal_user', 'nakul', 'Votive', 'votive.mrk1@gmail.com', NULL, NULL, '9993776088', NULL, NULL, '$2y$10$8qW6frLZo19LxIWqCduJK.UZSznGwXvAMolkfNUBYQke8VXDymp/W', NULL, NULL, NULL, 2, 1, 0, NULL, NULL, '99', 'madhya pradesh', 'indore', NULL, NULL, NULL, 0, 'Rajendra Nagar', NULL, NULL, NULL, NULL, 'ss', 'ss', 'Ios', NULL, 1, NULL, '2022-06-24 10:54:14', '2022-06-28 10:35:43', NULL, NULL, NULL),
(678, 'normal_user', 'test', 'buyer', 'votivephp.nehaojha-buyer@gmail.com', NULL, NULL, '408-651-5221', NULL, NULL, '0e7517141fb53f21ee439b355b5a1d0a', NULL, NULL, NULL, 2, 1, 0, NULL, NULL, '99', 'madhya pradesh', 'indore', NULL, NULL, NULL, 0, 'Rajendra Nagar', NULL, NULL, 'paypal', NULL, NULL, NULL, NULL, NULL, 1, NULL, '2022-06-28 11:49:00', '2022-06-28 11:49:00', NULL, NULL, NULL),
(689, 'normal_user', 'facilitator', 'account', 'deepaksahucwa-facilitator@gmail.com', NULL, NULL, '408-582-1562', NULL, NULL, '0e7517141fb53f21ee439b355b5a1d0a', NULL, NULL, NULL, 2, 1, 0, NULL, NULL, '99', 'madhya pradesh', 'indore', NULL, NULL, NULL, 0, 'Rajendra Nagar', NULL, NULL, 'paypal', NULL, NULL, NULL, NULL, NULL, 1, NULL, '2022-06-30 13:07:14', '2022-06-30 13:07:14', NULL, NULL, NULL),
(712, 'normal_user', 'krishna', 'patel', 'votivedesigner.krishna@gmail.com', NULL, NULL, '9575487052', NULL, NULL, '$2y$10$4ZzYLkTXVhJibZq7Mnu8WOiHlkGWpNAnAVAnypRnLGpUdZijCJ/g2', NULL, NULL, NULL, 2, 0, 0, '1a-1656928730.jpg', NULL, '99', 'madhya pradesh', 'indore', NULL, NULL, NULL, 0, 'Rajendra Nagar', NULL, NULL, NULL, NULL, NULL, NULL, NULL, NULL, 1, NULL, '2022-07-02 06:26:07', '2022-07-02 11:43:47', NULL, NULL, NULL),
(754, 'normal_user', 'devid', 'dhawan', 'votivedeepak.php@gmail.com', NULL, NULL, '8978987898', NULL, NULL, '$2y$10$KC92IWcngGCJ6qqUg1gXv.AsU3ifvjSH6SdOOdR9r1iQ8EP6KPtRa', NULL, NULL, NULL, 2, 1, 0, 'http://votivelaravel.in/roadNstays/resources/assets/images/blank_user.jpg', NULL, '99', NULL, NULL, NULL, NULL, NULL, 0, NULL, NULL, NULL, 'web', NULL, '123', '14566', 'android', 'MPOi9m', 1, NULL, '2022-07-07 06:17:46', '2022-07-07 06:17:46', NULL, NULL, NULL),
(755, 'normal_user', 'devid', 'dhawan', 'votivedeepak123.php@gmail.com', NULL, NULL, '8978974147', NULL, NULL, '$2y$10$2YISriK2evnRiTBIsAdYzedswm1yFbS5njB8edZ.i4uLMZy//qnhO', NULL, NULL, NULL, 2, 1, 0, 'http://votivelaravel.in/roadNstays/resources/assets/images/blank_user.jpg', NULL, '99', NULL, NULL, NULL, NULL, NULL, 0, NULL, NULL, NULL, 'web', NULL, '123', '14566', 'android', 'ypJIOP', 1, NULL, '2022-07-07 06:20:07', '2022-07-07 06:20:07', NULL, NULL, NULL),
(789, 'normal_user', 'devid', 'dhawan', 'votivedeepak1.php@gmail.com', NULL, NULL, '8978974447', NULL, NULL, '$2y$10$lw9LeJtpgX/ywPDuhM2Pnu0SuOf41sqfklgesuoS6GagLbitlbmga', NULL, NULL, NULL, 2, 1, 0, 'http://votivelaravel.in/roadNstays/resources/assets/images/blank_user.jpg', NULL, '99', NULL, NULL, NULL, NULL, NULL, 0, NULL, NULL, NULL, 'web', NULL, '123', '14566', 'android', '1PJJ5t', 1, NULL, '2022-07-08 06:01:52', '2022-07-08 06:01:52', NULL, NULL, NULL),
(790, 'normal_user', 'devid', 'dhawan', 'votivedeepak11.php@gmail.com', NULL, NULL, '8978971117', NULL, NULL, '$2y$10$sh3/paT.wVQk.F848BtgzewDd4hVBMMPGvnyqVsnuv7OS82M/wocq', NULL, NULL, NULL, 2, 1, 0, 'https://votivetechnologies.in/roadNstays/resources/assets/images/blank_user.jpg', NULL, '99', NULL, NULL, NULL, NULL, NULL, 0, NULL, NULL, NULL, 'web', NULL, '123', '14566', 'android', 'TdOCHQ', 1, NULL, '2022-07-08 06:02:23', '2022-07-08 06:02:23', NULL, NULL, NULL),
(791, 'normal_user', 'devid', 'dhawan', 'votivedeepak110.php@gmail.com', NULL, NULL, '8978978817', NULL, NULL, '$2y$10$021kPZF26DUzhfYu/8FBoOQIc3.aSgBxGQBSBe9kRSGxRuWXGe4fq', NULL, NULL, NULL, 2, 1, 0, 'https://votivetechnologies.in/roadNstays/resources/assets/images/blank_user.jpg', NULL, '99', NULL, NULL, NULL, NULL, NULL, 0, NULL, NULL, NULL, 'web', NULL, '123', '14566', 'android', 'bh3Pm7', 1, NULL, '2022-07-08 06:05:28', '2022-07-08 06:05:28', NULL, NULL, NULL),
(819, 'normal_user', 'Pushpendra', 'Jha', 'pushpendrajha88@gmail.com', NULL, NULL, '9179004123', NULL, NULL, '$2y$10$7Y7QGobXjBeOVOWCNYKrkOFfPPUPDCTcsL5hBCXN2Zg0d09Ig3rVe', NULL, NULL, NULL, 2, 0, 0, 'mumbai-1661233406.jpg', NULL, '99', 'Madhya Pradesh', 'Indore', 452001, NULL, NULL, 0, 'Indore', NULL, NULL, NULL, NULL, NULL, NULL, NULL, NULL, 1, NULL, '2022-07-11 06:06:08', '2022-07-11 06:06:08', NULL, NULL, NULL),
(832, 'normal_user', 'rahul', 'solanki', 'votivephp.rahulraj@gmail.com', NULL, NULL, '9425095440', NULL, NULL, '$2y$10$TjVDh4uTpedb6rIinF1nZOck8549gjanN0DaSv1VjYy7Q2eEnODXi', NULL, NULL, NULL, 2, 1, 0, 'user-dummy-1660029133.png', NULL, '99', 'Madhya Pradesh', 'Indore', 452009, NULL, NULL, 0, 'shree vardhan complex', NULL, NULL, NULL, NULL, 'ss', 'ss', 'Ios', '', 1, NULL, '2022-07-12 09:53:45', '2022-09-02 07:15:51', NULL, NULL, '4396'),
(833, 'service_provider', 'rahul', 'solanki', 'votivephp.rahul@gmail.com', NULL, NULL, '9425095440', NULL, NULL, '$2y$10$Zp4hv7NWfA9NTU2I43ZE5uLMTlyuQkn89.pzT4tRgoZH.qCNJSCsy', NULL, NULL, NULL, 4, 1, 0, NULL, NULL, '99', 'Madhya Pradesh', 'Indore', 452009, NULL, NULL, 0, 'Rnt Marg', NULL, NULL, NULL, NULL, NULL, NULL, NULL, '', 1, NULL, '2022-07-12 10:05:14', '2022-08-18 05:17:19', NULL, NULL, NULL),
(834, 'service_provider', 'Pushpendra', 'Jha', 'votivephppushpendra@gmail.com', NULL, NULL, '9179004123', NULL, NULL, '$2y$10$ckRPMs1uuAB77Os.KV9Whe.pPVUVCe7iuRxTJBZ9IJpWbwbNc84US', NULL, NULL, NULL, 4, 1, 0, NULL, NULL, '99', NULL, NULL, NULL, NULL, NULL, 0, NULL, NULL, NULL, NULL, NULL, NULL, NULL, NULL, '', 1, NULL, '2022-07-12 10:09:51', '2022-07-14 13:20:39', NULL, NULL, NULL),
(837, 'normal_user', 'srb', 'sahu', 'votivetester.saurabh@gmail.com', NULL, NULL, '9874562585', NULL, NULL, '$2y$10$LXZLGHiXYbfWwNT/coaoHurwDQvyvmt9/T.WHADbIIeIT5RPgu7jC', NULL, NULL, NULL, 2, 1, 0, 'pexels-quang-nguyen-vinh-3355732-1661583517.jpg', NULL, '99', 'madhya pradesh', 'indore', 452001, NULL, NULL, 0, 'rnt road', NULL, NULL, NULL, NULL, NULL, NULL, NULL, NULL, 1, NULL, '2022-07-13 05:03:05', '2022-09-03 04:57:13', NULL, NULL, '7174'),
(877, 'service_provider', 'saurabh', 'sahu', 'ssnothinginlife@gmail.com', NULL, NULL, '9874562584', NULL, '0261-202244', '$2y$10$2yvDyPCb0aPwdthd/AKzaeVr7UgagrUs9HPOIp3hCwbP/wWtlI/7u', 'nosdf asdfsd', 'asdf sdfw de sdfe', 'ponse de lion', 4, 0, 0, 'pexels-pixabay-261395-1661583293.jpg', NULL, '99', 'madhya pradesh', 'indore', 452001, NULL, NULL, 0, 'rnt road, murai mohalla, near lemon tree hotel', NULL, NULL, NULL, NULL, NULL, NULL, NULL, NULL, 1, NULL, '2022-07-16 06:16:02', '2022-08-27 07:13:50', NULL, NULL, NULL),
(934, 'service_provider', 'Ayesha', 'Zahid', 'ayeshazahid913@gmail.com', NULL, NULL, '0123456789', NULL, NULL, '$2y$10$GPIqIveEMXHl9.n.Maa.wekVj5284xVvGBiA7LYCsgeJHvhSaAo0q', NULL, NULL, NULL, 4, 1, 0, NULL, NULL, '162', NULL, 'lahore', NULL, NULL, NULL, 0, 'lahore', NULL, NULL, 'web', NULL, NULL, NULL, NULL, 'TYRTli', 1, NULL, '2022-07-26 10:58:01', '2022-08-05 10:53:04', NULL, NULL, NULL),
(1044, 'service_provider', 'Muhammad', 'Khalid', 'mkakhi@icloud.com', NULL, NULL, '00966503589372', NULL, NULL, '$2y$10$KZNN5X16GFraiNK00gNuSOwKTElOakxBGljc5MEd6xkOs2/J9H2dC', NULL, NULL, NULL, 4, 1, 0, NULL, NULL, '187', NULL, 'Riyadh', NULL, NULL, NULL, 0, 'Riyadh', NULL, NULL, 'web', NULL, NULL, NULL, NULL, 'QmUgjZ', 1, NULL, '2022-08-16 20:48:54', '2022-08-16 20:48:54', NULL, NULL, NULL),
(1053, 'service_provider', 'abc', 'def', 'abc@gmail.com', NULL, NULL, '1234568990', NULL, NULL, '$2y$10$R6iv2evIkGlONaOngZrYZeuSykzE5caKIshwzrhpgTJrYBHzFhKFm', NULL, NULL, NULL, 4, 0, 0, NULL, NULL, '99', NULL, NULL, NULL, NULL, NULL, 0, NULL, NULL, NULL, NULL, NULL, NULL, NULL, NULL, NULL, 1, NULL, '2022-08-18 11:23:01', '2022-08-18 11:23:01', NULL, NULL, NULL),
(1054, 'service_provider', 'Afraz', 'Khan', 'Hoteltulipinn@yahoo.com', '92', 'pk', '3004008465', NULL, '923224008465', '$2y$10$sn410Atz9vd3Iw0ikIn5UeGmzXvtItwJdxf44DLis7lW1zhrjWgKi', 'Owner', 'Urdu, English, Local', 'JAZZCASH - 0300 400 8465,\n\nroadnstays.com will make payment after 07-Days of every guest check-out & roadnstays.com will be charged 15% on every guest reservation. +923224008465 +924235871541-42-43-44', 4, 1, 0, NULL, NULL, '162', NULL, 'Lahore', NULL, NULL, NULL, 0, 'Lahore', NULL, NULL, 'web', NULL, NULL, NULL, NULL, 'PIwYW1', 1, NULL, '2022-08-18 22:10:50', '2022-09-03 11:49:12', NULL, NULL, NULL),
(1058, 'service_provider', 'Jamail', 'haider', 'jumailhaider04@gmail.com', NULL, NULL, '923418994572', NULL, NULL, '$2y$10$4qz1ahbO/2uN71G8rCE89eTkACjr7UUBLNuQcTt.fOZGte2dkpIaq', NULL, NULL, NULL, 4, 1, 0, NULL, NULL, '162', NULL, 'Gilgit', NULL, NULL, NULL, 0, 'Gilgit Baltistan Tourism', NULL, NULL, 'web', NULL, NULL, NULL, NULL, 'egN0Gn', 1, NULL, '2022-08-19 09:48:29', '2022-08-19 09:48:29', NULL, NULL, NULL),
(1077, 'service_provider', 'Arjun', 'Rana', 'arjun@gmail.com', NULL, NULL, '4561234562', NULL, '0261-224466', '$2y$10$zddfWQsYi.EMkJMXsZYRieZt7r4aGcAaficDVQlRcsBbzz7Xf09c6', 'I\'m devil of my world', 'Nothing to say', 'Paypal', 4, 1, 0, NULL, NULL, '99', NULL, 'Indore', NULL, NULL, NULL, 0, 'bsbsb', NULL, NULL, 'web', NULL, NULL, NULL, NULL, '4hF77W', 1, NULL, '2022-08-24 10:19:38', '2022-08-24 10:19:38', NULL, NULL, NULL),
(1079, 'normal_user', 'ravi', 'kumar', 'ravi@gmail.com', NULL, NULL, '65478932', NULL, NULL, '$2y$10$898k94.CxSoMqK9R.aYvYOIy9DFI6QmKr6aPUXQCHc7QKAQ4wVIW2', NULL, NULL, NULL, 2, 1, 0, 'https://votivetechnologies.in/roadNstays/resources/assets/images/blank_user.jpg', NULL, '99', NULL, NULL, NULL, NULL, NULL, 0, NULL, NULL, NULL, 'web', NULL, 'ss', 'ss', 'Ios', 'aeCKTZ', 1, NULL, '2022-08-24 12:31:58', '2022-08-24 12:31:58', NULL, NULL, NULL),
(1080, 'service_provider', 'john', 'abc', 'john@gmail.com', NULL, NULL, '1234567890', NULL, '0215478963', '$2y$10$6xjzzwtt3zPICOyJn0LIZub6qS9iihdppjYMEZanqVgiJ7VHTT8Bi', 'Lorem ipsum dolor sit amet, consectetur adipiscing elit, sed do eiusmod tempor incididunt ut labore et dolore magna aliqua. Ut enim ad minim veniam,', 'Urdu', NULL, 4, 1, 0, NULL, NULL, '162', NULL, 'Lahore', NULL, NULL, NULL, 0, 'Lahore Pakistan', NULL, NULL, 'web', NULL, NULL, NULL, NULL, 'YG22Tq', 1, NULL, '2022-08-24 14:09:28', '2022-08-24 14:09:28', NULL, NULL, NULL),
(1081, 'service_provider', 'Ghansyam', 'Govind', 'ghansyam@gmail.com', '91', 'in', '09425095449', NULL, '0261-226644', '$2y$10$FuAKlE1FNqyXvo6afCJaGeuBT4dhTjZ.8BNPUyyWkJDDl5NRSJWdW', 'sdfsd', 'sdfsd', 'fsdf', 4, 1, 0, NULL, NULL, '99', NULL, 'Indore', NULL, NULL, NULL, 0, 'bsbsb', NULL, NULL, 'web', NULL, NULL, NULL, NULL, 'z9IFTL', 1, NULL, '2022-08-25 06:31:33', '2022-08-25 12:19:41', NULL, NULL, NULL),
(1082, 'service_provider', 'Rahim', 'Jadoon', 'Jadoon7123@gmail.com', NULL, NULL, '3149369335', NULL, NULL, '$2y$10$L.z5rylLJgegThaZ4o7gy.u8HCLz2Q3tOUMC4.Yf/8361vRmQUyk6', NULL, NULL, NULL, 4, 1, 0, NULL, NULL, '162', NULL, 'lahore', NULL, NULL, NULL, 0, 'lahore', NULL, NULL, NULL, NULL, NULL, NULL, NULL, NULL, 1, NULL, '2022-08-29 08:22:03', '2022-09-06 00:40:35', NULL, NULL, NULL),
(1083, 'scout', 'Pushpendra', 'Jha', 'Pushpendra@gmail.com', NULL, NULL, '06616630938', NULL, NULL, '$2y$10$07Efpice9twdee4pWrCvs.n3jghqSD.RHYDuBExobCaHkwxOIk.lK', NULL, NULL, NULL, 3, 1, 0, NULL, NULL, '99', NULL, 'Indore', NULL, NULL, NULL, 0, 'Shree vardhan Indore', NULL, NULL, 'web', NULL, NULL, NULL, NULL, 'MLxmsM', 1, NULL, '2022-08-30 10:09:09', '2022-08-30 05:10:47', NULL, NULL, NULL),
(1084, 'scout', 'Sanjay', 'Bairagi', 'sanjay@gmail.com', NULL, NULL, '545487878787', NULL, NULL, '$2y$10$7KI63lu8Uw8gYj.3YzSlH.A9.ECwoP.Xy0rivg4Clt.pE5gVBRIV2', NULL, NULL, NULL, 3, 1, 0, NULL, NULL, '99', NULL, 'indore', NULL, NULL, NULL, 0, 'shree varshan', NULL, NULL, 'web', NULL, NULL, NULL, NULL, 'XBKGux', 1, NULL, '2022-08-30 10:14:44', '2022-08-30 05:14:44', NULL, NULL, NULL),
(1085, 'scout', 'Roman', 'Tajik', '99tajid@gmail.com', NULL, NULL, '3403003000', NULL, NULL, '$2y$10$1csaWknLvsygkL6Yj6sW0.573yUX2ESG9AWoNZuX0F6maAf.VnrPi', NULL, NULL, NULL, 3, 1, 0, NULL, NULL, '162', NULL, 'Sawat', NULL, NULL, NULL, 0, 'Sawat, Pakistan', NULL, NULL, 'web', NULL, NULL, NULL, NULL, 'RnB5SP', 1, NULL, '2022-08-30 10:15:05', '2022-08-30 05:15:05', NULL, NULL, NULL),
(1088, 'service_provider', 'Test', 'Test', 'Test@gmail.com', NULL, NULL, '6616630938', NULL, NULL, '$2y$10$DXA3vjsRAHn3dbTezQkuMO0gq1HYWubO8DCc36P.ED2vUcQ28DptK', NULL, NULL, NULL, 4, 0, 0, NULL, NULL, '162', NULL, NULL, NULL, NULL, NULL, 0, NULL, NULL, NULL, NULL, NULL, NULL, NULL, NULL, NULL, 1, NULL, '2022-08-31 09:46:01', '2022-08-31 04:46:01', NULL, NULL, NULL),
(1089, 'service_provider', 'Test1', 'Test', 'test12@gmail.com', NULL, NULL, '7894562301', NULL, NULL, '$2y$10$reQA3nwk0437Q6OvZxI5WOE2KQHBD4rVwvPcG6szlS/gXfDM1yuMO', NULL, NULL, NULL, 4, 0, 0, NULL, NULL, '162', NULL, NULL, NULL, NULL, NULL, 0, NULL, NULL, NULL, NULL, NULL, NULL, NULL, NULL, NULL, 1, NULL, '2022-08-31 09:48:16', '2022-08-31 04:48:16', NULL, NULL, NULL),
(1100, 'service_provider', 'Kabir', 'singh1', 'kabir@gmail.com', '92', 'pk', '09425095449', NULL, '0261-202244', '$2y$10$445w/dqC2vmbaHSoSl9sKuv3cq95ZhcdnoRfPmX2atnfoE6lJmOaC', 'sdfsd', 'sdfsdf', 'fsdfsd', 4, 1, 0, NULL, NULL, '99', NULL, 'Indore', NULL, NULL, NULL, 0, 'bsbsb', NULL, NULL, 'web', NULL, NULL, NULL, NULL, 'arDPiM', 1, NULL, '2022-08-31 11:44:11', '2022-08-31 07:18:09', NULL, NULL, NULL),
(1114, 'scout', 'Zeeshan', 'Munawar', 'zeeshan.munawar@venrooms.com', NULL, NULL, '923214520529', NULL, NULL, '$2y$10$V55JV.cCwvZAOu1lrLS0ouryPzIUZMhoZ83QNlvNN1ShZxZ42jQga', NULL, NULL, NULL, 3, 1, 0, NULL, NULL, '162', NULL, 'Lahore', NULL, NULL, NULL, 0, 'Lahore', NULL, NULL, 'web', NULL, NULL, NULL, NULL, 'J63YBG', 1, NULL, '2022-09-03 17:15:54', '2022-09-03 12:15:54', NULL, NULL, NULL),
(1115, 'scout', 'Ayaz Ali Miyan', 'Ayaz Ali Miyan', 'hayazali29@gmail.com', NULL, NULL, '3429628129', NULL, NULL, '$2y$10$u/cVmgHCu6LE/04s9PMXWuFSZA8aE.UjDKJ73XpeCcHi5R6FnvhAO', NULL, NULL, NULL, 3, 1, 0, NULL, NULL, '162', NULL, 'Sawat', NULL, NULL, NULL, 0, 'Sawat, Pakistan', NULL, NULL, 'web', NULL, NULL, NULL, NULL, 'SaAOrb', 1, NULL, '2022-09-04 10:13:16', '2022-09-04 05:13:16', NULL, NULL, NULL),
(1116, 'scout', 'Muhammad Saud', 'Muhammad Saud', 'saudkk95@gmail.com', NULL, NULL, '3323994514', NULL, '78784545454', '$2y$10$RVTZpZIyBvSK7gt5slt6ke6l.c7H5eOiilM8E6G4.LX/LlHZAWaqm', NULL, NULL, NULL, 3, 1, 0, 'unnamed (1)-profile_picture-1662458102.jpg', NULL, '162', NULL, 'Karachi', NULL, NULL, NULL, 0, 'Karachi,Pakistan', NULL, NULL, 'web', NULL, NULL, NULL, NULL, 'KgEfiD', 1, NULL, '2022-09-04 13:45:01', '2022-09-06 04:55:02', NULL, NULL, NULL),
(1117, 'normal_user', 'Ayesha', 'Zahid', 'ayesharoadandstay@gmail.com', NULL, NULL, '0123456789', NULL, NULL, '$2y$10$sMfFSnGDUk3EgM2DlgiJKewppJoSoSv35dCsNzbY0VXmJYReXB78S', NULL, NULL, NULL, 2, 1, 0, NULL, NULL, '162', NULL, 'Lahore', NULL, NULL, NULL, 0, 'Lahore Pakistan', NULL, NULL, 'web', NULL, NULL, NULL, NULL, 'QXUf3I', 1, NULL, '2022-09-05 12:31:26', '2022-09-05 07:31:26', NULL, NULL, NULL),
(1118, 'normal_user', 'pk', 'k', 'parveen.votive@gmail.com', NULL, NULL, '123456789', NULL, NULL, '$2y$10$69pBlGXRCS4UaNNMYVxzve/gOzabl9l.jXJ3NPgokc8IvxxOCit9i', NULL, NULL, NULL, 2, 0, 0, 'https://www.roadnstays.com/resources/assets/images/blank_user.jpg', NULL, '99', NULL, NULL, NULL, NULL, NULL, 0, NULL, NULL, NULL, 'web', NULL, 'fdhaskldf', 'ss', 'Ios', 'XUAmkw', 1, NULL, '2022-09-05 13:08:18', '2022-09-05 08:08:18', NULL, NULL, NULL),
(1119, 'scout', 'Test', 'Test', 'test78@gmail.com', NULL, NULL, '787878787878', NULL, '4545454545', '$2y$10$3n.Jgil9AX355uipTJ46wej59/WDyyniaCz.xzPIir8L8fLc3Ph2q', NULL, NULL, NULL, 3, 1, 0, '2022_07_28T06_16_35_798Z-profile_picture-1662460932.jpeg', NULL, '99', NULL, 'Indore', NULL, NULL, NULL, 0, 'Indore', NULL, NULL, 'web', NULL, NULL, NULL, NULL, 'zZd8M0', 1, NULL, '2022-09-06 10:42:12', '2022-09-06 05:42:12', NULL, NULL, NULL),
(1120, 'scout', 'Test', 'Test', 'test78fdg@gmail.com', NULL, NULL, '787878787878', NULL, '4545454545', '$2y$10$z9790S5QdfiYRQ8WOwV3XeIcxFHTrkD6F7BJRwV1tRQsAt7BdHdjO', NULL, NULL, NULL, 3, 1, 0, NULL, NULL, '99', NULL, 'Indore', NULL, NULL, NULL, 0, 'Indore', NULL, NULL, 'web', NULL, NULL, NULL, NULL, 'xKw11T', 1, NULL, '2022-09-06 10:43:21', '2022-09-06 06:45:13', NULL, NULL, NULL),
(1121, 'service_provider', 'Husnain', 'Ghazanfar', 'hasnainghazanfar30@gmail.com', NULL, NULL, '3002154157', NULL, NULL, '$2y$10$cFJWcMrqBe9fcJFB5S6GK.fjMiTZWBHUp4Sr0yRPVP9pfZs3k1UQm', NULL, NULL, NULL, 4, 0, 0, NULL, NULL, '162', NULL, NULL, NULL, NULL, NULL, 0, NULL, NULL, NULL, NULL, NULL, NULL, NULL, NULL, NULL, 1, NULL, '2022-09-06 11:44:34', '2022-09-06 06:44:34', NULL, NULL, NULL);

-- --------------------------------------------------------

--
-- Table structure for table `vendor_profile`
--

CREATE TABLE `vendor_profile` (
  `vendor_id` int(11) NOT NULL,
  `user_id` int(11) NOT NULL,
  `tour_op_name` varchar(255) DEFAULT NULL,
  `tour_op_contact_name` varchar(255) CHARACTER SET latin1 DEFAULT NULL,
  `num_dialcode_2` varchar(20) CHARACTER SET latin1 DEFAULT NULL,
  `country_iso2_code2` varchar(20) CHARACTER SET latin1 DEFAULT NULL,
  `tour_op_contact_num` varchar(255) CHARACTER SET latin1 DEFAULT NULL,
  `tour_op_email` varchar(255) CHARACTER SET latin1 DEFAULT NULL,
  `num_dialcode_3` varchar(20) CHARACTER SET latin1 DEFAULT NULL,
  `country_iso2_code3` varchar(20) CHARACTER SET latin1 DEFAULT NULL,
  `tour_op_booking_num` int(11) DEFAULT NULL,
  `tour_office_address` varchar(255) CHARACTER SET latin1 DEFAULT NULL,
  `tour_op_instagram` varchar(255) CHARACTER SET latin1 DEFAULT NULL,
  `tour_op_facebook` varchar(255) CHARACTER SET latin1 DEFAULT NULL,
  `tour_op_web_add` varchar(255) CHARACTER SET latin1 DEFAULT NULL,
  `tour_op_tiktok` varchar(255) CHARACTER SET latin1 DEFAULT NULL,
  `tour_op_youtube` varchar(255) CHARACTER SET latin1 DEFAULT NULL,
  `tour_op_bank_name` varchar(255) CHARACTER SET latin1 DEFAULT NULL,
  `tour_op_account_title` varchar(255) CHARACTER SET latin1 DEFAULT NULL,
  `tour_op_account_num` int(11) DEFAULT NULL,
  `tour_op_branch` varchar(255) CHARACTER SET latin1 DEFAULT NULL,
  `tour_op_easypaisa_num` varchar(255) CHARACTER SET latin1 DEFAULT NULL,
  `tour_op_easypaisa_name` varchar(255) CHARACTER SET latin1 DEFAULT NULL,
  `tour_op_jazzcash_num` varchar(255) CHARACTER SET latin1 DEFAULT NULL,
  `tour_op_jazzcash_name` varchar(255) CHARACTER SET latin1 DEFAULT NULL,
  `tour_op_notes` text CHARACTER SET latin1 DEFAULT NULL,
  `tour_contract_date` date DEFAULT NULL,
  `tour_contract_terms` varchar(255) CHARACTER SET latin1 DEFAULT NULL,
  `tour_op_document` varchar(255) CHARACTER SET latin1 DEFAULT NULL,
  `tour_op_img` varchar(255) CHARACTER SET latin1 DEFAULT NULL,
  `tour_op_id_front_img` varchar(255) CHARACTER SET latin1 DEFAULT NULL,
  `tour_op_id_back_img` varchar(255) CHARACTER SET latin1 DEFAULT NULL,
  `tour_op_id_number` varchar(255) CHARACTER SET latin1 DEFAULT NULL
) ENGINE=InnoDB DEFAULT CHARSET=utf8;

--
-- Dumping data for table `vendor_profile`
--

INSERT INTO `vendor_profile` (`vendor_id`, `user_id`, `tour_op_name`, `tour_op_contact_name`, `num_dialcode_2`, `country_iso2_code2`, `tour_op_contact_num`, `tour_op_email`, `num_dialcode_3`, `country_iso2_code3`, `tour_op_booking_num`, `tour_office_address`, `tour_op_instagram`, `tour_op_facebook`, `tour_op_web_add`, `tour_op_tiktok`, `tour_op_youtube`, `tour_op_bank_name`, `tour_op_account_title`, `tour_op_account_num`, `tour_op_branch`, `tour_op_easypaisa_num`, `tour_op_easypaisa_name`, `tour_op_jazzcash_num`, `tour_op_jazzcash_name`, `tour_op_notes`, `tour_contract_date`, `tour_contract_terms`, `tour_op_document`, `tour_op_img`, `tour_op_id_front_img`, `tour_op_id_back_img`, `tour_op_id_number`) VALUES
(1, 877, 'Gilgit Baltistan Tourism Club', 'Jumail haider', NULL, NULL, '923418994572', 'jumailhaider04@gmail.com', NULL, NULL, 2147483647, 'silver mall, rnt road, murai mohalla, near lemon tree hotel', 'https://vm.tiktok.com/gbtourismclub', 'https://vm.tiktok.com/gbtourism786', 'https://www.gbtourism.com', 'https://vm.tiktok.com/ZSe937m54/', 'https://www.youtube.com', 'Habib Bank Limited', 'Jumail haider', 2147483647, 'Township Branch Lahore.', '03418994572', 'Jumail Haider', '03115137660', 'Jumail Haider', 'the notes are as follows - \r\nPlease aware of Danger at tour', '2022-08-31', 'We have not any responsibility of your Luggage and Childrens', '1655965386_pexels-pixabay-164595-1661323172.jpg', 'gilgit-1661338292.jpg', '1655105064_photo2-1661338176.png', '1654856361_rooms2-1661338176.jpg', '546654SDFSD'),
(2, 1077, 'Gilgit Baltistan Tourism Club', 'Swayam', NULL, NULL, '09425095449', 'gilgit@operator.com', NULL, NULL, 2147483647, 'Rajendra Nagar', 'instagram.com', 'facebook.com', 'www.google.com', 'https://vm.tiktok.com/ZSe937m54/', 'www.youtube.com', 'Intersteller', 'Unknown', 2147483647, 'Mangal planet', '654654654', 'difficult to pay', '4564654454', 'too difficult to pay', 'sdlkfjlk', '2022-08-25', 'kjlkjlkwe  sdf', '1655965386_pexels-pixabay-164595-1661336378.jpg', '1655105064_photo1-1661336378.png', '1655105064_photo1-1661336378.png', '1655105064_photo2-1661336378.png', '546654SDFSD'),
(3, 1081, 'Gilgit Baltistan Tourism Club', 'Swayam', '92', 'pk', '09425095449', 'abcd@gmail.com', '1', 'us', 2147483647, 'Vijay Nagar', 'instagram.com', 'https://vm.tiktok.com/gbtourism786', 'https://vm.tiktok.com/gbtourism786', 'https://vm.tiktok.com/gbtourism786', 'https://www.youtube.com', 'Habib Bank Limited', 'Jumail haider', 2147483647, 'indore', '4564654454', 'Jumail Haider', '4564654454', 'Jumail Haider', 'sdfsdf', '2022-08-27', 'dfsdf', NULL, '1655969332_pexels-naim-benjelloun-2029722-1661409093.jpg', '1655969332_pexels-naim-benjelloun-2029722-1661409093.jpg', '1655294814_monte-1661409093.jpg', '546654SDFSD'),
(4, 1044, 'Gilgit Baltistan Tourism Club', 'Khalid', NULL, NULL, NULL, NULL, NULL, NULL, NULL, NULL, NULL, NULL, NULL, NULL, NULL, NULL, NULL, NULL, NULL, NULL, NULL, NULL, NULL, NULL, NULL, NULL, NULL, NULL, NULL, NULL, NULL),
(5, 834, 'Gilgit Baltistan Tourism Club', 'Pushpendra', NULL, NULL, NULL, NULL, NULL, NULL, NULL, NULL, NULL, NULL, NULL, NULL, NULL, NULL, NULL, NULL, NULL, NULL, NULL, NULL, NULL, NULL, NULL, NULL, NULL, NULL, NULL, NULL, NULL),
(6, 833, 'Rahul', NULL, NULL, NULL, NULL, NULL, NULL, NULL, NULL, NULL, NULL, NULL, NULL, NULL, NULL, NULL, NULL, NULL, NULL, NULL, NULL, NULL, NULL, NULL, NULL, NULL, NULL, NULL, NULL, NULL, NULL),
(7, 1082, 'Rahim', NULL, NULL, NULL, NULL, NULL, NULL, NULL, NULL, NULL, NULL, NULL, NULL, NULL, NULL, NULL, NULL, NULL, NULL, NULL, NULL, NULL, NULL, NULL, NULL, NULL, NULL, NULL, NULL, NULL, NULL),
(8, 1080, NULL, NULL, NULL, NULL, NULL, NULL, NULL, NULL, NULL, NULL, NULL, NULL, NULL, NULL, NULL, NULL, NULL, NULL, NULL, NULL, NULL, NULL, NULL, NULL, NULL, NULL, NULL, NULL, NULL, NULL, NULL),
(9, 1058, NULL, NULL, NULL, NULL, NULL, NULL, NULL, NULL, NULL, NULL, NULL, NULL, NULL, NULL, NULL, NULL, NULL, NULL, NULL, NULL, NULL, NULL, NULL, NULL, NULL, NULL, NULL, NULL, NULL, NULL, NULL),
(10, 1054, NULL, NULL, NULL, NULL, NULL, NULL, NULL, NULL, NULL, NULL, NULL, NULL, NULL, NULL, NULL, NULL, NULL, NULL, NULL, NULL, NULL, NULL, NULL, NULL, NULL, NULL, NULL, NULL, NULL, NULL, NULL),
(11, 934, NULL, NULL, NULL, NULL, NULL, NULL, NULL, NULL, NULL, NULL, NULL, NULL, NULL, NULL, NULL, NULL, NULL, NULL, NULL, NULL, NULL, NULL, NULL, NULL, NULL, NULL, NULL, NULL, NULL, NULL, NULL),
(12, 484, NULL, NULL, NULL, NULL, NULL, NULL, NULL, NULL, NULL, NULL, NULL, NULL, NULL, NULL, NULL, NULL, NULL, NULL, NULL, NULL, NULL, NULL, NULL, NULL, NULL, NULL, NULL, NULL, NULL, NULL, NULL),
(13, 353, NULL, NULL, NULL, NULL, NULL, NULL, NULL, NULL, NULL, NULL, NULL, NULL, NULL, NULL, NULL, NULL, NULL, NULL, NULL, NULL, NULL, NULL, NULL, NULL, NULL, NULL, NULL, NULL, NULL, NULL, NULL),
(14, 352, NULL, NULL, NULL, NULL, NULL, NULL, NULL, NULL, NULL, NULL, NULL, NULL, NULL, NULL, NULL, NULL, NULL, NULL, NULL, NULL, NULL, NULL, NULL, NULL, NULL, NULL, NULL, NULL, NULL, NULL, NULL),
(15, 336, NULL, NULL, NULL, NULL, NULL, NULL, NULL, NULL, NULL, NULL, NULL, NULL, NULL, NULL, NULL, NULL, NULL, NULL, NULL, NULL, NULL, NULL, NULL, NULL, NULL, NULL, NULL, NULL, NULL, NULL, NULL),
(16, 1053, NULL, NULL, NULL, NULL, NULL, NULL, NULL, NULL, NULL, NULL, NULL, NULL, NULL, NULL, NULL, NULL, NULL, NULL, NULL, NULL, NULL, NULL, NULL, NULL, NULL, NULL, NULL, NULL, NULL, NULL, NULL),
(17, 1086, NULL, NULL, NULL, NULL, NULL, NULL, NULL, NULL, NULL, NULL, NULL, NULL, NULL, NULL, NULL, NULL, NULL, NULL, NULL, NULL, NULL, NULL, NULL, NULL, NULL, NULL, NULL, NULL, NULL, NULL, NULL),
(18, 1088, NULL, NULL, NULL, NULL, NULL, NULL, NULL, NULL, NULL, NULL, NULL, NULL, NULL, NULL, NULL, NULL, NULL, NULL, NULL, NULL, NULL, NULL, NULL, NULL, NULL, NULL, NULL, NULL, NULL, NULL, NULL),
(1085, 1089, NULL, NULL, NULL, NULL, NULL, NULL, NULL, NULL, NULL, NULL, NULL, NULL, NULL, NULL, NULL, NULL, NULL, NULL, NULL, NULL, NULL, NULL, NULL, NULL, NULL, NULL, NULL, NULL, NULL, NULL, NULL),
(1086, 1094, NULL, NULL, NULL, NULL, NULL, NULL, NULL, NULL, NULL, NULL, NULL, NULL, NULL, NULL, NULL, NULL, NULL, NULL, NULL, NULL, NULL, NULL, NULL, NULL, NULL, NULL, NULL, NULL, NULL, NULL, NULL),
(1092, 1100, NULL, NULL, NULL, NULL, NULL, NULL, NULL, NULL, NULL, NULL, NULL, NULL, NULL, NULL, NULL, NULL, NULL, NULL, NULL, NULL, NULL, NULL, NULL, NULL, NULL, NULL, '', '', '', '', NULL),
(1093, 1111, NULL, NULL, NULL, NULL, NULL, NULL, NULL, NULL, NULL, NULL, NULL, NULL, NULL, NULL, NULL, NULL, NULL, NULL, NULL, NULL, NULL, NULL, NULL, NULL, NULL, NULL, NULL, NULL, NULL, NULL, NULL),
(1094, 1112, NULL, NULL, NULL, NULL, NULL, NULL, NULL, NULL, NULL, NULL, NULL, NULL, NULL, NULL, NULL, NULL, NULL, NULL, NULL, NULL, NULL, NULL, NULL, NULL, NULL, NULL, NULL, NULL, NULL, NULL, NULL),
(1095, 1113, NULL, NULL, NULL, NULL, NULL, NULL, NULL, NULL, NULL, NULL, NULL, NULL, NULL, NULL, NULL, NULL, NULL, NULL, NULL, NULL, NULL, NULL, NULL, NULL, NULL, NULL, NULL, NULL, NULL, NULL, NULL),
(1096, 1121, NULL, NULL, NULL, NULL, NULL, NULL, NULL, NULL, NULL, NULL, NULL, NULL, NULL, NULL, NULL, NULL, NULL, NULL, NULL, NULL, NULL, NULL, NULL, NULL, NULL, NULL, NULL, NULL, NULL, NULL, NULL);

--
-- Indexes for dumped tables
--

--
-- Indexes for table `admins`
--
ALTER TABLE `admins`
  ADD PRIMARY KEY (`id`),
  ADD UNIQUE KEY `admin_email_unique` (`email`);

--
-- Indexes for table `amenities_type`
--
ALTER TABLE `amenities_type`
  ADD PRIMARY KEY (`id`);

--
-- Indexes for table `booking`
--
ALTER TABLE `booking`
  ADD PRIMARY KEY (`id`);

--
-- Indexes for table `booking_temp`
--
ALTER TABLE `booking_temp`
  ADD PRIMARY KEY (`id`);

--
-- Indexes for table `breakfast_type`
--
ALTER TABLE `breakfast_type`
  ADD PRIMARY KEY (`bfast_id`);

--
-- Indexes for table `copy_migrations`
--
ALTER TABLE `copy_migrations`
  ADD PRIMARY KEY (`id`);

--
-- Indexes for table `countries`
--
ALTER TABLE `countries`
  ADD PRIMARY KEY (`id`);

--
-- Indexes for table `country`
--
ALTER TABLE `country`
  ADD PRIMARY KEY (`id`);

--
-- Indexes for table `events`
--
ALTER TABLE `events`
  ADD PRIMARY KEY (`id`);

--
-- Indexes for table `event_booking`
--
ALTER TABLE `event_booking`
  ADD PRIMARY KEY (`id`);

--
-- Indexes for table `event_booking_temp`
--
ALTER TABLE `event_booking_temp`
  ADD PRIMARY KEY (`id`);

--
-- Indexes for table `event_gallery`
--
ALTER TABLE `event_gallery`
  ADD PRIMARY KEY (`id`);

--
-- Indexes for table `failed_jobs`
--
ALTER TABLE `failed_jobs`
  ADD PRIMARY KEY (`id`),
  ADD UNIQUE KEY `failed_jobs_uuid_unique` (`uuid`);

--
-- Indexes for table `guestinfo`
--
ALTER TABLE `guestinfo`
  ADD PRIMARY KEY (`id`);

--
-- Indexes for table `H1_Hotel_and_other_Stays`
--
ALTER TABLE `H1_Hotel_and_other_Stays`
  ADD PRIMARY KEY (`id`);

--
-- Indexes for table `H2_Amenities`
--
ALTER TABLE `H2_Amenities`
  ADD PRIMARY KEY (`amenity_id`);

--
-- Indexes for table `H3_Services`
--
ALTER TABLE `H3_Services`
  ADD PRIMARY KEY (`id`);

--
-- Indexes for table `hotels`
--
ALTER TABLE `hotels`
  ADD PRIMARY KEY (`hotel_id`);

--
-- Indexes for table `hotel_amenities`
--
ALTER TABLE `hotel_amenities`
  ADD PRIMARY KEY (`id`);

--
-- Indexes for table `hotel_attraction`
--
ALTER TABLE `hotel_attraction`
  ADD PRIMARY KEY (`attraction_id`);

--
-- Indexes for table `hotel_extra_price`
--
ALTER TABLE `hotel_extra_price`
  ADD PRIMARY KEY (`id`);

--
-- Indexes for table `hotel_gallery`
--
ALTER TABLE `hotel_gallery`
  ADD PRIMARY KEY (`id`);

--
-- Indexes for table `hotel_services`
--
ALTER TABLE `hotel_services`
  ADD PRIMARY KEY (`id`);

--
-- Indexes for table `hotel_service_fee`
--
ALTER TABLE `hotel_service_fee`
  ADD PRIMARY KEY (`id`);

--
-- Indexes for table `migrations`
--
ALTER TABLE `migrations`
  ADD PRIMARY KEY (`id`);

--
-- Indexes for table `password_resets`
--
ALTER TABLE `password_resets`
  ADD PRIMARY KEY (`id`),
  ADD KEY `password_resets_email_index` (`email`);

--
-- Indexes for table `payment_transaction`
--
ALTER TABLE `payment_transaction`
  ADD PRIMARY KEY (`id`);

--
-- Indexes for table `room_amenities`
--
ALTER TABLE `room_amenities`
  ADD PRIMARY KEY (`id`);

--
-- Indexes for table `room_bed_details`
--
ALTER TABLE `room_bed_details`
  ADD PRIMARY KEY (`id`);

--
-- Indexes for table `room_custom_price`
--
ALTER TABLE `room_custom_price`
  ADD PRIMARY KEY (`id`);

--
-- Indexes for table `room_extra_option`
--
ALTER TABLE `room_extra_option`
  ADD PRIMARY KEY (`id`);

--
-- Indexes for table `room_features`
--
ALTER TABLE `room_features`
  ADD PRIMARY KEY (`id`);

--
-- Indexes for table `room_gallery`
--
ALTER TABLE `room_gallery`
  ADD PRIMARY KEY (`id`);

--
-- Indexes for table `room_list`
--
ALTER TABLE `room_list`
  ADD PRIMARY KEY (`id`);

--
-- Indexes for table `room_name_list`
--
ALTER TABLE `room_name_list`
  ADD PRIMARY KEY (`id`);

--
-- Indexes for table `room_others_features`
--
ALTER TABLE `room_others_features`
  ADD PRIMARY KEY (`id`);

--
-- Indexes for table `room_services`
--
ALTER TABLE `room_services`
  ADD PRIMARY KEY (`id`);

--
-- Indexes for table `room_type_categories`
--
ALTER TABLE `room_type_categories`
  ADD PRIMARY KEY (`id`);

--
-- Indexes for table `room_video`
--
ALTER TABLE `room_video`
  ADD PRIMARY KEY (`id`);

--
-- Indexes for table `scout_details`
--
ALTER TABLE `scout_details`
  ADD PRIMARY KEY (`id`);

--
-- Indexes for table `services_type`
--
ALTER TABLE `services_type`
  ADD PRIMARY KEY (`id`);

--
-- Indexes for table `space`
--
ALTER TABLE `space`
  ADD PRIMARY KEY (`space_id`);

--
-- Indexes for table `space_amenities`
--
ALTER TABLE `space_amenities`
  ADD PRIMARY KEY (`id`);

--
-- Indexes for table `space_bedroom_type`
--
ALTER TABLE `space_bedroom_type`
  ADD PRIMARY KEY (`bedroom_type_id`);

--
-- Indexes for table `space_booking`
--
ALTER TABLE `space_booking`
  ADD PRIMARY KEY (`id`);

--
-- Indexes for table `space_booking_temp`
--
ALTER TABLE `space_booking_temp`
  ADD PRIMARY KEY (`id`);

--
-- Indexes for table `space_categories`
--
ALTER TABLE `space_categories`
  ADD PRIMARY KEY (`scat_id`);

--
-- Indexes for table `space_custom_details`
--
ALTER TABLE `space_custom_details`
  ADD PRIMARY KEY (`custom_id`);

--
-- Indexes for table `space_extra_option`
--
ALTER TABLE `space_extra_option`
  ADD PRIMARY KEY (`ext_id`);

--
-- Indexes for table `space_features`
--
ALTER TABLE `space_features`
  ADD PRIMARY KEY (`id`);

--
-- Indexes for table `space_features_list`
--
ALTER TABLE `space_features_list`
  ADD PRIMARY KEY (`space_feature_id`);

--
-- Indexes for table `space_gallery`
--
ALTER TABLE `space_gallery`
  ADD PRIMARY KEY (`id`),
  ADD KEY `space_id` (`space_id`);

--
-- Indexes for table `space_sub_categories`
--
ALTER TABLE `space_sub_categories`
  ADD PRIMARY KEY (`sub_cat_id`);

--
-- Indexes for table `tour_booking`
--
ALTER TABLE `tour_booking`
  ADD PRIMARY KEY (`id`);

--
-- Indexes for table `tour_booking_temp`
--
ALTER TABLE `tour_booking_temp`
  ADD PRIMARY KEY (`id`);

--
-- Indexes for table `tour_gallery`
--
ALTER TABLE `tour_gallery`
  ADD PRIMARY KEY (`id`);

--
-- Indexes for table `tour_itinerary`
--
ALTER TABLE `tour_itinerary`
  ADD PRIMARY KEY (`id`);

--
-- Indexes for table `tour_list`
--
ALTER TABLE `tour_list`
  ADD PRIMARY KEY (`id`);

--
-- Indexes for table `tour_pickup_locations`
--
ALTER TABLE `tour_pickup_locations`
  ADD PRIMARY KEY (`id`);

--
-- Indexes for table `users`
--
ALTER TABLE `users`
  ADD PRIMARY KEY (`id`);

--
-- Indexes for table `vendor_profile`
--
ALTER TABLE `vendor_profile`
  ADD PRIMARY KEY (`vendor_id`);

--
-- AUTO_INCREMENT for dumped tables
--

--
-- AUTO_INCREMENT for table `admins`
--
ALTER TABLE `admins`
  MODIFY `id` bigint(20) UNSIGNED NOT NULL AUTO_INCREMENT, AUTO_INCREMENT=2;

--
-- AUTO_INCREMENT for table `amenities_type`
--
ALTER TABLE `amenities_type`
  MODIFY `id` int(11) NOT NULL AUTO_INCREMENT, AUTO_INCREMENT=6;

--
-- AUTO_INCREMENT for table `booking`
--
ALTER TABLE `booking`
  MODIFY `id` int(11) NOT NULL AUTO_INCREMENT, AUTO_INCREMENT=193;

--
-- AUTO_INCREMENT for table `booking_temp`
--
ALTER TABLE `booking_temp`
  MODIFY `id` int(11) NOT NULL AUTO_INCREMENT, AUTO_INCREMENT=202;

--
-- AUTO_INCREMENT for table `breakfast_type`
--
ALTER TABLE `breakfast_type`
  MODIFY `bfast_id` int(11) NOT NULL AUTO_INCREMENT, AUTO_INCREMENT=6;

--
-- AUTO_INCREMENT for table `copy_migrations`
--
ALTER TABLE `copy_migrations`
  MODIFY `id` int(10) UNSIGNED NOT NULL AUTO_INCREMENT, AUTO_INCREMENT=5;

--
-- AUTO_INCREMENT for table `countries`
--
ALTER TABLE `countries`
  MODIFY `id` int(11) NOT NULL AUTO_INCREMENT, AUTO_INCREMENT=247;

--
-- AUTO_INCREMENT for table `country`
--
ALTER TABLE `country`
  MODIFY `id` int(11) NOT NULL AUTO_INCREMENT, AUTO_INCREMENT=240;

--
-- AUTO_INCREMENT for table `events`
--
ALTER TABLE `events`
  MODIFY `id` int(11) NOT NULL AUTO_INCREMENT, AUTO_INCREMENT=64;

--
-- AUTO_INCREMENT for table `event_booking`
--
ALTER TABLE `event_booking`
  MODIFY `id` int(11) NOT NULL AUTO_INCREMENT, AUTO_INCREMENT=21;

--
-- AUTO_INCREMENT for table `event_booking_temp`
--
ALTER TABLE `event_booking_temp`
  MODIFY `id` int(11) NOT NULL AUTO_INCREMENT, AUTO_INCREMENT=19;

--
-- AUTO_INCREMENT for table `event_gallery`
--
ALTER TABLE `event_gallery`
  MODIFY `id` int(11) NOT NULL AUTO_INCREMENT, AUTO_INCREMENT=263;

--
-- AUTO_INCREMENT for table `failed_jobs`
--
ALTER TABLE `failed_jobs`
  MODIFY `id` bigint(20) UNSIGNED NOT NULL AUTO_INCREMENT;

--
-- AUTO_INCREMENT for table `guestinfo`
--
ALTER TABLE `guestinfo`
  MODIFY `id` int(11) NOT NULL AUTO_INCREMENT, AUTO_INCREMENT=584;

--
-- AUTO_INCREMENT for table `H1_Hotel_and_other_Stays`
--
ALTER TABLE `H1_Hotel_and_other_Stays`
  MODIFY `id` int(11) NOT NULL AUTO_INCREMENT, AUTO_INCREMENT=18;

--
-- AUTO_INCREMENT for table `H2_Amenities`
--
ALTER TABLE `H2_Amenities`
  MODIFY `amenity_id` int(11) NOT NULL AUTO_INCREMENT, AUTO_INCREMENT=273;

--
-- AUTO_INCREMENT for table `H3_Services`
--
ALTER TABLE `H3_Services`
  MODIFY `id` int(11) NOT NULL AUTO_INCREMENT, AUTO_INCREMENT=12;

--
-- AUTO_INCREMENT for table `hotels`
--
ALTER TABLE `hotels`
  MODIFY `hotel_id` int(11) NOT NULL AUTO_INCREMENT, AUTO_INCREMENT=524;

--
-- AUTO_INCREMENT for table `hotel_amenities`
--
ALTER TABLE `hotel_amenities`
  MODIFY `id` int(11) NOT NULL AUTO_INCREMENT, AUTO_INCREMENT=6593;

--
-- AUTO_INCREMENT for table `hotel_attraction`
--
ALTER TABLE `hotel_attraction`
  MODIFY `attraction_id` int(11) NOT NULL AUTO_INCREMENT, AUTO_INCREMENT=48;

--
-- AUTO_INCREMENT for table `hotel_extra_price`
--
ALTER TABLE `hotel_extra_price`
  MODIFY `id` int(11) NOT NULL AUTO_INCREMENT, AUTO_INCREMENT=73;

--
-- AUTO_INCREMENT for table `hotel_gallery`
--
ALTER TABLE `hotel_gallery`
  MODIFY `id` int(11) NOT NULL AUTO_INCREMENT, AUTO_INCREMENT=2018;

--
-- AUTO_INCREMENT for table `hotel_services`
--
ALTER TABLE `hotel_services`
  MODIFY `id` int(11) NOT NULL AUTO_INCREMENT, AUTO_INCREMENT=1648;

--
-- AUTO_INCREMENT for table `hotel_service_fee`
--
ALTER TABLE `hotel_service_fee`
  MODIFY `id` int(11) NOT NULL AUTO_INCREMENT, AUTO_INCREMENT=62;

--
-- AUTO_INCREMENT for table `migrations`
--
ALTER TABLE `migrations`
  MODIFY `id` int(10) UNSIGNED NOT NULL AUTO_INCREMENT, AUTO_INCREMENT=5;

--
-- AUTO_INCREMENT for table `password_resets`
--
ALTER TABLE `password_resets`
  MODIFY `id` int(11) NOT NULL AUTO_INCREMENT, AUTO_INCREMENT=262;

--
-- AUTO_INCREMENT for table `payment_transaction`
--
ALTER TABLE `payment_transaction`
  MODIFY `id` int(11) NOT NULL AUTO_INCREMENT, AUTO_INCREMENT=488;

--
-- AUTO_INCREMENT for table `room_amenities`
--
ALTER TABLE `room_amenities`
  MODIFY `id` int(11) NOT NULL AUTO_INCREMENT, AUTO_INCREMENT=7675;

--
-- AUTO_INCREMENT for table `room_bed_details`
--
ALTER TABLE `room_bed_details`
  MODIFY `id` int(11) NOT NULL AUTO_INCREMENT, AUTO_INCREMENT=149;

--
-- AUTO_INCREMENT for table `room_custom_price`
--
ALTER TABLE `room_custom_price`
  MODIFY `id` int(11) NOT NULL AUTO_INCREMENT, AUTO_INCREMENT=9;

--
-- AUTO_INCREMENT for table `room_extra_option`
--
ALTER TABLE `room_extra_option`
  MODIFY `id` int(11) NOT NULL AUTO_INCREMENT, AUTO_INCREMENT=155;

--
-- AUTO_INCREMENT for table `room_features`
--
ALTER TABLE `room_features`
  MODIFY `id` int(11) NOT NULL AUTO_INCREMENT, AUTO_INCREMENT=1387;

--
-- AUTO_INCREMENT for table `room_gallery`
--
ALTER TABLE `room_gallery`
  MODIFY `id` int(11) NOT NULL AUTO_INCREMENT, AUTO_INCREMENT=2364;

--
-- AUTO_INCREMENT for table `room_list`
--
ALTER TABLE `room_list`
  MODIFY `id` int(11) NOT NULL AUTO_INCREMENT, AUTO_INCREMENT=1051;

--
-- AUTO_INCREMENT for table `room_name_list`
--
ALTER TABLE `room_name_list`
  MODIFY `id` int(11) NOT NULL AUTO_INCREMENT, AUTO_INCREMENT=344;

--
-- AUTO_INCREMENT for table `room_others_features`
--
ALTER TABLE `room_others_features`
  MODIFY `id` int(11) NOT NULL AUTO_INCREMENT, AUTO_INCREMENT=30;

--
-- AUTO_INCREMENT for table `room_services`
--
ALTER TABLE `room_services`
  MODIFY `id` int(11) NOT NULL AUTO_INCREMENT, AUTO_INCREMENT=1952;

--
-- AUTO_INCREMENT for table `room_type_categories`
--
ALTER TABLE `room_type_categories`
  MODIFY `id` int(11) NOT NULL AUTO_INCREMENT, AUTO_INCREMENT=13;

--
-- AUTO_INCREMENT for table `room_video`
--
ALTER TABLE `room_video`
  MODIFY `id` int(11) NOT NULL AUTO_INCREMENT;

--
-- AUTO_INCREMENT for table `scout_details`
--
ALTER TABLE `scout_details`
  MODIFY `id` int(11) NOT NULL AUTO_INCREMENT, AUTO_INCREMENT=2;

--
-- AUTO_INCREMENT for table `services_type`
--
ALTER TABLE `services_type`
  MODIFY `id` int(11) NOT NULL AUTO_INCREMENT, AUTO_INCREMENT=3;

--
-- AUTO_INCREMENT for table `space`
--
ALTER TABLE `space`
  MODIFY `space_id` int(11) NOT NULL AUTO_INCREMENT, AUTO_INCREMENT=635;

--
-- AUTO_INCREMENT for table `space_amenities`
--
ALTER TABLE `space_amenities`
  MODIFY `id` int(11) NOT NULL AUTO_INCREMENT;

--
-- AUTO_INCREMENT for table `space_bedroom_type`
--
ALTER TABLE `space_bedroom_type`
  MODIFY `bedroom_type_id` int(11) NOT NULL AUTO_INCREMENT, AUTO_INCREMENT=10;

--
-- AUTO_INCREMENT for table `space_booking`
--
ALTER TABLE `space_booking`
  MODIFY `id` int(11) NOT NULL AUTO_INCREMENT, AUTO_INCREMENT=150;

--
-- AUTO_INCREMENT for table `space_booking_temp`
--
ALTER TABLE `space_booking_temp`
  MODIFY `id` int(11) NOT NULL AUTO_INCREMENT, AUTO_INCREMENT=178;

--
-- AUTO_INCREMENT for table `space_categories`
--
ALTER TABLE `space_categories`
  MODIFY `scat_id` int(11) NOT NULL AUTO_INCREMENT, AUTO_INCREMENT=31;

--
-- AUTO_INCREMENT for table `space_custom_details`
--
ALTER TABLE `space_custom_details`
  MODIFY `custom_id` int(11) NOT NULL AUTO_INCREMENT, AUTO_INCREMENT=154;

--
-- AUTO_INCREMENT for table `space_extra_option`
--
ALTER TABLE `space_extra_option`
  MODIFY `ext_id` int(11) NOT NULL AUTO_INCREMENT, AUTO_INCREMENT=142;

--
-- AUTO_INCREMENT for table `space_features`
--
ALTER TABLE `space_features`
  MODIFY `id` int(11) NOT NULL AUTO_INCREMENT, AUTO_INCREMENT=541;

--
-- AUTO_INCREMENT for table `space_features_list`
--
ALTER TABLE `space_features_list`
  MODIFY `space_feature_id` int(11) NOT NULL AUTO_INCREMENT, AUTO_INCREMENT=30;

--
-- AUTO_INCREMENT for table `space_gallery`
--
ALTER TABLE `space_gallery`
  MODIFY `id` int(11) NOT NULL AUTO_INCREMENT, AUTO_INCREMENT=871;

--
-- AUTO_INCREMENT for table `space_sub_categories`
--
ALTER TABLE `space_sub_categories`
  MODIFY `sub_cat_id` int(11) NOT NULL AUTO_INCREMENT, AUTO_INCREMENT=15;

--
-- AUTO_INCREMENT for table `tour_booking`
--
ALTER TABLE `tour_booking`
  MODIFY `id` int(11) NOT NULL AUTO_INCREMENT, AUTO_INCREMENT=131;

--
-- AUTO_INCREMENT for table `tour_booking_temp`
--
ALTER TABLE `tour_booking_temp`
  MODIFY `id` int(11) NOT NULL AUTO_INCREMENT, AUTO_INCREMENT=177;

--
-- AUTO_INCREMENT for table `tour_gallery`
--
ALTER TABLE `tour_gallery`
  MODIFY `id` int(11) NOT NULL AUTO_INCREMENT, AUTO_INCREMENT=1002;

--
-- AUTO_INCREMENT for table `tour_itinerary`
--
ALTER TABLE `tour_itinerary`
  MODIFY `id` int(11) NOT NULL AUTO_INCREMENT, AUTO_INCREMENT=707;

--
-- AUTO_INCREMENT for table `tour_list`
--
ALTER TABLE `tour_list`
  MODIFY `id` int(11) NOT NULL AUTO_INCREMENT, AUTO_INCREMENT=193;

--
-- AUTO_INCREMENT for table `tour_pickup_locations`
--
ALTER TABLE `tour_pickup_locations`
  MODIFY `id` int(11) NOT NULL AUTO_INCREMENT;

--
-- AUTO_INCREMENT for table `users`
--
ALTER TABLE `users`
  MODIFY `id` int(11) NOT NULL AUTO_INCREMENT, AUTO_INCREMENT=1122;

--
-- AUTO_INCREMENT for table `vendor_profile`
--
ALTER TABLE `vendor_profile`
  MODIFY `vendor_id` int(11) NOT NULL AUTO_INCREMENT, AUTO_INCREMENT=1097;

--
-- Constraints for dumped tables
--

--
-- Constraints for table `space_gallery`
--
ALTER TABLE `space_gallery`
  ADD CONSTRAINT `space_gallery_ibfk_1` FOREIGN KEY (`space_id`) REFERENCES `space` (`space_id`);
COMMIT;

/*!40101 SET CHARACTER_SET_CLIENT=@OLD_CHARACTER_SET_CLIENT */;
/*!40101 SET CHARACTER_SET_RESULTS=@OLD_CHARACTER_SET_RESULTS */;
/*!40101 SET COLLATION_CONNECTION=@OLD_COLLATION_CONNECTION */;
