-- Adminer 4.8.1 MySQL 5.7.23-23 dump

SET NAMES utf8;
SET time_zone = '+00:00';
SET foreign_key_checks = 0;
SET sql_mode = 'NO_AUTO_VALUE_ON_ZERO';

SET NAMES utf8mb4;

DROP TABLE IF EXISTS `admins`;
CREATE TABLE `admins` (
  `id` bigint(20) unsigned NOT NULL AUTO_INCREMENT,
  `name` varchar(255) COLLATE utf8mb4_unicode_ci NOT NULL,
  `email` varchar(255) COLLATE utf8mb4_unicode_ci NOT NULL,
  `email_verified_at` timestamp NULL DEFAULT NULL,
  `password` varchar(255) COLLATE utf8mb4_unicode_ci NOT NULL,
  `remember_token` varchar(100) COLLATE utf8mb4_unicode_ci DEFAULT NULL,
  `admin_address` varchar(100) COLLATE utf8mb4_unicode_ci DEFAULT NULL,
  `admin_city` varchar(100) COLLATE utf8mb4_unicode_ci DEFAULT NULL,
  `admin_state` varchar(100) COLLATE utf8mb4_unicode_ci DEFAULT NULL,
  `admin_country` varchar(100) COLLATE utf8mb4_unicode_ci DEFAULT NULL,
  `admin_postal_code` varchar(100) COLLATE utf8mb4_unicode_ci DEFAULT NULL,
  `admin_number` varchar(100) COLLATE utf8mb4_unicode_ci DEFAULT NULL,
  `created_at` timestamp NULL DEFAULT NULL,
  `updated_at` timestamp NULL DEFAULT NULL,
  PRIMARY KEY (`id`),
  UNIQUE KEY `admin_email_unique` (`email`)
) ENGINE=InnoDB DEFAULT CHARSET=utf8mb4 COLLATE=utf8mb4_unicode_ci;

INSERT INTO `admins` (`id`, `name`, `email`, `email_verified_at`, `password`, `remember_token`, `admin_address`, `admin_city`, `admin_state`, `admin_country`, `admin_postal_code`, `admin_number`, `created_at`, `updated_at`) VALUES
(1,	'Admin',	'admin@gmail.com',	NULL,	'$2y$10$veRpHDfzuM4HyCp7iPqI8OnvJX4Nzm47KSHJDZo.JlgIPSHdMiLui',	NULL,	'Lahore',	'Lahore',	'Panjab',	'Pakistan',	'05499',	'0123456789',	'2022-05-19 01:44:25',	'2022-05-19 01:44:25');

DROP TABLE IF EXISTS `amenities_type`;
CREATE TABLE `amenities_type` (
  `id` int(11) NOT NULL AUTO_INCREMENT,
  `name` varchar(255) COLLATE utf8_unicode_ci NOT NULL,
  `amenity_name_type` varchar(255) COLLATE utf8_unicode_ci DEFAULT NULL,
  `status` tinyint(2) NOT NULL DEFAULT '1',
  PRIMARY KEY (`id`)
) ENGINE=InnoDB DEFAULT CHARSET=utf8 COLLATE=utf8_unicode_ci;

INSERT INTO `amenities_type` (`id`, `name`, `amenity_name_type`, `status`) VALUES
(1,	'Room Amenities',	'Room_Amenities',	1),
(2,	'Bathroom',	'Bathroom',	1),
(3,	'Media and Technology',	'Media_and_Technology',	1),
(4,	'Food & drink',	'Food_&_drink',	1),
(5,	'Outdoor and view',	'Outdoor_and_view',	1),
(6,	'Accessibility',	'Accessibility',	1),
(7,	'Entertainment and family services',	'Entertainment_and_family_services',	1),
(8,	'Services & extras',	'Services_&_extras',	1),
(18,	'cooling',	'cooling',	1);

DROP TABLE IF EXISTS `booking`;
CREATE TABLE `booking` (
  `id` int(11) NOT NULL AUTO_INCREMENT,
  `user_id` int(11) NOT NULL,
  `hotel_id` int(11) NOT NULL,
  `room_id` int(11) DEFAULT NULL,
  `check_in` date DEFAULT NULL,
  `check_out` date DEFAULT NULL,
  `total_days` int(11) DEFAULT NULL,
  `total_room` int(11) DEFAULT NULL,
  `total_member` int(11) DEFAULT NULL,
  `coupon_code` varchar(255) COLLATE utf8_unicode_ci DEFAULT NULL,
  `discount` varchar(255) COLLATE utf8_unicode_ci DEFAULT NULL,
  `cleaning_fee` double(10,2) DEFAULT NULL,
  `city_fee` double(10,2) DEFAULT NULL,
  `tax_percentage` double(10,2) DEFAULT NULL,
  `total_amount` double(10,2) DEFAULT NULL,
  `booking_status` enum('pending','processing','canceled','confirmed') COLLATE utf8_unicode_ci DEFAULT NULL,
  `payment_id` varchar(255) COLLATE utf8_unicode_ci DEFAULT NULL,
  `payment_token` varchar(255) COLLATE utf8_unicode_ci DEFAULT NULL,
  `payer_id` varchar(255) COLLATE utf8_unicode_ci DEFAULT NULL,
  `payment_type` varchar(255) COLLATE utf8_unicode_ci DEFAULT NULL,
  `payment_status` varchar(255) COLLATE utf8_unicode_ci DEFAULT NULL,
  `created_at` datetime NOT NULL ON UPDATE CURRENT_TIMESTAMP,
  `updated_at` timestamp NOT NULL DEFAULT CURRENT_TIMESTAMP ON UPDATE CURRENT_TIMESTAMP,
  PRIMARY KEY (`id`)
) ENGINE=InnoDB DEFAULT CHARSET=utf8 COLLATE=utf8_unicode_ci;

INSERT INTO `booking` (`id`, `user_id`, `hotel_id`, `room_id`, `check_in`, `check_out`, `total_days`, `total_room`, `total_member`, `coupon_code`, `discount`, `cleaning_fee`, `city_fee`, `tax_percentage`, `total_amount`, `booking_status`, `payment_id`, `payment_token`, `payer_id`, `payment_type`, `payment_status`, `created_at`, `updated_at`) VALUES
(1,	678,	100,	55,	'2022-06-28',	'2022-06-28',	1,	1,	2,	NULL,	NULL,	NULL,	NULL,	NULL,	610.00,	'canceled',	'PAYID-MK5MDVA81A50106HU238121H',	'EC-9SR43850K62596739',	'ER72HMHPHXM3S',	'paypal',	'successful',	'2022-07-15 08:17:56',	'2022-07-15 08:17:56'),
(2,	678,	118,	109,	'2022-07-15',	'2022-07-17',	3,	1,	2,	NULL,	NULL,	NULL,	NULL,	NULL,	120.00,	'canceled',	'PAYID-MK5P6CI74U00161R3810583J',	'EC-9RP38088J5741813M',	'ER72HMHPHXM3S',	'paypal',	'successful',	'2022-07-15 08:18:20',	'2022-07-15 08:18:20'),
(3,	678,	100,	55,	'2022-06-30',	'2022-06-30',	1,	1,	2,	NULL,	NULL,	NULL,	NULL,	NULL,	610.00,	'pending',	'PAYID-MK6XVQI37M84890HR7113208',	'EC-0K850409FP8628944',	'ER72HMHPHXM3S',	'paypal',	'successful',	'2022-06-30 10:29:06',	'2022-06-30 10:29:06'),
(4,	678,	100,	55,	'2022-06-30',	'2022-07-01',	1,	1,	2,	NULL,	NULL,	NULL,	NULL,	NULL,	610.00,	'pending',	'PAYID-MK6ZBOI3U773578B6822941D',	'EC-5EB90005AY755401R',	'ER72HMHPHXM3S',	'paypal',	'successful',	'2022-06-30 12:02:46',	'2022-06-30 12:02:46'),
(5,	678,	100,	55,	'2022-06-30',	'2022-07-01',	1,	1,	2,	NULL,	NULL,	NULL,	NULL,	NULL,	610.00,	'pending',	'PAYID-MK6ZC7Q09143371K53849932',	'EC-9UR163189J926324A',	'ER72HMHPHXM3S',	'paypal',	'successful',	'2022-06-30 12:05:41',	'2022-06-30 12:05:41'),
(6,	678,	100,	55,	'2022-06-30',	'2022-07-01',	1,	1,	2,	NULL,	NULL,	NULL,	NULL,	NULL,	610.00,	'pending',	'PAYID-MK6ZC7Q09143371K53849932',	'EC-9UR163189J926324A',	'ER72HMHPHXM3S',	'paypal',	'successful',	'2022-06-30 12:13:46',	'2022-06-30 12:13:46'),
(7,	678,	100,	55,	'2022-06-30',	'2022-07-01',	1,	1,	2,	NULL,	NULL,	NULL,	NULL,	NULL,	610.00,	'pending',	'PAYID-MK6ZC7Q09143371K53849932',	'EC-9UR163189J926324A',	'ER72HMHPHXM3S',	'paypal',	'successful',	'2022-06-30 12:14:57',	'2022-06-30 12:14:57'),
(8,	678,	100,	55,	'2022-06-30',	'2022-07-01',	1,	1,	2,	NULL,	NULL,	NULL,	NULL,	NULL,	610.00,	'pending',	'PAYID-MK6ZC7Q09143371K53849932',	'EC-9UR163189J926324A',	'ER72HMHPHXM3S',	'paypal',	'successful',	'2022-06-30 12:15:34',	'2022-06-30 12:15:34'),
(9,	678,	100,	55,	'2022-06-30',	'2022-07-01',	1,	1,	2,	NULL,	NULL,	NULL,	NULL,	NULL,	610.00,	'pending',	'PAYID-MK6ZC7Q09143371K53849932',	'EC-9UR163189J926324A',	'ER72HMHPHXM3S',	'paypal',	'successful',	'2022-06-30 12:16:30',	'2022-06-30 12:16:30'),
(10,	678,	100,	55,	'2022-06-30',	'2022-07-01',	1,	1,	2,	NULL,	NULL,	NULL,	NULL,	NULL,	610.00,	'pending',	'PAYID-MK6ZC7Q09143371K53849932',	'EC-9UR163189J926324A',	'ER72HMHPHXM3S',	'paypal',	'successful',	'2022-06-30 12:17:08',	'2022-06-30 12:17:08'),
(11,	678,	100,	55,	'2022-06-30',	'2022-07-01',	1,	1,	2,	NULL,	NULL,	NULL,	NULL,	NULL,	610.00,	'pending',	'PAYID-MK6ZC7Q09143371K53849932',	'EC-9UR163189J926324A',	'ER72HMHPHXM3S',	'paypal',	'successful',	'2022-06-30 12:17:29',	'2022-06-30 12:17:29'),
(12,	678,	100,	55,	'2022-06-30',	'2022-07-01',	1,	1,	2,	NULL,	NULL,	NULL,	NULL,	NULL,	610.00,	'pending',	'PAYID-MK6ZC7Q09143371K53849932',	'EC-9UR163189J926324A',	'ER72HMHPHXM3S',	'paypal',	'successful',	'2022-06-30 12:18:17',	'2022-06-30 12:18:17'),
(13,	678,	100,	55,	'2022-06-30',	'2022-07-01',	1,	1,	2,	NULL,	NULL,	NULL,	NULL,	NULL,	610.00,	'pending',	'PAYID-MK6ZC7Q09143371K53849932',	'EC-9UR163189J926324A',	'ER72HMHPHXM3S',	'paypal',	'successful',	'2022-06-30 12:18:51',	'2022-06-30 12:18:51'),
(14,	678,	100,	55,	'2022-06-30',	'2022-07-01',	1,	1,	2,	NULL,	NULL,	NULL,	NULL,	NULL,	610.00,	'pending',	'PAYID-MK6ZC7Q09143371K53849932',	'EC-9UR163189J926324A',	'ER72HMHPHXM3S',	'paypal',	'successful',	'2022-06-30 12:19:55',	'2022-06-30 12:19:55'),
(15,	678,	100,	55,	'2022-06-30',	'2022-07-01',	1,	1,	2,	NULL,	NULL,	NULL,	NULL,	NULL,	610.00,	'pending',	'PAYID-MK6ZC7Q09143371K53849932',	'EC-9UR163189J926324A',	'ER72HMHPHXM3S',	'paypal',	'successful',	'2022-06-30 12:20:34',	'2022-06-30 12:20:34'),
(16,	678,	100,	55,	'2022-06-30',	'2022-07-01',	1,	1,	2,	NULL,	NULL,	NULL,	NULL,	NULL,	610.00,	'pending',	'PAYID-MK6ZC7Q09143371K53849932',	'EC-9UR163189J926324A',	'ER72HMHPHXM3S',	'paypal',	'successful',	'2022-06-30 12:22:28',	'2022-06-30 12:22:28'),
(17,	678,	100,	55,	'2022-06-30',	'2022-07-01',	1,	1,	2,	NULL,	NULL,	NULL,	NULL,	NULL,	610.00,	'pending',	'PAYID-MK6ZC7Q09143371K53849932',	'EC-9UR163189J926324A',	'ER72HMHPHXM3S',	'paypal',	'successful',	'2022-06-30 12:23:07',	'2022-06-30 12:23:07'),
(18,	678,	100,	55,	'2022-06-30',	'2022-07-01',	1,	1,	2,	NULL,	NULL,	NULL,	NULL,	NULL,	610.00,	'pending',	'PAYID-MK6ZC7Q09143371K53849932',	'EC-9UR163189J926324A',	'ER72HMHPHXM3S',	'paypal',	'successful',	'2022-06-30 12:23:27',	'2022-06-30 12:23:27'),
(19,	678,	100,	55,	'2022-06-30',	'2022-07-01',	1,	1,	2,	NULL,	NULL,	NULL,	NULL,	NULL,	610.00,	'pending',	'PAYID-MK6ZC7Q09143371K53849932',	'EC-9UR163189J926324A',	'ER72HMHPHXM3S',	'paypal',	'successful',	'2022-06-30 12:23:53',	'2022-06-30 12:23:53'),
(20,	678,	100,	55,	'2022-06-30',	'2022-07-01',	1,	1,	2,	NULL,	NULL,	NULL,	NULL,	NULL,	610.00,	'pending',	'PAYID-MK6ZC7Q09143371K53849932',	'EC-9UR163189J926324A',	'ER72HMHPHXM3S',	'paypal',	'successful',	'2022-06-30 12:24:46',	'2022-06-30 12:24:46'),
(21,	678,	100,	55,	'2022-06-30',	'2022-07-01',	1,	1,	2,	NULL,	NULL,	NULL,	NULL,	NULL,	610.00,	'pending',	'PAYID-MK6ZC7Q09143371K53849932',	'EC-9UR163189J926324A',	'ER72HMHPHXM3S',	'paypal',	'successful',	'2022-06-30 12:25:36',	'2022-06-30 12:25:36'),
(22,	678,	100,	55,	'2022-06-30',	'2022-07-01',	1,	1,	2,	NULL,	NULL,	NULL,	NULL,	NULL,	610.00,	'pending',	'PAYID-MK6ZC7Q09143371K53849932',	'EC-9UR163189J926324A',	'ER72HMHPHXM3S',	'paypal',	'successful',	'2022-06-30 12:26:30',	'2022-06-30 12:26:30'),
(23,	678,	100,	55,	'2022-06-30',	'2022-07-01',	1,	1,	2,	NULL,	NULL,	NULL,	NULL,	NULL,	610.00,	'pending',	'PAYID-MK6ZC7Q09143371K53849932',	'EC-9UR163189J926324A',	'ER72HMHPHXM3S',	'paypal',	'successful',	'2022-06-30 12:27:53',	'2022-06-30 12:27:53'),
(24,	678,	100,	55,	'2022-06-30',	'2022-07-01',	1,	1,	2,	NULL,	NULL,	NULL,	NULL,	NULL,	610.00,	'pending',	'PAYID-MK6ZRJA23H232566G686170R',	'EC-87627940X4983833A',	'ER72HMHPHXM3S',	'paypal',	'successful',	'2022-06-30 12:39:51',	'2022-06-30 12:39:51'),
(25,	678,	100,	55,	'2022-06-30',	'2022-07-01',	1,	1,	2,	NULL,	NULL,	NULL,	NULL,	NULL,	610.00,	'pending',	'PAYID-MK6ZRJA23H232566G686170R',	'EC-87627940X4983833A',	'ER72HMHPHXM3S',	'paypal',	'successful',	'2022-06-30 12:42:13',	'2022-06-30 12:42:13'),
(26,	678,	100,	55,	'2022-06-30',	'2022-07-01',	1,	1,	2,	NULL,	NULL,	NULL,	NULL,	NULL,	610.00,	'pending',	'PAYID-MK6ZRJA23H232566G686170R',	'EC-87627940X4983833A',	'ER72HMHPHXM3S',	'paypal',	'successful',	'2022-06-30 12:43:53',	'2022-06-30 12:43:53'),
(27,	678,	100,	55,	'2022-06-30',	'2022-07-01',	1,	1,	10,	NULL,	NULL,	NULL,	NULL,	NULL,	610.00,	'pending',	'PAYID-MK6ZRJA23H232566G686170R',	'EC-87627940X4983833A',	'ER72HMHPHXM3S',	'paypal',	'successful',	'2022-07-01 11:55:28',	'2022-07-01 11:55:28'),
(28,	689,	118,	107,	'2022-07-11',	'2022-07-11',	1,	1,	2,	NULL,	NULL,	NULL,	NULL,	NULL,	2020.00,	'pending',	'PAYID-MK62AYY3RV372434G919421K',	'EC-5RH479112J290004F',	'48GK5H7XDPGS2',	'paypal',	'successful',	'2022-06-30 13:12:15',	'2022-06-30 13:12:15'),
(29,	678,	118,	107,	'2022-07-01',	'2022-07-03',	2,	1,	2,	NULL,	NULL,	NULL,	NULL,	NULL,	2020.00,	'pending',	'PAYID-MK7JLVQ4KX176227B675141Y',	'EC-9AM9480375034023N',	'ER72HMHPHXM3S',	'paypal',	'successful',	'2022-07-01 06:36:41',	'2022-07-01 06:36:41'),
(30,	689,	80,	110,	'2022-07-02',	'2022-07-03',	1,	1,	2,	NULL,	NULL,	NULL,	NULL,	NULL,	2.00,	'pending',	'PAYID-MLABYSI2HA83817KC271753J',	'EC-51P95724B4529473Y',	'48GK5H7XDPGS2',	'paypal',	'successful',	'2022-07-05 08:51:13',	'2022-07-05 08:51:13'),
(31,	689,	92,	39,	'2022-07-19',	'2022-07-21',	2,	1,	2,	NULL,	NULL,	NULL,	NULL,	NULL,	12000.00,	'pending',	'PAYID-MLB6GGY9BX2761732298802V',	'EC-96W67082RX903431X',	'48GK5H7XDPGS2',	'paypal',	'successful',	'2022-07-05 07:07:30',	'2022-07-05 07:07:30'),
(32,	689,	95,	76,	'2022-07-29',	'2022-07-30',	2,	5,	9,	NULL,	NULL,	NULL,	NULL,	NULL,	1112.00,	'pending',	'PAYID-MLCBM7Q93J95424R95161212',	'EC-6LD28868NY5513839',	'48GK5H7XDPGS2',	'paypal',	'successful',	'2022-07-25 11:58:36',	'2022-07-25 11:58:36'),
(33,	689,	95,	84,	'2022-07-29',	'2022-07-30',	2,	5,	10,	NULL,	NULL,	100.00,	10.00,	3.00,	1113.00,	'pending',	'PAYID-MLCBS6Q4K6134996R194432J',	'EC-8E444124G1254081F',	'48GK5H7XDPGS2',	'paypal',	'successful',	'2022-07-25 11:57:49',	'2022-07-25 11:57:49'),
(34,	689,	80,	46,	'2022-07-07',	'2022-07-07',	0,	1,	2,	NULL,	NULL,	100.00,	10.00,	NULL,	110.00,	'pending',	'PAYID-MLDKNFA37H293450D5900927',	'EC-6NB23909NH553374N',	'48GK5H7XDPGS2',	'paypal',	'successful',	'2022-07-07 09:25:56',	'2022-07-07 09:25:56'),
(35,	689,	100,	55,	'2022-07-07',	'2022-07-07',	0,	1,	2,	NULL,	NULL,	100.00,	10.00,	NULL,	110.00,	'pending',	'PAYID-MLDKNWA03673745VB6316205',	'EC-6NB71775MP9460232',	'48GK5H7XDPGS2',	'paypal',	'successful',	'2022-07-07 09:26:57',	'2022-07-07 09:26:57'),
(36,	689,	100,	55,	'2022-07-07',	'2022-07-08',	1,	1,	2,	NULL,	NULL,	100.00,	10.00,	NULL,	610.00,	'pending',	'PAYID-MLDK4HY7VR776552F578504F',	'EC-2R823306BS9292259',	'48GK5H7XDPGS2',	'paypal',	'successful',	'2022-07-07 09:58:16',	'2022-07-07 09:58:16'),
(37,	678,	80,	46,	'2022-07-08',	'2022-07-09',	1,	1,	2,	NULL,	NULL,	100.00,	10.00,	NULL,	609.00,	'pending',	'PAYID-MLD7ETI5V02116353513682R',	'EC-3FH26141JP512193J',	'ER72HMHPHXM3S',	'paypal',	'successful',	'2022-07-08 09:07:00',	'2022-07-08 09:07:00'),
(38,	678,	80,	46,	'2022-07-10',	'2022-07-11',	1,	1,	2,	NULL,	NULL,	100.00,	10.00,	NULL,	609.00,	'pending',	'PAYID-MLD7NTQ4RX194444A892842G',	'EC-0E926307JB155900L',	'ER72HMHPHXM3S',	'paypal',	'successful',	'2022-07-08 09:20:42',	'2022-07-08 09:20:42'),
(39,	678,	80,	110,	'2022-07-10',	'2022-07-11',	1,	1,	2,	NULL,	NULL,	0.00,	0.00,	2.00,	502.00,	'pending',	'PAYID-MLD7UYA50A17950TD977872W',	'EC-2K152697AH834902P',	'ER72HMHPHXM3S',	'paypal',	'successful',	'2022-07-08 09:36:02',	'2022-07-08 09:36:02'),
(40,	678,	80,	46,	'2022-07-08',	'2022-07-09',	1,	1,	2,	NULL,	NULL,	100.00,	10.00,	NULL,	609.00,	'pending',	'PAYID-MLD7Y4A16F63488B06891523',	'EC-52353307SF6681844',	'ER72HMHPHXM3S',	'paypal',	'successful',	'2022-07-08 09:44:38',	'2022-07-08 09:44:38'),
(41,	678,	80,	46,	'2022-07-08',	'2022-07-09',	1,	1,	2,	NULL,	NULL,	100.00,	10.00,	NULL,	609.00,	'pending',	'PAYID-MLD7ZOI0KY48347X77735027',	'EC-5GS758126M432235H',	'ER72HMHPHXM3S',	'paypal',	'successful',	'2022-07-08 09:46:51',	'2022-07-08 09:46:51'),
(44,	804,	80,	110,	'2022-07-09',	'2022-07-10',	1,	1,	2,	NULL,	NULL,	0.00,	0.00,	2.00,	502.00,	'pending',	'PAYID-MLEB7ZI56R85322VY317223G',	'EC-4H062256GX404524K',	'ER72HMHPHXM3S',	'paypal',	'successful',	'2022-07-08 12:16:07',	'2022-07-08 12:16:07'),
(45,	689,	80,	46,	'2022-07-08',	'2022-07-09',	1,	1,	2,	NULL,	NULL,	100.00,	10.00,	NULL,	609.00,	'pending',	'PAYID-MLECSDA35G50265DS7991923',	'EC-8R678279HX7576147',	'48GK5H7XDPGS2',	'paypal',	'successful',	'2022-07-08 12:54:59',	'2022-07-08 12:54:59'),
(46,	689,	100,	55,	'2022-07-08',	'2022-07-09',	1,	1,	2,	NULL,	NULL,	100.00,	10.00,	NULL,	610.00,	'pending',	'PAYID-MLECTWQ2G528508S7028794L',	'EC-58E51505B2775521Y',	'48GK5H7XDPGS2',	'paypal',	'successful',	'2022-07-08 12:58:23',	'2022-07-08 12:58:23'),
(47,	678,	118,	108,	'2022-07-10',	'2022-07-11',	1,	1,	2,	NULL,	NULL,	500.00,	500.00,	20.00,	2020.00,	'pending',	'PAYID-MLFFWHI7X513606B4385631E',	'EC-8NA39740LM909213G',	'ER72HMHPHXM3S',	'paypal',	'successful',	'2022-07-10 05:03:07',	'2022-07-10 05:03:07'),
(49,	819,	92,	39,	'2022-07-11',	'2022-07-12',	1,	1,	2,	NULL,	NULL,	1000.00,	1000.00,	NULL,	7000.00,	'pending',	'PAYID-MLF36OI4MV65383UR5454502',	'EC-77C15778SC6385614',	'ER72HMHPHXM3S',	'paypal',	'successful',	'2022-07-11 06:13:10',	'2022-07-11 06:13:10'),
(50,	822,	95,	193,	'2022-07-11',	'2022-07-13',	2,	1,	2,	NULL,	NULL,	0.00,	0.00,	2.00,	1002.00,	'pending',	'PAYID-MLF4CGI8V8140309W789682P',	'EC-13310440TG463410A',	'48GK5H7XDPGS2',	'paypal',	'successful',	'2022-07-11 06:20:41',	'2022-07-11 06:20:41'),
(52,	821,	225,	274,	'2022-07-11',	'2022-07-12',	1,	1,	2,	NULL,	NULL,	250.00,	250.00,	1.00,	1501.00,	'pending',	'PAYID-MLF4S4Y28021749BK685490S',	'EC-7W217253KE188700N',	'ER72HMHPHXM3S',	'paypal',	'successful',	'2022-07-11 06:56:42',	'2022-07-11 06:56:42'),
(53,	821,	226,	275,	'2022-07-11',	'2022-07-12',	1,	1,	2,	NULL,	NULL,	250.00,	250.00,	1.00,	1051.00,	'pending',	'PAYID-MLF4UPI323474336R297361R',	'EC-2HA15297FS429953Y',	'ER72HMHPHXM3S',	'paypal',	'successful',	'2022-07-11 06:59:30',	'2022-07-11 06:59:30'),
(56,	819,	100,	199,	'2022-07-11',	'2022-07-12',	1,	1,	2,	NULL,	NULL,	100.00,	10.00,	NULL,	610.00,	'pending',	'PAYID-MLF6N5Q6AU265260F118070U',	'EC-2R79847429926622K',	'ER72HMHPHXM3S',	'paypal',	'successful',	'2022-07-11 09:02:20',	'2022-07-11 09:02:20'),
(57,	819,	104,	66,	'2022-07-11',	'2022-07-12',	1,	1,	2,	NULL,	NULL,	500.00,	500.00,	NULL,	3000.00,	'pending',	'PAYID-MLF6U3A96714248UL979701Y',	'EC-4BE42986K0820200M',	'ER72HMHPHXM3S',	'paypal',	'successful',	'2022-07-11 09:16:50',	'2022-07-11 09:16:50'),
(59,	821,	225,	274,	'2022-07-11',	'2022-07-12',	1,	1,	2,	NULL,	NULL,	250.00,	250.00,	1.00,	1501.00,	'pending',	'PAYID-MLF7LOQ1CP84568SA079723M',	'EC-27T92713HK8382022',	'ER72HMHPHXM3S',	'paypal',	'successful',	'2022-07-11 10:05:31',	'2022-07-11 10:05:31'),
(60,	689,	226,	275,	'2022-07-19',	'2022-07-29',	10,	3,	2,	NULL,	NULL,	250.00,	250.00,	1.00,	6001.00,	'pending',	'PAYID-MLF7SSA17110548S5339752K',	'EC-4A340366GJ787243P',	'48GK5H7XDPGS2',	'paypal',	'successful',	'2022-07-21 10:56:48',	'2022-07-21 10:56:48'),
(61,	821,	225,	274,	'2022-07-11',	'2022-07-12',	1,	1,	2,	NULL,	NULL,	250.00,	250.00,	1.00,	1501.00,	'pending',	'PAYID-MLF76AA9KH27912M2394653K',	'EC-3UP60169JT683370K',	'ER72HMHPHXM3S',	'paypal',	'successful',	'2022-07-11 10:45:00',	'2022-07-11 10:45:00'),
(62,	819,	227,	276,	'2022-07-11',	'2022-07-12',	1,	1,	2,	NULL,	NULL,	100.00,	10.00,	2.00,	2612.00,	'pending',	'PAYID-MLGAWJQ9CT241451D287435J',	'EC-5LN71192WK459864S',	'ER72HMHPHXM3S',	'paypal',	'successful',	'2022-07-11 11:37:46',	'2022-07-11 11:37:46'),
(63,	819,	227,	276,	'2022-07-11',	'2022-07-12',	1,	1,	2,	NULL,	NULL,	100.00,	10.00,	2.00,	2612.00,	'pending',	'PAYID-MLGAWJQ9CT241451D287435J',	'EC-5LN71192WK459864S',	'ER72HMHPHXM3S',	'paypal',	'successful',	'2022-07-11 11:40:16',	'2022-07-11 11:40:16'),
(64,	819,	227,	276,	'2022-07-11',	'2022-07-12',	1,	1,	2,	NULL,	NULL,	100.00,	10.00,	2.00,	2612.00,	'pending',	'PAYID-MLGAWJQ9CT241451D287435J',	'EC-5LN71192WK459864S',	'ER72HMHPHXM3S',	'paypal',	'successful',	'2022-07-11 11:44:37',	'2022-07-11 11:44:37'),
(65,	819,	227,	276,	'2022-07-11',	'2022-07-12',	1,	1,	2,	NULL,	NULL,	100.00,	10.00,	2.00,	2612.00,	'pending',	'PAYID-MLGAWJQ9CT241451D287435J',	'EC-5LN71192WK459864S',	'ER72HMHPHXM3S',	'paypal',	'successful',	'2022-07-11 11:46:39',	'2022-07-11 11:46:39'),
(66,	819,	227,	276,	'2022-07-11',	'2022-07-12',	1,	1,	2,	NULL,	NULL,	100.00,	10.00,	2.00,	2612.00,	'pending',	'PAYID-MLGAWJQ9CT241451D287435J',	'EC-5LN71192WK459864S',	'ER72HMHPHXM3S',	'paypal',	'successful',	'2022-07-11 11:48:18',	'2022-07-11 11:48:18'),
(67,	819,	227,	276,	'2022-07-11',	'2022-07-12',	1,	1,	2,	NULL,	NULL,	100.00,	10.00,	2.00,	2612.00,	'pending',	'PAYID-MLGBA7Y1DS51404FF052193L',	'EC-3EC504992L9772409',	'ER72HMHPHXM3S',	'paypal',	'successful',	'2022-07-11 11:59:34',	'2022-07-11 11:59:34'),
(68,	819,	228,	277,	'2022-07-11',	'2022-07-12',	1,	1,	2,	NULL,	NULL,	50.00,	10.00,	2.00,	862.00,	'pending',	'PAYID-MLGBFQA6RG20085L6070780D',	'EC-4WK31431KT662925K',	'ER72HMHPHXM3S',	'paypal',	'successful',	'2022-07-11 12:08:54',	'2022-07-11 12:08:54'),
(70,	821,	100,	55,	'2022-07-12',	'2022-07-13',	1,	1,	2,	NULL,	NULL,	100.00,	10.00,	NULL,	610.00,	'pending',	'PAYID-MLGBIRQ6YP097555X483162W',	'EC-8E048257UL922052F',	'ER72HMHPHXM3S',	'paypal',	'successful',	'2022-07-11 12:15:23',	'2022-07-11 12:15:23'),
(71,	819,	118,	108,	'2022-07-11',	'2022-07-12',	1,	1,	2,	NULL,	NULL,	500.00,	500.00,	20.00,	2020.00,	'pending',	'PAYID-MLGBJVA1YH22876SK239950H',	'EC-93A98385LF688882J',	'ER72HMHPHXM3S',	'paypal',	'successful',	'2022-07-11 12:18:09',	'2022-07-11 12:18:09'),
(72,	819,	108,	198,	'2022-07-11',	'2022-07-12',	1,	1,	2,	NULL,	NULL,	250.00,	250.00,	10.00,	1010.00,	'pending',	'PAYID-MLGBMPI9R3967571A3147225',	'EC-84C24054848428334',	'ER72HMHPHXM3S',	'paypal',	'successful',	'2022-07-11 12:23:48',	'2022-07-11 12:23:48'),
(79,	819,	95,	76,	'2022-07-11',	'2022-07-12',	1,	1,	2,	NULL,	NULL,	100.00,	10.00,	2.00,	612.00,	'pending',	'PAYID-MLGCCTA4RB52720021643139',	'EC-4ES25876M0199611E',	'ER72HMHPHXM3S',	'paypal',	'successful',	'2022-07-11 13:10:57',	'2022-07-11 13:10:57'),
(80,	819,	95,	76,	'2022-07-11',	'2022-07-12',	1,	1,	2,	NULL,	NULL,	100.00,	10.00,	2.00,	612.00,	'pending',	'PAYID-MLGCE4Y56F98966SJ1381814',	'EC-4D348156FF6014217',	'ER72HMHPHXM3S',	'paypal',	'successful',	'2022-07-11 13:15:54',	'2022-07-11 13:15:54'),
(81,	689,	228,	282,	'2022-07-12',	'2022-07-13',	1,	1,	2,	NULL,	NULL,	50.00,	10.00,	2.00,	862.00,	'pending',	'PAYID-MLGRUVQ03U51899AF565722L',	'EC-1EV73475TY9023915',	'48GK5H7XDPGS2',	'paypal',	'successful',	'2022-07-12 06:53:39',	'2022-07-12 06:53:39'),
(83,	819,	108,	87,	'2022-07-12',	'2022-07-13',	1,	1,	2,	NULL,	NULL,	250.00,	250.00,	10.00,	1010.00,	'pending',	'PAYID-MLGUAEA8TV875115A5413829',	'EC-5ML333145H082920C',	'ER72HMHPHXM3S',	'paypal',	'successful',	'2022-07-12 09:34:49',	'2022-07-12 09:34:49'),
(84,	819,	108,	87,	'2022-07-12',	'2022-07-13',	1,	1,	2,	NULL,	NULL,	250.00,	250.00,	10.00,	1010.00,	'pending',	'PAYID-MLGUDVQ9V0833250M656760H',	'EC-0D2338836H7408423',	'ER72HMHPHXM3S',	'paypal',	'successful',	'2022-07-12 09:42:06',	'2022-07-12 09:42:06'),
(85,	819,	118,	107,	'2022-07-12',	'2022-07-13',	1,	1,	2,	NULL,	NULL,	500.00,	500.00,	20.00,	2020.00,	'pending',	'PAYID-MLGUGII4V10296226832351S',	'EC-1C1504891S038291A',	'ER72HMHPHXM3S',	'paypal',	'successful',	'2022-07-12 09:47:33',	'2022-07-12 09:47:33'),
(86,	819,	108,	87,	'2022-07-12',	'2022-07-13',	1,	1,	2,	NULL,	NULL,	250.00,	250.00,	10.00,	1010.00,	'pending',	'PAYID-MLGUI2Q5X200147YX186524S',	'EC-0UJ71522L1284252L',	'ER72HMHPHXM3S',	'paypal',	'successful',	'2022-07-12 09:53:04',	'2022-07-12 09:53:04'),
(87,	837,	92,	39,	'2022-07-13',	'2022-07-14',	1,	1,	2,	NULL,	NULL,	1000.00,	1000.00,	NULL,	7000.00,	'pending',	'PAYID-MLHFEYY04U96202DS1369743',	'EC-5X665185TA042683S',	'ER72HMHPHXM3S',	'paypal',	'successful',	'2022-07-13 05:05:20',	'2022-07-13 05:05:20'),
(92,	823,	239,	320,	'2022-07-14',	'2022-07-15',	1,	1,	2,	NULL,	NULL,	250.00,	250.00,	1.00,	5501.00,	'pending',	'PAYID-MLH3CBA3C497798EF440781T',	'EC-013669778L5084506',	'ER72HMHPHXM3S',	'paypal',	'successful',	'2022-07-14 06:01:11',	'2022-07-14 06:01:11'),
(94,	837,	148,	287,	'2022-07-15',	'2022-07-16',	1,	1,	2,	NULL,	NULL,	50.00,	10.00,	2.00,	862.00,	'canceled',	'PAYID-MLIQEJQ5W331527AN576042M',	'EC-8NR754986W314725P',	'ER72HMHPHXM3S',	'paypal',	'successful',	'2022-07-15 08:39:01',	'2022-07-15 08:39:01'),
(95,	837,	92,	39,	'2022-07-16',	'2022-07-17',	1,	1,	2,	NULL,	NULL,	1000.00,	1000.00,	NULL,	7000.00,	'pending',	'PAYID-MLJEZ3Q9YX71968UD1461610',	'EC-6HX53521VP864253F',	'ER72HMHPHXM3S',	'paypal',	'successful',	'2022-07-16 05:30:57',	'2022-07-16 05:30:57'),
(96,	877,	226,	275,	'2022-07-16',	'2022-07-17',	1,	1,	2,	NULL,	NULL,	250.00,	250.00,	1.00,	1051.00,	'pending',	'PAYID-MLJIN2Y52U59336RW4660949',	'EC-45H70367XX3622247',	'ER72HMHPHXM3S',	'paypal',	'successful',	'2022-07-16 09:38:25',	'2022-07-16 09:38:25'),
(97,	837,	95,	118,	'2022-07-29',	'2022-07-30',	1,	5,	8,	NULL,	NULL,	0.00,	0.00,	2.00,	502.00,	'pending',	'PAYID-MLLDUDQ5C108615JB114192D',	'EC-30H9193288651062N',	'ER72HMHPHXM3S',	'paypal',	'successful',	'2022-07-25 11:47:32',	'2022-07-25 11:47:32'),
(98,	837,	281,	379,	'2022-07-19',	'2022-07-20',	1,	1,	2,	NULL,	NULL,	250.00,	250.00,	1.00,	1001.00,	'pending',	'PAYID-MLLD5WI7NY82678X0445652R',	'EC-38J53306HP117340Y',	'ER72HMHPHXM3S',	'paypal',	'successful',	'2022-07-19 05:20:05',	'2022-07-19 05:20:05'),
(99,	837,	281,	382,	'2022-07-19',	'2022-07-20',	1,	1,	2,	NULL,	NULL,	200.00,	200.00,	2.00,	902.00,	'pending',	'PAYID-MLLEDII8U126417H0495261B',	'EC-19369542U0852653C',	'ER72HMHPHXM3S',	'paypal',	'successful',	'2022-07-19 05:31:33',	'2022-07-19 05:31:33'),
(100,	837,	281,	383,	'2022-07-19',	'2022-07-20',	1,	1,	2,	NULL,	NULL,	100.00,	100.00,	3.00,	1203.00,	'pending',	'PAYID-MLLED6I2Y121521M2977382A',	'EC-4ER78184E87234841',	'ER72HMHPHXM3S',	'paypal',	'successful',	'2022-07-19 05:33:02',	'2022-07-19 05:33:02'),
(101,	837,	100,	55,	'2022-07-19',	'2022-07-20',	1,	1,	2,	NULL,	NULL,	100.00,	10.00,	NULL,	610.00,	'pending',	'PAYID-MLLEGXA516893137R064161B',	'EC-60Y43016BT2638849',	'ER72HMHPHXM3S',	'paypal',	'successful',	'2022-07-19 05:38:59',	'2022-07-19 05:38:59'),
(102,	837,	281,	382,	'2022-07-22',	'2022-07-29',	7,	1,	2,	NULL,	NULL,	200.00,	200.00,	2.00,	3902.00,	'pending',	'PAYID-MLLZCSY99W9230703801281G',	'EC-6LF90695C69803726',	'ER72HMHPHXM3S',	'paypal',	'successful',	'2022-07-20 05:24:54',	'2022-07-20 05:24:54'),
(103,	837,	92,	39,	'2022-07-22',	'2022-07-23',	1,	1,	2,	NULL,	NULL,	1000.00,	1000.00,	NULL,	7000.00,	'pending',	'PAYID-MLNDLII2RG05724TE9185301',	'EC-8XT27724ET689204Y',	'ER72HMHPHXM3S',	'paypal',	'successful',	'2022-07-22 05:29:50',	'2022-07-22 05:29:50'),
(104,	837,	281,	383,	'2022-07-22',	'2022-07-23',	1,	1,	2,	NULL,	NULL,	100.00,	100.00,	3.00,	1203.00,	'pending',	'PAYID-MLNIEKA72B0915090741191F',	'EC-09E2896551859750E',	'ER72HMHPHXM3S',	'paypal',	'successful',	'2022-07-22 10:56:16',	'2022-07-22 10:56:16'),
(105,	837,	281,	382,	'2022-07-25',	'2022-07-26',	1,	1,	2,	NULL,	NULL,	200.00,	200.00,	2.00,	902.00,	'pending',	'PAYID-MLPEKKQ1G793215E78944008',	'EC-1GM850896J778315K',	'ER72HMHPHXM3S',	'paypal',	'successful',	'2022-07-25 07:25:18',	'2022-07-25 07:25:18'),
(106,	678,	281,	383,	'2022-07-26',	'2022-07-27',	1,	1,	2,	NULL,	NULL,	100.00,	100.00,	3.00,	1203.00,	'pending',	'PAYID-MLP2LVY1NF63357V4369891J',	'EC-8N4563332V629291W',	'ER72HMHPHXM3S',	'paypal',	'successful',	'2022-07-26 08:30:02',	'2022-07-26 08:30:02'),
(107,	678,	281,	384,	'2022-07-26',	'2022-07-27',	1,	1,	2,	NULL,	NULL,	20.00,	20.00,	1.00,	541.00,	'pending',	'PAYID-MLP3XWA874883225C3369217',	'EC-62V77737GX8910412',	'ER72HMHPHXM3S',	'paypal',	'successful',	'2022-07-26 10:03:47',	'2022-07-26 10:03:47'),
(108,	837,	281,	385,	'2022-07-26',	'2022-07-27',	1,	1,	2,	NULL,	NULL,	20.00,	20.00,	1.00,	541.00,	'pending',	'PAYID-MLP3Z7Q2U704299S5154061J',	'EC-6DS040676Y191880G',	'ER72HMHPHXM3S',	'paypal',	'successful',	'2022-07-26 10:08:21',	'2022-07-26 10:08:21'),
(109,	837,	281,	382,	'2022-07-27',	'2022-07-28',	1,	1,	2,	NULL,	NULL,	200.00,	200.00,	2.00,	902.00,	'pending',	'PAYID-MLQNPUI6Y7694058M079025V',	'EC-4HS7222791193394A',	'ER72HMHPHXM3S',	'paypal',	'successful',	'2022-07-27 06:15:22',	'2022-07-27 06:15:22'),
(110,	837,	327,	508,	'2022-07-27',	'2022-07-28',	1,	1,	2,	NULL,	NULL,	100.00,	100.00,	1.00,	701.00,	'pending',	'PAYID-MLQP63A5NW13720FW9791427',	'EC-5YC892135L345583M',	'ER72HMHPHXM3S',	'paypal',	'successful',	'2022-07-27 09:04:22',	'2022-07-27 09:04:22'),
(111,	837,	281,	445,	'2022-07-27',	'2022-07-28',	1,	1,	2,	NULL,	NULL,	5.00,	5.00,	1.00,	511.00,	'pending',	'PAYID-MLQQBJA2H553743WJ476990H',	'EC-0LR321078K594911Y',	'ER72HMHPHXM3S',	'paypal',	'successful',	'2022-07-27 09:09:19',	'2022-07-27 09:09:19'),
(112,	832,	92,	39,	'2022-07-27',	'2022-07-28',	1,	1,	2,	NULL,	NULL,	1000.00,	1000.00,	NULL,	7000.00,	'pending',	'PAYID-MLQRISI5HV09506KX2192125',	'EC-2XM717260H784905T',	'K8U5YWR2AB2N8',	'paypal',	'successful',	'2022-07-27 10:33:30',	'2022-07-27 10:33:30'),
(113,	832,	100,	199,	'2022-07-27',	'2022-07-28',	1,	1,	2,	NULL,	NULL,	100.00,	10.00,	NULL,	610.00,	'pending',	'PAYID-MLQRPOQ2SM09444JW914625E',	'EC-8NX46223N9285231T',	'ER72HMHPHXM3S',	'paypal',	'successful',	'2022-07-27 10:48:53',	'2022-07-27 10:48:53'),
(114,	837,	281,	383,	'2022-07-28',	'2022-07-29',	1,	1,	2,	NULL,	NULL,	100.00,	100.00,	3.00,	1203.00,	'pending',	'PAYID-MLRGKGY2P191360PW465742G',	'EC-74N71475745967006',	'ER72HMHPHXM3S',	'paypal',	'successful',	'2022-07-28 10:30:47',	'2022-07-28 10:30:47');

DROP TABLE IF EXISTS `booking_temp`;
CREATE TABLE `booking_temp` (
  `id` int(11) NOT NULL AUTO_INCREMENT,
  `payment_id` varchar(255) COLLATE utf8_unicode_ci DEFAULT NULL,
  `paccess_token` varchar(255) COLLATE utf8_unicode_ci DEFAULT NULL,
  `token_id` varbinary(255) DEFAULT NULL,
  `user_id` int(11) DEFAULT NULL,
  `hotel_id` int(11) DEFAULT NULL,
  `room_id` int(11) DEFAULT NULL,
  `check_in` date DEFAULT NULL,
  `check_out` date DEFAULT NULL,
  `cleaning_fee` float(10,2) DEFAULT NULL,
  `city_fee` float(10,2) DEFAULT NULL,
  `tax_percentage` float(10,2) DEFAULT NULL,
  `total_days` int(11) DEFAULT NULL,
  `total_room` int(11) DEFAULT NULL,
  `total_member` int(11) DEFAULT NULL,
  `coupon_code` varchar(255) COLLATE utf8_unicode_ci DEFAULT NULL,
  `discount` varchar(255) COLLATE utf8_unicode_ci DEFAULT NULL,
  `total_amount` float(10,2) DEFAULT NULL,
  `pay_amount` float(10,2) DEFAULT NULL,
  `online_payment_amount` float(10,2) DEFAULT NULL,
  `desk_payment_amount` float(10,2) DEFAULT NULL,
  `created_at` datetime NOT NULL,
  `updated_at` timestamp NOT NULL DEFAULT CURRENT_TIMESTAMP ON UPDATE CURRENT_TIMESTAMP,
  PRIMARY KEY (`id`)
) ENGINE=InnoDB DEFAULT CHARSET=utf8 COLLATE=utf8_unicode_ci;

INSERT INTO `booking_temp` (`id`, `payment_id`, `paccess_token`, `token_id`, `user_id`, `hotel_id`, `room_id`, `check_in`, `check_out`, `cleaning_fee`, `city_fee`, `tax_percentage`, `total_days`, `total_room`, `total_member`, `coupon_code`, `discount`, `total_amount`, `pay_amount`, `online_payment_amount`, `desk_payment_amount`, `created_at`, `updated_at`) VALUES
(1,	'PAYID-MK5L4II01G22227TC242060T',	'A21AAJH7jvoinIYraD-2-IlFYUGgHPsVRRN_yq8ybezuX-KIT0zfMANY4SVwt4P5jXZn7-l-xb1048BgPb0xvfVGqvPT3JLpA',	UNHEX('45432D3533573531353839315737323839363044'),	NULL,	104,	74,	'2022-06-28',	'2022-06-28',	50.00,	50.00,	0.00,	1,	1,	2,	NULL,	NULL,	600.00,	NULL,	NULL,	NULL,	'2022-06-28 08:38:57',	'2022-06-28 08:38:57'),
(2,	'PAYID-MK5MDVA81A50106HU238121H',	'A21AAJH7jvoinIYraD-2-IlFYUGgHPsVRRN_yq8ybezuX-KIT0zfMANY4SVwt4P5jXZn7-l-xb1048BgPb0xvfVGqvPT3JLpA',	UNHEX('45432D39535234333835304B3632353936373339'),	NULL,	100,	55,	'2022-06-28',	'2022-06-28',	100.00,	10.00,	NULL,	1,	1,	2,	NULL,	NULL,	610.00,	NULL,	NULL,	NULL,	'2022-06-28 08:54:44',	'2022-06-28 08:54:44'),
(3,	'PAYID-MK5P6CI74U00161R3810583J',	'A21AAIb_Istl6pxVWtiyBeuDXQENUrbAhHp0l_eLLQNHQleHp_wlJH0mwskF8jGRAjdEUDetFSb5G6czMpwfzEjxI2QqVxcbA',	UNHEX('45432D39525033383038384A353734313831334D'),	NULL,	118,	109,	'2022-06-30',	'2022-07-02',	0.00,	0.00,	20.00,	1,	1,	2,	NULL,	NULL,	120.00,	NULL,	NULL,	NULL,	'2022-06-28 13:15:53',	'2022-06-28 13:15:53'),
(4,	'PAYID-MK6XVQI37M84890HR7113208',	'A21AALDwJ7KgfdqdzpvreCuACR6Q7nFx7P6_Dr4Ni8v3RD4LNi_9Usb8m2VqRXKSfPVjFUpmNM61fgwOhEpjfyE57Opt1SE8w',	UNHEX('45432D304B383530343039465038363238393434'),	NULL,	100,	55,	'2022-06-30',	'2022-06-30',	100.00,	10.00,	NULL,	1,	1,	2,	NULL,	NULL,	610.00,	NULL,	NULL,	NULL,	'2022-06-30 10:28:18',	'2022-06-30 10:28:18'),
(5,	'PAYID-MK6ZBOI3U773578B6822941D',	'A21AALqCQQWmeHO2BTasu6y6mf2NbNsIdui3xZkKyoThzEowBG0vwQ4-tDr_dBLanLSkiModpgYOdlJav54DV8YpGPpP0R9MQ',	UNHEX('45432D3545423930303035415937353534303152'),	NULL,	100,	55,	'2022-06-30',	'2022-07-01',	100.00,	10.00,	NULL,	1,	1,	2,	NULL,	NULL,	610.00,	NULL,	NULL,	NULL,	'2022-06-30 12:02:01',	'2022-06-30 12:02:01'),
(6,	'PAYID-MK6ZC7Q09143371K53849932',	'A21AALqCQQWmeHO2BTasu6y6mf2NbNsIdui3xZkKyoThzEowBG0vwQ4-tDr_dBLanLSkiModpgYOdlJav54DV8YpGPpP0R9MQ',	UNHEX('45432D3955523136333138394A39323633323441'),	NULL,	100,	55,	'2022-06-30',	'2022-07-01',	100.00,	10.00,	NULL,	1,	1,	2,	NULL,	NULL,	610.00,	NULL,	NULL,	NULL,	'2022-06-30 12:05:18',	'2022-06-30 12:05:18'),
(7,	'PAYID-MK6ZRJA23H232566G686170R',	'A21AALqCQQWmeHO2BTasu6y6mf2NbNsIdui3xZkKyoThzEowBG0vwQ4-tDr_dBLanLSkiModpgYOdlJav54DV8YpGPpP0R9MQ',	UNHEX('45432D3837363237393430583439383338333341'),	NULL,	100,	55,	'2022-06-30',	'2022-07-01',	100.00,	10.00,	NULL,	1,	1,	2,	NULL,	NULL,	610.00,	NULL,	NULL,	NULL,	'2022-06-30 12:35:48',	'2022-06-30 12:35:48'),
(8,	'PAYID-MK6Z7UY39G98942BL277704J',	'A21AAJu5Uc2tA9KslEG-nqIjzBTPBK4G4HCcSyYPrYwEFnppWqYHqX3oNo7cEs0o1lo4obMclOAaGo6zGWs3RFGOaOh1VBmKw',	UNHEX('45432D314C363331373334573336393138343337'),	NULL,	118,	107,	'2022-06-30',	'2022-06-30',	500.00,	500.00,	20.00,	1,	1,	2,	NULL,	NULL,	2020.00,	NULL,	NULL,	NULL,	'2022-06-30 13:06:27',	'2022-06-30 13:06:27'),
(9,	'PAYID-MK62AYY3RV372434G919421K',	'A21AAJu5Uc2tA9KslEG-nqIjzBTPBK4G4HCcSyYPrYwEFnppWqYHqX3oNo7cEs0o1lo4obMclOAaGo6zGWs3RFGOaOh1VBmKw',	UNHEX('45432D3552483437393131324A32393030303446'),	NULL,	118,	107,	'2022-06-30',	'2022-06-30',	500.00,	500.00,	20.00,	1,	1,	2,	NULL,	NULL,	2020.00,	NULL,	NULL,	NULL,	'2022-06-30 13:08:52',	'2022-06-30 13:08:52'),
(10,	'PAYID-MK7JLVQ4KX176227B675141Y',	'A21AALhu1AEvt0gRjpgOVssVrnLcZKtlurFiK1_NPWtKLyo-8S0O0JV81nTtEJ0rHfPcJq2sL4gL6wAFZcL72BS640qcj98Pg',	UNHEX('45432D39414D393438303337353033343032334E'),	NULL,	118,	107,	'2022-07-01',	'2022-07-03',	500.00,	500.00,	20.00,	2,	1,	2,	NULL,	NULL,	2020.00,	NULL,	NULL,	NULL,	'2022-07-01 06:36:07',	'2022-07-01 06:36:07'),
(11,	'PAYID-MLABYEQ0PR739257H123743N',	'A21AAIubuRlrAE7nujtZAtombjk9k6m2QtxUT-LG5xw0DXFgfUY-eWcvWJQc1vj38zliCGJnxBHbYFzrp2xn4eYhBh0XkzTrw',	UNHEX('45432D3358473432323036474A32363531353456'),	NULL,	80,	110,	'2022-07-02',	'2022-07-02',	0.00,	0.00,	2.00,	0,	1,	2,	NULL,	NULL,	2.00,	NULL,	NULL,	NULL,	'2022-07-02 10:21:06',	'2022-07-02 10:21:06'),
(12,	'PAYID-MLABYSI2HA83817KC271753J',	'A21AAIubuRlrAE7nujtZAtombjk9k6m2QtxUT-LG5xw0DXFgfUY-eWcvWJQc1vj38zliCGJnxBHbYFzrp2xn4eYhBh0XkzTrw',	UNHEX('45432D3531503935373234423435323934373359'),	NULL,	80,	110,	'2022-07-02',	'2022-07-02',	0.00,	0.00,	2.00,	0,	1,	2,	NULL,	NULL,	2.00,	NULL,	NULL,	NULL,	'2022-07-02 10:22:01',	'2022-07-02 10:22:01'),
(13,	'PAYID-MLB6GGY9BX2761732298802V',	'A21AAJZElgfs7qOkpXE3WhhE7kny6tD3N0o3XdjkmJgdaMcXYT7pDSpbwgLI-TV-m-426rMca4_s1WrfCzz56HZlF6ML4m_RQ',	UNHEX('45432D3936573637303832525839303334333158'),	1,	92,	39,	'2022-07-19',	'2022-07-21',	1000.00,	1000.00,	NULL,	2,	1,	2,	NULL,	NULL,	12000.00,	NULL,	NULL,	NULL,	'2022-07-05 07:07:07',	'2022-07-05 07:07:07'),
(14,	'PAYID-MLCBM7Q93J95424R95161212',	'A21AALxOU9rn0t43YkvoSqxyduecJww97LlQ1QHQxudEyQmxsqZ0IXdWXGfOvGTZgEd0VcRATVa0Qwr7j8zs94F-Qwiqvn0Tw',	UNHEX('45432D364C4432383836384E5935353133383339'),	1,	95,	76,	'2022-07-19',	'2022-07-21',	100.00,	10.00,	2.00,	2,	1,	2,	NULL,	NULL,	1112.00,	NULL,	NULL,	NULL,	'2022-07-05 10:46:22',	'2022-07-05 10:46:22'),
(15,	'PAYID-MLCBS6Q4K6134996R194432J',	'A21AALxOU9rn0t43YkvoSqxyduecJww97LlQ1QHQxudEyQmxsqZ0IXdWXGfOvGTZgEd0VcRATVa0Qwr7j8zs94F-Qwiqvn0Tw',	UNHEX('45432D3845343434313234473132353430383146'),	1,	95,	84,	'2022-07-19',	'2022-07-21',	100.00,	10.00,	3.00,	2,	1,	2,	NULL,	NULL,	1113.00,	NULL,	NULL,	NULL,	'2022-07-05 10:59:07',	'2022-07-05 10:59:07'),
(16,	'PAYID-MLCVFTA7UM252912D8732148',	'A21AALXB5NLmPB2yq5fFs6QqAe_gdM9u0cKTqbBWPQ1ieZy0rRY45iN0c9iJbgazROr0-T1KBgPGETP_IzK-h1jaer9BBBE9w',	UNHEX('45432D31375639313434384B3137373230313046'),	NULL,	80,	46,	'2022-07-06',	'2022-07-07',	100.00,	10.00,	NULL,	1,	1,	2,	NULL,	NULL,	609.00,	NULL,	NULL,	NULL,	'2022-07-06 09:15:56',	'2022-07-06 09:15:56'),
(17,	'PAYID-MLCXXJA6XA853271F420971J',	'A21AAKBhxNYqJkSJu50IIzTUyLzfZ3zlyqoWDpv09l4IcMwRaocixnWpiC6Wv9w7r_HX9cM44-FGs0VK6iYBgDY9v655CGLxg',	UNHEX('45432D3038533338303331395034343136393236'),	NULL,	80,	46,	'2022-07-06',	'2022-07-07',	100.00,	10.00,	NULL,	1,	1,	2,	NULL,	NULL,	609.00,	NULL,	NULL,	NULL,	'2022-07-06 12:10:12',	'2022-07-06 12:10:12'),
(18,	'PAYID-MLCXXNQ7A671560KT906061W',	'A21AAKBhxNYqJkSJu50IIzTUyLzfZ3zlyqoWDpv09l4IcMwRaocixnWpiC6Wv9w7r_HX9cM44-FGs0VK6iYBgDY9v655CGLxg',	UNHEX('45432D324E483435393032593134363831303236'),	NULL,	80,	46,	'2022-07-06',	'2022-07-07',	100.00,	10.00,	NULL,	1,	1,	2,	NULL,	NULL,	609.00,	NULL,	NULL,	NULL,	'2022-07-06 12:10:30',	'2022-07-06 12:10:30'),
(19,	'PAYID-MLCYUXY6XG11880BT083962J',	'A21AAILaxbLtGznlyAiJl-N1pYYXj9aWI9B0UZmSZcWVB02W94ZSt_sWsz3EP18qOwo1QrzZnD8qbZRf6lHiFXOjS_KHl-ymA',	UNHEX('45432D394533323533333645583738333231344B'),	NULL,	80,	46,	'2022-07-06',	'2022-07-07',	100.00,	10.00,	NULL,	1,	1,	2,	NULL,	NULL,	609.00,	NULL,	NULL,	NULL,	'2022-07-06 13:13:03',	'2022-07-06 13:13:03'),
(20,	'PAYID-MLDITZQ1S5075508K4699120',	'A21AALZ5E5xoqbpaDjJMSPfiGzhG7BMpBoV6iCTuG36ISg4usoX6Rw8wqRPtIIQvZPgm51SSs1K6yf9cJ8NRFHona2muq5YDQ',	UNHEX('45432D39414834393935324A5730323738343134'),	NULL,	80,	46,	'2022-07-07',	'2022-07-08',	100.00,	10.00,	NULL,	1,	1,	2,	NULL,	NULL,	609.00,	NULL,	NULL,	NULL,	'2022-07-07 07:23:18',	'2022-07-07 07:23:18'),
(21,	'PAYID-MLDJ4LQ5J5255343U6833804',	'A21AAJmszfllVvk4tUZnA9GHe4T9lSpHRsx_TNBfSpmna3UfrUDZZbro4a8zqBmgk2HPhFJRpUtx-xpqgqy8keg4chKojOZOg',	UNHEX('45432D394D4B3139343637504D38363730303030'),	NULL,	80,	46,	'2022-07-10',	'2022-07-11',	100.00,	10.00,	NULL,	1,	1,	2,	NULL,	NULL,	609.00,	NULL,	NULL,	NULL,	'2022-07-07 08:49:50',	'2022-07-07 08:49:50'),
(22,	'PAYID-MLDKLQQ0WC1114482721950P',	'A21AAJx2R9llNLzoG7ZGYcTOXSS_nl3Ej18bsyi70Er1WkXmCde18l7FmnB_LCsYOL2-z79SGQHZquebch7x9mlbq6g-i-FVA',	UNHEX('45432D304D303333303737303037333338373246'),	NULL,	80,	46,	'2022-07-10',	'2022-07-11',	100.00,	10.00,	NULL,	1,	1,	2,	NULL,	NULL,	609.00,	NULL,	NULL,	NULL,	'2022-07-07 09:22:10',	'2022-07-07 09:22:10'),
(23,	'PAYID-MLDKNFA37H293450D5900927',	'A21AAJx2R9llNLzoG7ZGYcTOXSS_nl3Ej18bsyi70Er1WkXmCde18l7FmnB_LCsYOL2-z79SGQHZquebch7x9mlbq6g-i-FVA',	UNHEX('45432D364E4232333930394E483535333337344E'),	1,	80,	46,	'2022-07-07',	'2022-07-07',	100.00,	10.00,	NULL,	0,	1,	2,	NULL,	NULL,	110.00,	NULL,	NULL,	NULL,	'2022-07-07 09:25:40',	'2022-07-07 09:25:40'),
(24,	'PAYID-MLDKNWA03673745VB6316205',	'A21AAJx2R9llNLzoG7ZGYcTOXSS_nl3Ej18bsyi70Er1WkXmCde18l7FmnB_LCsYOL2-z79SGQHZquebch7x9mlbq6g-i-FVA',	UNHEX('45432D364E4237313737354D5039343630323332'),	1,	100,	55,	'2022-07-07',	'2022-07-07',	100.00,	10.00,	NULL,	0,	1,	2,	NULL,	NULL,	110.00,	NULL,	NULL,	NULL,	'2022-07-07 09:26:48',	'2022-07-07 09:26:48'),
(25,	'PAYID-MLDK4HY7VR776552F578504F',	'A21AAJx2R9llNLzoG7ZGYcTOXSS_nl3Ej18bsyi70Er1WkXmCde18l7FmnB_LCsYOL2-z79SGQHZquebch7x9mlbq6g-i-FVA',	UNHEX('45432D3252383233333036425339323932323539'),	NULL,	100,	55,	'2022-07-07',	'2022-07-08',	100.00,	10.00,	NULL,	1,	1,	2,	NULL,	NULL,	610.00,	NULL,	NULL,	NULL,	'2022-07-07 09:57:51',	'2022-07-07 09:57:51'),
(26,	'PAYID-MLD7BAA5ME318472R151311J',	'A21AAK6-5tShq-styiGAKdMgOge5uUYSOD48uJhGF2sMcSSg60CAdHz7otrUdcLz6pNPkKMw9JyRzkCBaU9FdBQrhwMKBQPFA',	UNHEX('45432D3937433536343537343239313835363253'),	NULL,	80,	46,	'2022-07-08',	'2022-07-09',	100.00,	10.00,	NULL,	1,	1,	2,	NULL,	NULL,	609.00,	NULL,	NULL,	NULL,	'2022-07-08 08:53:20',	'2022-07-08 08:53:20'),
(27,	'PAYID-MLD7ETI5V02116353513682R',	'A21AAL-4KKvp7zFkJbftuA1-Vh7ArhAc2Mk-AQMNe-7LfIKUCBxjEH-vj1vLGfMRjLG-nKw2k2Yt2Qp_M5aVLMJHE0PI6XJxA',	UNHEX('45432D33464832363134314A503531323139334A'),	NULL,	80,	46,	'2022-07-08',	'2022-07-09',	100.00,	10.00,	NULL,	1,	1,	2,	NULL,	NULL,	609.00,	NULL,	NULL,	NULL,	'2022-07-08 09:01:01',	'2022-07-08 09:01:01'),
(28,	'PAYID-MLD7NTQ4RX194444A892842G',	'A21AAL-4KKvp7zFkJbftuA1-Vh7ArhAc2Mk-AQMNe-7LfIKUCBxjEH-vj1vLGfMRjLG-nKw2k2Yt2Qp_M5aVLMJHE0PI6XJxA',	UNHEX('45432D30453932363330374A423135353930304C'),	NULL,	80,	46,	'2022-07-10',	'2022-07-11',	100.00,	10.00,	NULL,	1,	1,	2,	NULL,	NULL,	609.00,	NULL,	NULL,	NULL,	'2022-07-08 09:20:14',	'2022-07-08 09:20:14'),
(29,	'PAYID-MLD7UYA50A17950TD977872W',	'A21AAL-4KKvp7zFkJbftuA1-Vh7ArhAc2Mk-AQMNe-7LfIKUCBxjEH-vj1vLGfMRjLG-nKw2k2Yt2Qp_M5aVLMJHE0PI6XJxA',	UNHEX('45432D324B313532363937414838333439303250'),	NULL,	80,	110,	'2022-07-10',	'2022-07-11',	0.00,	0.00,	2.00,	1,	1,	2,	NULL,	NULL,	502.00,	NULL,	NULL,	NULL,	'2022-07-08 09:35:28',	'2022-07-08 09:35:28'),
(30,	'PAYID-MLD7Y4A16F63488B06891523',	'A21AAL-4KKvp7zFkJbftuA1-Vh7ArhAc2Mk-AQMNe-7LfIKUCBxjEH-vj1vLGfMRjLG-nKw2k2Yt2Qp_M5aVLMJHE0PI6XJxA',	UNHEX('45432D3532333533333037534636363831383434'),	1,	80,	46,	'2022-07-08',	'2022-07-09',	100.00,	10.00,	NULL,	1,	1,	2,	NULL,	NULL,	609.00,	NULL,	NULL,	NULL,	'2022-07-08 09:44:16',	'2022-07-08 09:44:16'),
(31,	'PAYID-MLD7ZOI0KY48347X77735027',	'A21AAL-4KKvp7zFkJbftuA1-Vh7ArhAc2Mk-AQMNe-7LfIKUCBxjEH-vj1vLGfMRjLG-nKw2k2Yt2Qp_M5aVLMJHE0PI6XJxA',	UNHEX('45432D3547533735383132364D34333232333548'),	1,	80,	46,	'2022-07-08',	'2022-07-09',	100.00,	10.00,	NULL,	1,	1,	2,	NULL,	NULL,	609.00,	NULL,	NULL,	NULL,	'2022-07-08 09:45:29',	'2022-07-08 09:45:29'),
(32,	'PAYID-MLEA4QA0XK10957KU758802P',	'A21AAInKoT8iUHSkd2ghid-plhi6UUpXoVZGelz3aIF0a37zOOpMF7Nyqe6siPFh_dNcB5lGQXLDpa67IowkM4Prr8TaCND8A',	UNHEX('45432D3345303431383131395830303936303031'),	NULL,	82,	40,	'2022-07-08',	'2022-07-09',	100.00,	100.00,	NULL,	1,	1,	2,	NULL,	NULL,	1200.00,	NULL,	NULL,	NULL,	'2022-07-08 11:00:16',	'2022-07-08 11:00:16'),
(33,	'PAYID-MLEBAOA7HL434749P0420536',	'A21AAInKoT8iUHSkd2ghid-plhi6UUpXoVZGelz3aIF0a37zOOpMF7Nyqe6siPFh_dNcB5lGQXLDpa67IowkM4Prr8TaCND8A',	UNHEX('45432D3044483931373938453839303230333452'),	1,	82,	61,	'2022-07-08',	'2022-07-09',	100.00,	10.00,	2.00,	1,	1,	2,	NULL,	NULL,	612.00,	NULL,	NULL,	NULL,	'2022-07-08 11:08:40',	'2022-07-08 11:08:40'),
(34,	'PAYID-MLEB7ZI56R85322VY317223G',	'A21AAIc2cqduBsxa72OHen1R-GdH43kF1aArgdTIvgiG4XTr3dFPs_jviS9m8AKta_-rsSdThzVDIzQgqVJYdJ_1dfF-EDThA',	UNHEX('45432D344830363232353647583430343532344B'),	1,	80,	110,	'2022-07-09',	'2022-07-10',	0.00,	0.00,	2.00,	1,	1,	2,	NULL,	NULL,	502.00,	NULL,	NULL,	NULL,	'2022-07-08 12:15:33',	'2022-07-08 12:15:33'),
(35,	'PAYID-MLECR3Q6K138787JK221835S',	'A21AAIc2cqduBsxa72OHen1R-GdH43kF1aArgdTIvgiG4XTr3dFPs_jviS9m8AKta_-rsSdThzVDIzQgqVJYdJ_1dfF-EDThA',	UNHEX('45432D30485533393335384A5634303032323148'),	1,	80,	110,	'2022-07-08',	'2022-07-09',	0.00,	0.00,	2.00,	1,	1,	2,	NULL,	NULL,	502.00,	NULL,	NULL,	NULL,	'2022-07-08 12:54:06',	'2022-07-08 12:54:06'),
(36,	'PAYID-MLECSDA35G50265DS7991923',	'A21AAIc2cqduBsxa72OHen1R-GdH43kF1aArgdTIvgiG4XTr3dFPs_jviS9m8AKta_-rsSdThzVDIzQgqVJYdJ_1dfF-EDThA',	UNHEX('45432D3852363738323739485837353736313437'),	NULL,	80,	46,	'2022-07-08',	'2022-07-09',	100.00,	10.00,	NULL,	1,	1,	2,	NULL,	NULL,	609.00,	NULL,	NULL,	NULL,	'2022-07-08 12:54:36',	'2022-07-08 12:54:36'),
(37,	'PAYID-MLECTWQ2G528508S7028794L',	'A21AAIc2cqduBsxa72OHen1R-GdH43kF1aArgdTIvgiG4XTr3dFPs_jviS9m8AKta_-rsSdThzVDIzQgqVJYdJ_1dfF-EDThA',	UNHEX('45432D3538453531353035423237373535323159'),	NULL,	100,	55,	'2022-07-08',	'2022-07-09',	100.00,	10.00,	NULL,	1,	1,	2,	NULL,	NULL,	610.00,	NULL,	NULL,	NULL,	'2022-07-08 12:58:02',	'2022-07-08 12:58:02'),
(38,	'PAYID-MLEYQ2I7L9513165G5662048',	'A21AAIqb21AmBDznalpu4YuAfqeDAofB0k5FgyVUv1-u-byoNQcqB4yEqPfrMe4Eur8tA_DYb-2lwFiaman4DDI7L5L_rmfgg',	UNHEX('45432D33504A3437373731353537353439373035'),	1,	222,	269,	'2022-07-09',	'2022-07-10',	0.00,	0.00,	2.00,	1,	1,	2,	NULL,	NULL,	121214.00,	NULL,	NULL,	NULL,	'2022-07-09 13:53:45',	'2022-07-09 13:53:45'),
(39,	'PAYID-MLFFWHI7X513606B4385631E',	'A21AALqBTMbj8pqKd51FEA0sti3XbwPIVAXv1NTqx-z3ZJWdcfgRC8VQ3bOblFnasTJt5l3QQka4j9QWsmEZHHB5HhXnJLcQA',	UNHEX('45432D384E4133393734304C4D39303932313347'),	NULL,	118,	108,	'2022-07-10',	'2022-07-11',	500.00,	500.00,	20.00,	1,	1,	2,	NULL,	NULL,	2020.00,	NULL,	NULL,	NULL,	'2022-07-10 04:52:45',	'2022-07-10 04:52:45'),
(40,	'PAYID-MLF36GY4PK48310C2606700G',	'A21AAIV2wJ4tbZXiXlEMNapwmicLdqHEhr9I3E3q7a93N1LHHEM79lym5D7pXi2Si3sGajqhKBUBHqKpMPV4-oe0n48cpRjsw',	UNHEX('45432D36584B353030363731583836363233304D'),	1,	82,	40,	'2022-07-12',	'2022-07-13',	100.00,	100.00,	NULL,	1,	1,	2,	NULL,	NULL,	1200.00,	NULL,	NULL,	NULL,	'2022-07-11 06:11:39',	'2022-07-11 06:11:39'),
(41,	'PAYID-MLF36OI4MV65383UR5454502',	'A21AAIV2wJ4tbZXiXlEMNapwmicLdqHEhr9I3E3q7a93N1LHHEM79lym5D7pXi2Si3sGajqhKBUBHqKpMPV4-oe0n48cpRjsw',	UNHEX('45432D3737433135373738534336333835363134'),	1,	92,	39,	'2022-07-11',	'2022-07-12',	1000.00,	1000.00,	NULL,	1,	1,	2,	NULL,	NULL,	7000.00,	NULL,	NULL,	NULL,	'2022-07-11 06:12:09',	'2022-07-11 06:12:09'),
(42,	'PAYID-MLF4CGI8V8140309W789682P',	'A21AAIV2wJ4tbZXiXlEMNapwmicLdqHEhr9I3E3q7a93N1LHHEM79lym5D7pXi2Si3sGajqhKBUBHqKpMPV4-oe0n48cpRjsw',	UNHEX('45432D3133333130343430544734363334313041'),	1,	95,	193,	'2022-07-11',	'2022-07-13',	0.00,	0.00,	2.00,	2,	1,	2,	NULL,	NULL,	1002.00,	NULL,	NULL,	NULL,	'2022-07-11 06:20:09',	'2022-07-11 06:20:09'),
(43,	'PAYID-MLF4GOQ7XW8859645421170E',	'A21AAIV2wJ4tbZXiXlEMNapwmicLdqHEhr9I3E3q7a93N1LHHEM79lym5D7pXi2Si3sGajqhKBUBHqKpMPV4-oe0n48cpRjsw',	UNHEX('45432D3337333733303038524235343731333431'),	1,	100,	199,	'2022-07-13',	'2022-07-20',	100.00,	10.00,	NULL,	7,	1,	2,	NULL,	NULL,	3610.00,	NULL,	NULL,	NULL,	'2022-07-11 06:29:15',	'2022-07-11 06:29:15'),
(44,	'PAYID-MLF4S4Y28021749BK685490S',	'A21AAIV2wJ4tbZXiXlEMNapwmicLdqHEhr9I3E3q7a93N1LHHEM79lym5D7pXi2Si3sGajqhKBUBHqKpMPV4-oe0n48cpRjsw',	UNHEX('45432D37573231373235334B453138383730304E'),	1,	225,	274,	'2022-07-11',	'2022-07-12',	250.00,	250.00,	1.00,	1,	1,	2,	NULL,	NULL,	1501.00,	NULL,	NULL,	NULL,	'2022-07-11 06:55:47',	'2022-07-11 06:55:47'),
(45,	'PAYID-MLF4UPI323474336R297361R',	'A21AAIV2wJ4tbZXiXlEMNapwmicLdqHEhr9I3E3q7a93N1LHHEM79lym5D7pXi2Si3sGajqhKBUBHqKpMPV4-oe0n48cpRjsw',	UNHEX('45432D3248413135323937465334323939353359'),	1,	226,	275,	'2022-07-11',	'2022-07-12',	250.00,	250.00,	1.00,	1,	1,	2,	NULL,	NULL,	1051.00,	NULL,	NULL,	NULL,	'2022-07-11 06:59:09',	'2022-07-11 06:59:09'),
(46,	'PAYID-MLF43MA23A7908443959470X',	'A21AAIChh_1l1d_zXNqNDvIsYFx70oPaAt08Hz0Bwd86jSnc4REDe8puP_O-aR5f9e9zuz_J1tqapawbPAJ5YEjmMvfi4jmWg',	UNHEX('45432D3854383730353434443437383239323453'),	1,	227,	276,	'2022-07-20',	'2022-07-28',	100.00,	10.00,	2.00,	8,	1,	2,	NULL,	NULL,	20112.00,	NULL,	NULL,	NULL,	'2022-07-11 07:13:52',	'2022-07-11 07:13:52'),
(47,	'PAYID-MLF5CJQ2UV98881YL9150847',	'A21AAIChh_1l1d_zXNqNDvIsYFx70oPaAt08Hz0Bwd86jSnc4REDe8puP_O-aR5f9e9zuz_J1tqapawbPAJ5YEjmMvfi4jmWg',	UNHEX('45432D35384434323632374D4731383935343334'),	1,	228,	277,	'2022-07-20',	'2022-07-28',	50.00,	10.00,	2.00,	8,	1,	2,	NULL,	NULL,	6462.00,	NULL,	NULL,	NULL,	'2022-07-11 07:28:38',	'2022-07-11 07:28:38'),
(48,	'PAYID-MLF6N5Q6AU265260F118070U',	'A21AAJpEbbYprzZ5ZumY969S0U5y3t8omZ7JAgebA25S_QDpNi66fp1XweF-yPaD6jLuCagF3keP7YFaMg7Q10ZDttKD6EBVg',	UNHEX('45432D325237393834373432393932363632324B'),	1,	100,	199,	'2022-07-11',	'2022-07-12',	100.00,	10.00,	NULL,	1,	1,	2,	NULL,	NULL,	610.00,	NULL,	NULL,	NULL,	'2022-07-11 09:01:42',	'2022-07-11 09:01:42'),
(49,	'PAYID-MLF6U3A96714248UL979701Y',	'A21AAJpEbbYprzZ5ZumY969S0U5y3t8omZ7JAgebA25S_QDpNi66fp1XweF-yPaD6jLuCagF3keP7YFaMg7Q10ZDttKD6EBVg',	UNHEX('45432D34424534323938364B303832303230304D'),	1,	104,	66,	'2022-07-11',	'2022-07-12',	500.00,	500.00,	NULL,	1,	1,	2,	NULL,	NULL,	3000.00,	NULL,	NULL,	NULL,	'2022-07-11 09:16:28',	'2022-07-11 09:16:28'),
(50,	'PAYID-MLF7C6Q75G77728PJ001282V',	'A21AAJpEbbYprzZ5ZumY969S0U5y3t8omZ7JAgebA25S_QDpNi66fp1XweF-yPaD6jLuCagF3keP7YFaMg7Q10ZDttKD6EBVg',	UNHEX('45432D38575233323937304D5038383435313536'),	1,	82,	40,	'2022-07-12',	'2022-07-12',	100.00,	100.00,	NULL,	0,	1,	2,	NULL,	NULL,	200.00,	NULL,	NULL,	NULL,	'2022-07-11 09:46:34',	'2022-07-11 09:46:34'),
(51,	'PAYID-MLF7LOQ1CP84568SA079723M',	'A21AAKgndKok4mkk-sm-DsGLFNzIrjgkd93KL7cfjjsfvKSQtEz--suTDjb9c3IW-XhLl1qXjw5wHMuowaOhaPIn3zhGDBsow',	UNHEX('45432D3237543932373133484B38333832303232'),	1,	225,	274,	'2022-07-11',	'2022-07-12',	250.00,	250.00,	1.00,	1,	1,	2,	NULL,	NULL,	1501.00,	NULL,	NULL,	NULL,	'2022-07-11 10:04:42',	'2022-07-11 10:04:42'),
(52,	'PAYID-MLF7SSA17110548S5339752K',	'A21AAKgndKok4mkk-sm-DsGLFNzIrjgkd93KL7cfjjsfvKSQtEz--suTDjb9c3IW-XhLl1qXjw5wHMuowaOhaPIn3zhGDBsow',	UNHEX('45432D3441333430333636474A37383732343350'),	NULL,	226,	275,	'2022-07-19',	'2022-07-29',	250.00,	250.00,	1.00,	10,	1,	2,	NULL,	NULL,	6001.00,	NULL,	NULL,	NULL,	'2022-07-11 10:19:53',	'2022-07-11 10:19:53'),
(53,	'PAYID-MLF76AA9KH27912M2394653K',	'A21AAKgndKok4mkk-sm-DsGLFNzIrjgkd93KL7cfjjsfvKSQtEz--suTDjb9c3IW-XhLl1qXjw5wHMuowaOhaPIn3zhGDBsow',	UNHEX('45432D33555036303136394A543638333337304B'),	1,	225,	274,	'2022-07-11',	'2022-07-12',	250.00,	250.00,	1.00,	1,	1,	2,	NULL,	NULL,	1501.00,	NULL,	NULL,	NULL,	'2022-07-11 10:44:16',	'2022-07-11 10:44:16'),
(54,	'PAYID-MLGAWJQ9CT241451D287435J',	'A21AAJ7x_Unq8ucpav9Kks_n_fBBxcdajOgDIevBlwO_fN3tHZoGCV_Q04dAzH2OCv2jttP8GImlwzgWVwBU_4Sy9jvvTvkVA',	UNHEX('45432D354C4E3731313932574B34353938363453'),	1,	227,	276,	'2022-07-11',	'2022-07-12',	100.00,	10.00,	2.00,	1,	1,	2,	NULL,	NULL,	2612.00,	NULL,	NULL,	NULL,	'2022-07-11 11:36:06',	'2022-07-11 11:36:06'),
(55,	'PAYID-MLGBA7Y1DS51404FF052193L',	'A21AAJ7x_Unq8ucpav9Kks_n_fBBxcdajOgDIevBlwO_fN3tHZoGCV_Q04dAzH2OCv2jttP8GImlwzgWVwBU_4Sy9jvvTvkVA',	UNHEX('45432D3345433530343939324C39373732343039'),	1,	227,	276,	'2022-07-11',	'2022-07-12',	100.00,	10.00,	2.00,	1,	1,	2,	NULL,	NULL,	2612.00,	NULL,	NULL,	NULL,	'2022-07-11 11:58:55',	'2022-07-11 11:58:55'),
(56,	'PAYID-MLGBFQA6RG20085L6070780D',	'A21AAIj4S71lwh6387Wuc-5g3wI86U-d6Hh6czJOnLmNvrojzWdZ4RAkClDyJSlA83shSnAj2DYBQuyT22M_KSsXrtDYxKsfQ',	UNHEX('45432D34574B33313433314B543636323932354B'),	1,	228,	277,	'2022-07-11',	'2022-07-12',	50.00,	10.00,	2.00,	1,	1,	2,	NULL,	NULL,	862.00,	NULL,	NULL,	NULL,	'2022-07-11 12:08:32',	'2022-07-11 12:08:32'),
(57,	'PAYID-MLGBFZI1FU70778B7585050A',	'A21AAIj4S71lwh6387Wuc-5g3wI86U-d6Hh6czJOnLmNvrojzWdZ4RAkClDyJSlA83shSnAj2DYBQuyT22M_KSsXrtDYxKsfQ',	UNHEX('45432D384446363233363950323531393131344D'),	1,	82,	40,	'2022-07-11',	'2022-07-12',	100.00,	100.00,	NULL,	1,	1,	2,	NULL,	NULL,	1200.00,	NULL,	NULL,	NULL,	'2022-07-11 12:09:09',	'2022-07-11 12:09:09'),
(58,	'PAYID-MLGBIRQ6YP097555X483162W',	'A21AAIj4S71lwh6387Wuc-5g3wI86U-d6Hh6czJOnLmNvrojzWdZ4RAkClDyJSlA83shSnAj2DYBQuyT22M_KSsXrtDYxKsfQ',	UNHEX('45432D3845303438323537554C39323230353246'),	1,	100,	55,	'2022-07-12',	'2022-07-13',	100.00,	10.00,	NULL,	1,	1,	2,	NULL,	NULL,	610.00,	NULL,	NULL,	NULL,	'2022-07-11 12:15:02',	'2022-07-11 12:15:02'),
(59,	'PAYID-MLGBJVA1YH22876SK239950H',	'A21AAIj4S71lwh6387Wuc-5g3wI86U-d6Hh6czJOnLmNvrojzWdZ4RAkClDyJSlA83shSnAj2DYBQuyT22M_KSsXrtDYxKsfQ',	UNHEX('45432D39334139383338354C463638383838324A'),	1,	118,	108,	'2022-07-11',	'2022-07-12',	500.00,	500.00,	20.00,	1,	1,	2,	NULL,	NULL,	2020.00,	NULL,	NULL,	NULL,	'2022-07-11 12:17:24',	'2022-07-11 12:17:24'),
(60,	'PAYID-MLGBMPI9R3967571A3147225',	'A21AAIj4S71lwh6387Wuc-5g3wI86U-d6Hh6czJOnLmNvrojzWdZ4RAkClDyJSlA83shSnAj2DYBQuyT22M_KSsXrtDYxKsfQ',	UNHEX('45432D3834433234303534383438343238333334'),	1,	108,	198,	'2022-07-11',	'2022-07-12',	250.00,	250.00,	10.00,	1,	1,	2,	NULL,	NULL,	1010.00,	NULL,	NULL,	NULL,	'2022-07-11 12:23:25',	'2022-07-11 12:23:25'),
(61,	'PAYID-MLGBREY2CN05381Y1064862B',	'A21AAIj4S71lwh6387Wuc-5g3wI86U-d6Hh6czJOnLmNvrojzWdZ4RAkClDyJSlA83shSnAj2DYBQuyT22M_KSsXrtDYxKsfQ',	UNHEX('45432D38455033373734354D533133353735324A'),	1,	82,	40,	'2022-07-11',	'2022-07-12',	100.00,	100.00,	NULL,	1,	1,	2,	NULL,	NULL,	1200.00,	NULL,	NULL,	NULL,	'2022-07-11 12:33:23',	'2022-07-11 12:33:23'),
(62,	'PAYID-MLGBWTY1TW62940449225910',	'A21AAIj4S71lwh6387Wuc-5g3wI86U-d6Hh6czJOnLmNvrojzWdZ4RAkClDyJSlA83shSnAj2DYBQuyT22M_KSsXrtDYxKsfQ',	UNHEX('45432D3053543039373036425832313035353347'),	1,	82,	40,	'2022-07-11',	'2022-07-12',	100.00,	100.00,	NULL,	1,	1,	2,	NULL,	NULL,	1200.00,	NULL,	NULL,	NULL,	'2022-07-11 12:45:04',	'2022-07-11 12:45:04'),
(63,	'PAYID-MLGBY3Y68V63694C8701832P',	'A21AAIj4S71lwh6387Wuc-5g3wI86U-d6Hh6czJOnLmNvrojzWdZ4RAkClDyJSlA83shSnAj2DYBQuyT22M_KSsXrtDYxKsfQ',	UNHEX('45432D38433536313637344A4B3337363630334D'),	1,	82,	40,	'2022-07-11',	'2022-07-12',	100.00,	100.00,	NULL,	1,	1,	2,	NULL,	NULL,	1200.00,	NULL,	NULL,	NULL,	'2022-07-11 12:49:51',	'2022-07-11 12:49:51'),
(64,	'PAYID-MLGB3DI7RC89325E3029784L',	'A21AAIj4S71lwh6387Wuc-5g3wI86U-d6Hh6czJOnLmNvrojzWdZ4RAkClDyJSlA83shSnAj2DYBQuyT22M_KSsXrtDYxKsfQ',	UNHEX('45432D35424E3239323130464A32363137343043'),	1,	82,	40,	'2022-07-11',	'2022-07-12',	100.00,	100.00,	NULL,	1,	1,	2,	NULL,	NULL,	1200.00,	NULL,	NULL,	NULL,	'2022-07-11 12:54:37',	'2022-07-11 12:54:37'),
(65,	'PAYID-MLGB5XY4TE11862XE1896311',	'A21AAJEFT4zgmIkkfUTVWpFO0C0OB6_jJOw5v3dZF1ZUwqav0dpLFHlD79ldCLvkcoP8-Ddk2sql2wy3F01IPsZsoHAnyS1Kw',	UNHEX('45432D374E343830383438304B3238393232354B'),	1,	82,	40,	'2022-07-11',	'2022-07-12',	100.00,	100.00,	NULL,	1,	1,	2,	NULL,	NULL,	1200.00,	NULL,	NULL,	NULL,	'2022-07-11 13:00:16',	'2022-07-11 13:00:16'),
(66,	'PAYID-MLGB7RA55567758D57486625',	'A21AAJEFT4zgmIkkfUTVWpFO0C0OB6_jJOw5v3dZF1ZUwqav0dpLFHlD79ldCLvkcoP8-Ddk2sql2wy3F01IPsZsoHAnyS1Kw',	UNHEX('45432D38524C373737313739393534363831304D'),	1,	82,	136,	'2022-07-11',	'2022-07-12',	0.00,	0.00,	2.00,	1,	1,	2,	NULL,	NULL,	502.00,	NULL,	NULL,	NULL,	'2022-07-11 13:04:04',	'2022-07-11 13:04:04'),
(67,	'PAYID-MLGCCTA4RB52720021643139',	'A21AAJEFT4zgmIkkfUTVWpFO0C0OB6_jJOw5v3dZF1ZUwqav0dpLFHlD79ldCLvkcoP8-Ddk2sql2wy3F01IPsZsoHAnyS1Kw',	UNHEX('45432D34455332353837364D3031393936313145'),	1,	95,	76,	'2022-07-11',	'2022-07-12',	100.00,	10.00,	2.00,	1,	1,	2,	NULL,	NULL,	612.00,	NULL,	NULL,	NULL,	'2022-07-11 13:10:36',	'2022-07-11 13:10:36'),
(68,	'PAYID-MLGCE4Y56F98966SJ1381814',	'A21AAJEFT4zgmIkkfUTVWpFO0C0OB6_jJOw5v3dZF1ZUwqav0dpLFHlD79ldCLvkcoP8-Ddk2sql2wy3F01IPsZsoHAnyS1Kw',	UNHEX('45432D3444333438313536464636303134323137'),	1,	95,	76,	'2022-07-11',	'2022-07-12',	100.00,	10.00,	2.00,	1,	1,	2,	NULL,	NULL,	612.00,	NULL,	NULL,	NULL,	'2022-07-11 13:15:31',	'2022-07-11 13:15:31'),
(69,	'PAYID-MLGRUVQ03U51899AF565722L',	'A21AAJYz5iJhXLPiyZcNF50wL98OlN5K87a-hjLQOcxMVFHRkoNh0g3wDHihFWXPuLBw_HV8KyKhYAQJX0mWTPZ1cOSKa2tUw',	UNHEX('45432D3145563733343735545939303233393135'),	NULL,	228,	282,	'2022-07-12',	'2022-07-13',	50.00,	10.00,	2.00,	1,	1,	2,	NULL,	NULL,	862.00,	NULL,	NULL,	NULL,	'2022-07-12 06:53:10',	'2022-07-12 06:53:10'),
(70,	'PAYID-MLGRWSI1J478101H5435230L',	'A21AAJYz5iJhXLPiyZcNF50wL98OlN5K87a-hjLQOcxMVFHRkoNh0g3wDHihFWXPuLBw_HV8KyKhYAQJX0mWTPZ1cOSKa2tUw',	UNHEX('45432D3343593932333838535032313836323137'),	1,	95,	84,	'2022-07-12',	'2022-07-13',	100.00,	10.00,	3.00,	1,	1,	2,	NULL,	NULL,	613.00,	NULL,	NULL,	NULL,	'2022-07-12 06:57:13',	'2022-07-12 06:57:13'),
(71,	'PAYID-MLGUAEA8TV875115A5413829',	'A21AAIuT31ZqGpQlaxV-o-cTxRoFWTED3XDNJeXR7Beik4WVxrKZzCWTyKdK5nYzDLLpLvbqvZp61X6IPGYZNJ2f2Cga_tHWw',	UNHEX('45432D354D4C3333333134354830383239323043'),	1,	108,	87,	'2022-07-12',	'2022-07-13',	250.00,	250.00,	10.00,	1,	1,	2,	NULL,	NULL,	1010.00,	NULL,	NULL,	NULL,	'2022-07-12 09:34:08',	'2022-07-12 09:34:08'),
(72,	'PAYID-MLGUDVQ9V0833250M656760H',	'A21AAIuT31ZqGpQlaxV-o-cTxRoFWTED3XDNJeXR7Beik4WVxrKZzCWTyKdK5nYzDLLpLvbqvZp61X6IPGYZNJ2f2Cga_tHWw',	UNHEX('45432D3044323333383833364837343038343233'),	1,	108,	87,	'2022-07-12',	'2022-07-13',	250.00,	250.00,	10.00,	1,	1,	2,	NULL,	NULL,	1010.00,	NULL,	NULL,	NULL,	'2022-07-12 09:41:42',	'2022-07-12 09:41:42'),
(73,	'PAYID-MLGUGII4V10296226832351S',	'A21AAIuT31ZqGpQlaxV-o-cTxRoFWTED3XDNJeXR7Beik4WVxrKZzCWTyKdK5nYzDLLpLvbqvZp61X6IPGYZNJ2f2Cga_tHWw',	UNHEX('45432D3143313530343839315330333832393141'),	1,	118,	107,	'2022-07-12',	'2022-07-13',	500.00,	500.00,	20.00,	1,	1,	2,	NULL,	NULL,	2020.00,	NULL,	NULL,	NULL,	'2022-07-12 09:47:13',	'2022-07-12 09:47:13'),
(74,	'PAYID-MLGUI2Q5X200147YX186524S',	'A21AAIuT31ZqGpQlaxV-o-cTxRoFWTED3XDNJeXR7Beik4WVxrKZzCWTyKdK5nYzDLLpLvbqvZp61X6IPGYZNJ2f2Cga_tHWw',	UNHEX('45432D30554A37313532324C313238343235324C'),	1,	108,	87,	'2022-07-12',	'2022-07-13',	250.00,	250.00,	10.00,	1,	1,	2,	NULL,	NULL,	1010.00,	NULL,	NULL,	NULL,	'2022-07-12 09:52:42',	'2022-07-12 09:52:42'),
(75,	'PAYID-MLHFEYY04U96202DS1369743',	'A21AAIC65AGl1jo5Rs83ElFJebCchyks2j2C4PuaMXTFOpJ9MHvPCtaFK0dKjPvZ--vyRXvcFBtTmlrjbojeeDm6OEcJA6Rfw',	UNHEX('45432D3558363635313835544130343236383353'),	1,	92,	39,	'2022-07-13',	'2022-07-14',	1000.00,	1000.00,	NULL,	1,	1,	2,	NULL,	NULL,	7000.00,	NULL,	NULL,	NULL,	'2022-07-13 05:04:35',	'2022-07-13 05:04:35'),
(76,	'PAYID-MLHFFSY6AB65088RY226564C',	'A21AAIC65AGl1jo5Rs83ElFJebCchyks2j2C4PuaMXTFOpJ9MHvPCtaFK0dKjPvZ--vyRXvcFBtTmlrjbojeeDm6OEcJA6Rfw',	UNHEX('45432D3646463738333733483334313131313550'),	1,	225,	274,	'2022-07-13',	'2022-07-14',	250.00,	250.00,	1.00,	1,	1,	2,	NULL,	NULL,	1501.00,	NULL,	NULL,	NULL,	'2022-07-13 05:06:19',	'2022-07-13 05:06:19'),
(77,	'PAYID-MLHGM2Y76W63174FJ867433H',	'A21AAIOgcQZp9oURmYqsaIbwieDOuBy8LAw5Dg8qxesvwnym6Qwnazw-LkrYi7MMdqY4Ab7wVW0Rr0qondJpCN59xYigdJOmQ',	UNHEX('45432D32424D33333139324D3735313531313047'),	1,	240,	299,	'2022-07-13',	'2022-07-14',	250.00,	250.00,	1.00,	1,	1,	2,	NULL,	NULL,	1501.00,	NULL,	NULL,	NULL,	'2022-07-13 06:30:03',	'2022-07-13 06:30:03'),
(78,	'PAYID-MLHIN5Q8A378482GR684531J',	'A21AAJIccMjrFvWpwQZBX38tyk_gzLJWfsb283fBuwAqRqQbtZejwfCUCfqnY2KRDnXI6JGa2_j58fVEbI6Mv-Uf9QRYM4Aew',	UNHEX('45432D384C373531353332435238333330323435'),	1,	239,	301,	'2022-07-13',	'2022-07-14',	250.00,	250.00,	1.00,	1,	1,	2,	NULL,	NULL,	1501.00,	NULL,	NULL,	NULL,	'2022-07-13 08:48:54',	'2022-07-13 08:48:54'),
(79,	'PAYID-MLHJGVY6202339380759652E',	'A21AALumXbzp1xf4_WYn4qxPnuXa47PzYRmOfzhlfgZpAW8dJeDsrBLOFQz9Z1epVY3iPLjKUSC03bnUKTppn-vj3ieG4aexg',	UNHEX('45432D37334337383339394D5437353431323154'),	NULL,	239,	303,	'2022-07-13',	'2022-07-14',	250.00,	250.00,	1.00,	1,	1,	2,	NULL,	NULL,	1501.00,	NULL,	NULL,	NULL,	'2022-07-13 09:41:43',	'2022-07-13 09:41:43'),
(80,	'PAYID-MLHL5HA0B0539987C537734E',	'A21AALQBc5JmeMdLTblQDVz0NjfE4TzzMy55erg2U657vhXYO6kSoi0uLjAW7gke1ZGXH1PsmoKaF7X7LeRcWSu5GX05BhjwA',	UNHEX('45432D3439413032313332504531353731333433'),	1,	239,	303,	'2022-07-13',	'2022-07-14',	250.00,	250.00,	1.00,	1,	1,	2,	NULL,	NULL,	1501.00,	NULL,	NULL,	NULL,	'2022-07-13 12:46:20',	'2022-07-13 12:46:20'),
(81,	'PAYID-MLH3CBA3C497798EF440781T',	'A21AAKW0YeYonzZX5CNoZW0srNAQGza14sD0Bro60vcjpKBWq8uSFUj-huuJ1d1ZKTCRUpuDwglyz-8euFnM5lRctsg-IBmAg',	UNHEX('45432D3031333636393737384C35303834353036'),	1,	239,	320,	'2022-07-14',	'2022-07-15',	250.00,	250.00,	1.00,	1,	1,	2,	NULL,	NULL,	5501.00,	NULL,	NULL,	NULL,	'2022-07-14 06:00:36',	'2022-07-14 06:00:36'),
(82,	'PAYID-MLH52XY73V27900EJ0482240',	'A21AAKTlq7Uuc-b_d_3AxlgG8eFb8GIesGyQJNyuDhl6AKB5uJmHrcfh9sNF1Ire0JX5OP5G59xJtT2kpnurP3h9TjHx_QXTA',	UNHEX('45432D3137373338363034394732313331323447'),	1,	239,	329,	'2022-07-14',	'2022-07-15',	250.00,	250.00,	1.00,	1,	1,	2,	NULL,	NULL,	1501.00,	NULL,	NULL,	NULL,	'2022-07-14 09:09:52',	'2022-07-14 09:09:52'),
(83,	'PAYID-MLIQEIY3NF93219N2901105T',	'A21AAKshgWJqx9vZ8SsFIb5ELf7mDgjLFh404t8ucPQUSYbBI_WI0SKmfhbgAswx4mcBZRwzJ_p_aHd15dDKuPEKDVbCCKbGQ',	UNHEX('45432D3942433937393532344B3334323237334B'),	1,	148,	287,	'2022-07-15',	'2022-07-16',	50.00,	10.00,	2.00,	1,	1,	2,	NULL,	NULL,	862.00,	NULL,	NULL,	NULL,	'2022-07-15 05:59:00',	'2022-07-15 05:59:00'),
(84,	'PAYID-MLIQEJQ5W331527AN576042M',	'A21AAKshgWJqx9vZ8SsFIb5ELf7mDgjLFh404t8ucPQUSYbBI_WI0SKmfhbgAswx4mcBZRwzJ_p_aHd15dDKuPEKDVbCCKbGQ',	UNHEX('45432D384E523735343938365733313437323550'),	1,	148,	287,	'2022-07-15',	'2022-07-16',	50.00,	10.00,	2.00,	1,	1,	2,	NULL,	NULL,	862.00,	NULL,	NULL,	NULL,	'2022-07-15 05:59:02',	'2022-07-15 05:59:02'),
(85,	'PAYID-MLJEZ3Q9YX71968UD1461610',	'A21AAIYeqBzsTe9TuI4E7inYr95fSRObZYqoqPU6-iHzXgiUDAvvMvzWjZG6tkqJkwc3EXmtN9YawCrcaXfCmsikSj-jAGtXw',	UNHEX('45432D3648583533353231565038363432353346'),	1,	92,	39,	'2022-07-16',	'2022-07-17',	1000.00,	1000.00,	NULL,	1,	1,	2,	NULL,	NULL,	7000.00,	NULL,	NULL,	NULL,	'2022-07-16 05:30:22',	'2022-07-16 05:30:22'),
(86,	'PAYID-MLJIN2Y52U59336RW4660949',	'A21AAKC65Y3uZdzR9TrZ2aeCcnTZhQZF2HISJpUxmWcGVzajcnsT4pYZbtR9NAhDnwgt0lsnuRNoJmYTlc_PXdnYv3aD0FvMQ',	UNHEX('45432D3435483730333637585833363232323437'),	1,	226,	275,	'2022-07-16',	'2022-07-17',	250.00,	250.00,	1.00,	1,	1,	2,	NULL,	NULL,	1051.00,	NULL,	NULL,	NULL,	'2022-07-16 09:37:47',	'2022-07-16 09:37:47'),
(87,	'PAYID-MLLDUDQ5C108615JB114192D',	'A21AAI0-YCAg8RmjvgMYqHkbZC6hgaM4H5CHBOKtmRca9G3rUOIQeRQ4nYRJNFBKzzJ7MASdorw9gs0I72NLJuIK2bLZx1YoQ',	UNHEX('45432D333048393139333238383635313036324E'),	1,	95,	118,	'2022-07-19',	'2022-07-20',	0.00,	0.00,	2.00,	1,	1,	2,	NULL,	NULL,	502.00,	NULL,	NULL,	NULL,	'2022-07-19 04:58:54',	'2022-07-19 04:58:54'),
(88,	'PAYID-MLLD5WI7NY82678X0445652R',	'A21AAJnEB3trINVWVvxV9PoX80GvWN-9PBcNLbc_KsCgk0DJAaBv7VFG8MwQrMKK6IVpLVqHCEZjZ5jzNv5056LJ2cR-uSCyQ',	UNHEX('45432D33384A3533333036485031313733343059'),	1,	281,	379,	'2022-07-19',	'2022-07-20',	250.00,	250.00,	1.00,	1,	1,	2,	NULL,	NULL,	1001.00,	NULL,	NULL,	NULL,	'2022-07-19 05:19:21',	'2022-07-19 05:19:21'),
(89,	'PAYID-MLLEDII8U126417H0495261B',	'A21AAJnEB3trINVWVvxV9PoX80GvWN-9PBcNLbc_KsCgk0DJAaBv7VFG8MwQrMKK6IVpLVqHCEZjZ5jzNv5056LJ2cR-uSCyQ',	UNHEX('45432D3139333639353432553038353236353343'),	1,	281,	382,	'2022-07-19',	'2022-07-20',	200.00,	200.00,	2.00,	1,	1,	2,	NULL,	NULL,	902.00,	NULL,	NULL,	NULL,	'2022-07-19 05:31:13',	'2022-07-19 05:31:13'),
(90,	'PAYID-MLLED6I2Y121521M2977382A',	'A21AAJnEB3trINVWVvxV9PoX80GvWN-9PBcNLbc_KsCgk0DJAaBv7VFG8MwQrMKK6IVpLVqHCEZjZ5jzNv5056LJ2cR-uSCyQ',	UNHEX('45432D3445523738313834453837323334383431'),	1,	281,	383,	'2022-07-19',	'2022-07-20',	100.00,	100.00,	3.00,	1,	1,	2,	NULL,	NULL,	1203.00,	NULL,	NULL,	NULL,	'2022-07-19 05:32:41',	'2022-07-19 05:32:41'),
(91,	'PAYID-MLLEGXA516893137R064161B',	'A21AAJnEB3trINVWVvxV9PoX80GvWN-9PBcNLbc_KsCgk0DJAaBv7VFG8MwQrMKK6IVpLVqHCEZjZ5jzNv5056LJ2cR-uSCyQ',	UNHEX('45432D3630593433303136425432363338383439'),	1,	100,	55,	'2022-07-19',	'2022-07-20',	100.00,	10.00,	NULL,	1,	1,	2,	NULL,	NULL,	610.00,	NULL,	NULL,	NULL,	'2022-07-19 05:38:36',	'2022-07-19 05:38:36'),
(92,	'PAYID-MLLHABY8MM80751MX5801404',	'A21AAKet-_DuP43ggyTgJ0sBXhw-Lox04OiXyjcOkopfwnklFqKEaQnwMK2yNZcLVPpdFx-DV8adL9VHN8TImdrYeDNfK4yWQ',	UNHEX('45432D35463832363130324B4732303634343333'),	1,	104,	389,	'2022-07-19',	'2022-07-20',	250.00,	250.00,	20.00,	1,	1,	2,	NULL,	NULL,	1020.00,	NULL,	NULL,	NULL,	'2022-07-19 08:49:11',	'2022-07-19 08:49:11'),
(93,	'PAYID-MLLZCSY99W9230703801281G',	'A21AAKy8KA2tI_i916RpDFNi4KTCqcuI1TQN00xwOpaIu2fROM5JOuKkhbz1fwV85n_UAoW0Y7SXG658kfSjpA75timjnxpXg',	UNHEX('45432D364C463930363935433639383033373236'),	1,	281,	382,	'2022-07-22',	'2022-07-29',	200.00,	200.00,	2.00,	7,	1,	2,	NULL,	NULL,	3902.00,	NULL,	NULL,	NULL,	'2022-07-20 05:23:23',	'2022-07-20 05:23:23'),
(94,	'PAYID-MLNDLII2RG05724TE9185301',	'A21AALF-y3UtQ7PBAF-xcgkUu7aC1aSilzroB-8iSowBole_LsA9rVF9WEwAX_qJ_S_hD4FNJX3Rk9iwb-myTArhp4kMZXOKA',	UNHEX('45432D3858543237373234455436383932303459'),	1,	92,	39,	'2022-07-22',	'2022-07-23',	1000.00,	1000.00,	NULL,	1,	1,	2,	NULL,	NULL,	7000.00,	NULL,	NULL,	NULL,	'2022-07-22 05:29:05',	'2022-07-22 05:29:05'),
(95,	'PAYID-MLNIEKA72B0915090741191F',	'A21AAK1UmSXpJX0jEWqiqT81PBoU9BjfJkbMXbu13EIbnsoRT-8VHVP7-iNqYFWbtzgI1E5wOaRCHoxE4CdE4zNzAebniMtsw',	UNHEX('45432D3039453238393635353138353937353045'),	1,	281,	383,	'2022-07-22',	'2022-07-23',	100.00,	100.00,	3.00,	1,	1,	2,	NULL,	NULL,	1203.00,	NULL,	NULL,	NULL,	'2022-07-22 10:55:36',	'2022-07-22 10:55:36'),
(96,	'PAYID-MLPEKKQ1G793215E78944008',	'A21AALVscIGgu94w1WOwSxI5C90g317VfuuCbzpQlDDeRfqs4uW2lwZ1lOkyWCMu4CEbTT3yjaPi4r0RbSVE-NTZF8_3EeVqA',	UNHEX('45432D31474D3835303839364A3737383331354B'),	1,	281,	382,	'2022-07-25',	'2022-07-26',	200.00,	200.00,	2.00,	1,	1,	2,	NULL,	NULL,	902.00,	NULL,	NULL,	NULL,	'2022-07-25 07:24:27',	'2022-07-25 07:24:27'),
(97,	'PAYID-MLPICRI4EF75852F4702160E',	'A21AAJY1h-KtYPkF4Su34YVmK1Mps_JxcZj1I8p7cogbZ3Cj4xatIH88G1TP1iKv8O-4A54gMJAgf07K7XtDjYwGNLIEQ97dg',	UNHEX('45432D3547443438343934333939363930323532'),	1,	302,	458,	'2022-07-25',	'2022-07-26',	50.00,	50.00,	1.00,	1,	1,	2,	NULL,	NULL,	401.00,	NULL,	NULL,	NULL,	'2022-07-25 11:40:54',	'2022-07-25 11:40:54'),
(98,	'PAYID-MLPICRY46L119939E7619429',	'A21AAJY1h-KtYPkF4Su34YVmK1Mps_JxcZj1I8p7cogbZ3Cj4xatIH88G1TP1iKv8O-4A54gMJAgf07K7XtDjYwGNLIEQ97dg',	UNHEX('45432D39394D3636383436504C39383839333253'),	1,	302,	458,	'2022-07-25',	'2022-07-26',	50.00,	50.00,	1.00,	1,	1,	2,	NULL,	NULL,	401.00,	NULL,	NULL,	NULL,	'2022-07-25 11:40:55',	'2022-07-25 11:40:55'),
(99,	'PAYID-MLP2LVY1NF63357V4369891J',	'A21AALsNAskjAaKxUhpEVeJdl4l01J82Fe_oxwNSpZWE2lKBtQHG3OAVWm3ZU9PxQ7enUaL-52SME2OaPKHjWCd7tttNYTj8A',	UNHEX('45432D384E343536333333325636323932393157'),	NULL,	281,	383,	'2022-07-26',	'2022-07-27',	100.00,	100.00,	3.00,	1,	1,	2,	NULL,	NULL,	1203.00,	NULL,	NULL,	NULL,	'2022-07-26 08:29:11',	'2022-07-26 08:29:11'),
(100,	'PAYID-MLP3XWA874883225C3369217',	'A21AALooSMYjKE5SsTDO26gq6oHp0oQxjBCRWzpqResXbHCZ0j6MVEaus_CVd2Bpu5iXmzyyFOAhj9yfq9Zly7KiGRVX0e8qQ',	UNHEX('45432D3632563737373337475838393130343132'),	NULL,	281,	384,	'2022-07-26',	'2022-07-27',	20.00,	20.00,	1.00,	1,	1,	2,	NULL,	NULL,	541.00,	NULL,	NULL,	NULL,	'2022-07-26 10:03:05',	'2022-07-26 10:03:05'),
(101,	'PAYID-MLP3Z7Q2U704299S5154061J',	'A21AALooSMYjKE5SsTDO26gq6oHp0oQxjBCRWzpqResXbHCZ0j6MVEaus_CVd2Bpu5iXmzyyFOAhj9yfq9Zly7KiGRVX0e8qQ',	UNHEX('45432D3644533034303637365931393138383047'),	1,	281,	385,	'2022-07-26',	'2022-07-27',	20.00,	20.00,	1.00,	1,	1,	2,	NULL,	NULL,	541.00,	NULL,	NULL,	NULL,	'2022-07-26 10:07:58',	'2022-07-26 10:07:58'),
(102,	'PAYID-MLQNPUI6Y7694058M079025V',	'A21AALIIsLVhZqyJE65KWhCq26bS90to63cggS5ECjqnrV7ib2hizRzvdcMZh0toxhAZmakXKk5Clecrrs1A7yLAm4iloBc6Q',	UNHEX('45432D3448533732323237393131393333393441'),	1,	281,	382,	'2022-07-27',	'2022-07-28',	200.00,	200.00,	2.00,	1,	1,	2,	NULL,	NULL,	902.00,	NULL,	NULL,	NULL,	'2022-07-27 06:14:41',	'2022-07-27 06:14:41'),
(103,	'PAYID-MLQP63A5NW13720FW9791427',	'A21AAJu8C0yvtmkCmMZS5a8ykvctNl1g_42EzgCtggfuiA0N6FYpK6A21jjewMzIxq77ZpYbzK_hl91FdcOTCiOYkW6fkMDdQ',	UNHEX('45432D3559433839323133354C3334353538334D'),	1,	327,	508,	'2022-07-27',	'2022-07-28',	100.00,	100.00,	1.00,	1,	1,	2,	NULL,	NULL,	701.00,	NULL,	NULL,	NULL,	'2022-07-27 09:03:40',	'2022-07-27 09:03:40'),
(104,	'PAYID-MLQQBJA2H553743WJ476990H',	'A21AAJu8C0yvtmkCmMZS5a8ykvctNl1g_42EzgCtggfuiA0N6FYpK6A21jjewMzIxq77ZpYbzK_hl91FdcOTCiOYkW6fkMDdQ',	UNHEX('45432D304C523332313037384B35393439313159'),	1,	281,	445,	'2022-07-27',	'2022-07-28',	5.00,	5.00,	1.00,	1,	1,	2,	NULL,	NULL,	511.00,	NULL,	NULL,	NULL,	'2022-07-27 09:08:52',	'2022-07-27 09:08:52'),
(105,	'PAYID-MLQRISI5HV09506KX2192125',	'A21AAIK5Nv5vH07lQYFKYT7-jU3w39RRRL43JicDXvOZ1kdOqAeNTSrKj03ZvF326Vcy1-E4GZ48_dGCcFSWz6Et-myz-U9wA',	UNHEX('45432D32584D3731373236304837383439303554'),	1,	92,	39,	'2022-07-27',	'2022-07-28',	1000.00,	1000.00,	NULL,	1,	1,	2,	NULL,	NULL,	7000.00,	NULL,	NULL,	NULL,	'2022-07-27 10:32:42',	'2022-07-27 10:32:42'),
(106,	'PAYID-MLQRPOQ2SM09444JW914625E',	'A21AAIK5Nv5vH07lQYFKYT7-jU3w39RRRL43JicDXvOZ1kdOqAeNTSrKj03ZvF326Vcy1-E4GZ48_dGCcFSWz6Et-myz-U9wA',	UNHEX('45432D384E5834363232334E3932383532333154'),	1,	100,	199,	'2022-07-27',	'2022-07-28',	100.00,	10.00,	NULL,	1,	1,	2,	NULL,	NULL,	610.00,	NULL,	NULL,	NULL,	'2022-07-27 10:47:23',	'2022-07-27 10:47:23'),
(107,	'PAYID-MLRB5NA41023666L36263211',	'A21AAK8MHfXvxPUkAM7uGP8A9RO5pREHhW7cz2i4sFMgkdqEOqbKIxsQuy6voxy-YKFeWtVGHyHXofMYaIntIV3vUPTM2C-LQ',	UNHEX('45432D39315439383539354A3439303232383453'),	NULL,	92,	523,	'2022-07-28',	'2022-07-29',	0.00,	0.00,	3.00,	1,	1,	2,	NULL,	NULL,	503.00,	NULL,	NULL,	NULL,	'2022-07-28 05:29:24',	'2022-07-28 05:29:24'),
(108,	'PAYID-MLRDF2Y5ST38062NL220321G',	'A21AALp6ry8sZ7sz8pUd05Xl1FuzfDnJP-9iM3Wqmjh9oza3krALD2hPLBOCh7R0U3-WSjtXB9JSn1bF6ju9l6QlYu4Xkkbmg',	UNHEX('45432D3430453438373234544C34333339373045'),	1,	92,	523,	'2022-07-28',	'2022-07-29',	0.00,	0.00,	3.00,	1,	1,	2,	NULL,	NULL,	503.00,	NULL,	NULL,	NULL,	'2022-07-28 06:55:40',	'2022-07-28 06:55:40'),
(109,	'PAYID-MLRGKGY2P191360PW465742G',	'A21AAK9dHafiaDim6r5cpp-vj_xYeiJf4AMWIftqdyR-UU6UinRzLDLMFRGZC1yTQxDhgpZOwAy9trJc_hlj6LOQXDsiVd9Hw',	UNHEX('45432D37344E3731343735373435393637303036'),	1,	281,	383,	'2022-07-28',	'2022-07-29',	100.00,	100.00,	3.00,	1,	1,	2,	NULL,	NULL,	1203.00,	NULL,	NULL,	NULL,	'2022-07-28 10:29:47',	'2022-07-28 10:29:47'),
(110,	'PAYID-MLRYUQY16245288CM6088115',	'A21AAIBsFyMt6Or0Xb_4UYtwqcz-fO1OhycvVC6Ln7viGUL6Gq_zX9Hglpl3vk-NtJrMaHJyNjSJuE8yriA3KOVhoHod-wkIQ',	UNHEX('45432D3947543234373435574C33323130303453'),	NULL,	92,	39,	'2022-07-29',	'2022-07-30',	1000.00,	1000.00,	NULL,	1,	1,	2,	NULL,	NULL,	7000.00,	NULL,	NULL,	NULL,	'2022-07-29 07:20:36',	'2022-07-29 07:20:36'),
(111,	'PAYID-MLR4Z7Q1CT94778SN7303505',	'A21AAK7ZbCYo9Gvd4JwTdnK9BkM-maPghvqOEfcp-vTCWAKKoKndfsdgKuw198HlYIHSZf0lHnQDnE-1jtMwbWbJ4aIEbrO8A',	UNHEX('45432D3434503139373437425934333130373359'),	1,	311,	479,	'2022-07-29',	'2022-07-30',	200.00,	0.00,	20.00,	1,	1,	2,	NULL,	NULL,	720.00,	NULL,	NULL,	NULL,	'2022-07-29 12:05:18',	'2022-07-29 12:05:18'),
(112,	'PAYID-MLR5UDA51G96402YX400504F',	'A21AAKX4x0Jjnq3kTvEfcYc1AREYTaviYnG0Cr4Th8CP0LyWrKjI9njCl9VF7d9cBaDexRfhLDpGsp7-vjUqwujqW_lcfp8BQ',	UNHEX('45432D36564B3631333730304E3131313738334C'),	NULL,	92,	39,	'2022-07-29',	'2022-07-30',	1000.00,	1000.00,	NULL,	1,	1,	2,	NULL,	NULL,	7000.00,	NULL,	NULL,	NULL,	'2022-07-29 13:01:01',	'2022-07-29 13:01:01');

DROP TABLE IF EXISTS `breakfast_type`;
CREATE TABLE `breakfast_type` (
  `bfast_id` int(11) NOT NULL AUTO_INCREMENT,
  `name` varchar(255) CHARACTER SET utf8 NOT NULL,
  `status` tinyint(2) NOT NULL DEFAULT '1',
  `created_at` datetime DEFAULT NULL ON UPDATE CURRENT_TIMESTAMP,
  `updated_at` timestamp NULL DEFAULT NULL,
  PRIMARY KEY (`bfast_id`)
) ENGINE=InnoDB DEFAULT CHARSET=utf8 COLLATE=utf8_unicode_ci;

INSERT INTO `breakfast_type` (`bfast_id`, `name`, `status`, `created_at`, `updated_at`) VALUES
(1,	'Continental',	1,	'2022-06-08 16:38:53',	'2022-06-08 16:38:53'),
(2,	'American',	1,	'2022-06-08 16:39:11',	'2022-06-08 16:39:11'),
(3,	'Buffet',	1,	'2022-06-08 16:39:11',	'2022-06-08 16:39:11'),
(4,	'Halal',	1,	'2022-06-08 16:39:11',	'2022-06-08 16:39:11'),
(5,	'Asian',	1,	'2022-06-08 16:39:11',	'2022-06-08 16:39:11');

DROP TABLE IF EXISTS `countries`;
CREATE TABLE `countries` (
  `id` int(11) NOT NULL AUTO_INCREMENT,
  `sortname` varchar(255) COLLATE utf8_unicode_ci NOT NULL,
  `name` varchar(255) COLLATE utf8_unicode_ci NOT NULL,
  `phonecode` int(11) NOT NULL,
  PRIMARY KEY (`id`)
) ENGINE=InnoDB DEFAULT CHARSET=utf8 COLLATE=utf8_unicode_ci;

INSERT INTO `countries` (`id`, `sortname`, `name`, `phonecode`) VALUES
(1,	'AF',	'Afghanistan',	93),
(2,	'AL',	'Albania',	355),
(3,	'DZ',	'Algeria',	213),
(4,	'AS',	'American Samoa',	1684),
(5,	'AD',	'Andorra',	376),
(6,	'AO',	'Angola',	244),
(7,	'AI',	'Anguilla',	1264),
(8,	'AQ',	'Antarctica',	672),
(9,	'AG',	'Antigua And Barbuda',	1268),
(10,	'AR',	'Argentina',	54),
(11,	'AM',	'Armenia',	374),
(12,	'AW',	'Aruba',	297),
(13,	'AU',	'Australia',	61),
(14,	'AT',	'Austria',	43),
(15,	'AZ',	'Azerbaijan',	994),
(16,	'BS',	'Bahamas The',	1242),
(17,	'BH',	'Bahrain',	973),
(18,	'BD',	'Bangladesh',	880),
(19,	'BB',	'Barbados',	1246),
(20,	'BY',	'Belarus',	375),
(21,	'BE',	'Belgium',	32),
(22,	'BZ',	'Belize',	501),
(23,	'BJ',	'Benin',	229),
(24,	'BM',	'Bermuda',	1441),
(25,	'BT',	'Bhutan',	975),
(26,	'BO',	'Bolivia',	591),
(27,	'BA',	'Bosnia and Herzegovina',	387),
(28,	'BW',	'Botswana',	267),
(29,	'BV',	'Bouvet Island',	55),
(30,	'BR',	'Brazil',	55),
(31,	'IO',	'British Indian Ocean Territory',	246),
(32,	'BN',	'Brunei',	673),
(33,	'BG',	'Bulgaria',	359),
(34,	'BF',	'Burkina Faso',	226),
(35,	'BI',	'Burundi',	257),
(36,	'KH',	'Cambodia',	855),
(37,	'CM',	'Cameroon',	237),
(38,	'CA',	'Canada',	1),
(39,	'CV',	'Cape Verde',	238),
(40,	'KY',	'Cayman Islands',	1345),
(41,	'CF',	'Central African Republic',	236),
(42,	'TD',	'Chad',	235),
(43,	'CL',	'Chile',	56),
(44,	'CN',	'China',	86),
(45,	'CX',	'Christmas Island',	61),
(46,	'CC',	'Cocos (Keeling) Islands',	672),
(47,	'CO',	'Colombia',	57),
(48,	'KM',	'Comoros',	269),
(49,	'CG',	'Republic Of The Congo',	242),
(50,	'CD',	'Democratic Republic Of The Congo',	242),
(51,	'CK',	'Cook Islands',	682),
(52,	'CR',	'Costa Rica',	506),
(53,	'CI',	'Cote D\'Ivoire (Ivory Coast)',	225),
(54,	'HR',	'Croatia (Hrvatska)',	385),
(55,	'CU',	'Cuba',	53),
(56,	'CY',	'Cyprus',	357),
(57,	'CZ',	'Czech Republic',	420),
(58,	'DK',	'Denmark',	45),
(59,	'DJ',	'Djibouti',	253),
(60,	'DM',	'Dominica',	1767),
(61,	'DO',	'Dominican Republic',	1809),
(62,	'TP',	'East Timor',	670),
(63,	'EC',	'Ecuador',	593),
(64,	'EG',	'Egypt',	20),
(65,	'SV',	'El Salvador',	503),
(66,	'GQ',	'Equatorial Guinea',	240),
(67,	'ER',	'Eritrea',	291),
(68,	'EE',	'Estonia',	372),
(69,	'ET',	'Ethiopia',	251),
(70,	'XA',	'External Territories of Australia',	61),
(71,	'FK',	'Falkland Islands',	500),
(72,	'FO',	'Faroe Islands',	298),
(73,	'FJ',	'Fiji Islands',	679),
(74,	'FI',	'Finland',	358),
(75,	'FR',	'France',	33),
(76,	'GF',	'French Guiana',	594),
(77,	'PF',	'French Polynesia',	689),
(78,	'TF',	'French Southern Territories',	262),
(79,	'GA',	'Gabon',	241),
(80,	'GM',	'Gambia The',	220),
(81,	'GE',	'Georgia',	995),
(82,	'DE',	'Germany',	49),
(83,	'GH',	'Ghana',	233),
(84,	'GI',	'Gibraltar',	350),
(85,	'GR',	'Greece',	30),
(86,	'GL',	'Greenland',	299),
(87,	'GD',	'Grenada',	1473),
(88,	'GP',	'Guadeloupe',	590),
(89,	'GU',	'Guam',	1671),
(90,	'GT',	'Guatemala',	502),
(91,	'XU',	'Guernsey and Alderney',	44),
(92,	'GN',	'Guinea',	224),
(93,	'GW',	'Guinea-Bissau',	245),
(94,	'GY',	'Guyana',	592),
(95,	'HT',	'Haiti',	509),
(96,	'HM',	'Heard and McDonald Islands',	672),
(97,	'HN',	'Honduras',	504),
(98,	'HK',	'Hong Kong S.A.R.',	852),
(99,	'HU',	'Hungary',	36),
(100,	'IS',	'Iceland',	354),
(101,	'IN',	'India',	91),
(102,	'ID',	'Indonesia',	62),
(103,	'IR',	'Iran',	98),
(104,	'IQ',	'Iraq',	964),
(105,	'IE',	'Ireland',	353),
(106,	'IL',	'Israel',	972),
(107,	'IT',	'Italy',	39),
(108,	'JM',	'Jamaica',	1876),
(109,	'JP',	'Japan',	81),
(110,	'XJ',	'Jersey',	44),
(111,	'JO',	'Jordan',	962),
(112,	'KZ',	'Kazakhstan',	7),
(113,	'KE',	'Kenya',	254),
(114,	'KI',	'Kiribati',	686),
(115,	'KP',	'Korea North',	850),
(116,	'KR',	'Korea South',	82),
(117,	'KW',	'Kuwait',	965),
(118,	'KG',	'Kyrgyzstan',	996),
(119,	'LA',	'Laos',	856),
(120,	'LV',	'Latvia',	371),
(121,	'LB',	'Lebanon',	961),
(122,	'LS',	'Lesotho',	266),
(123,	'LR',	'Liberia',	231),
(124,	'LY',	'Libya',	218),
(125,	'LI',	'Liechtenstein',	423),
(126,	'LT',	'Lithuania',	370),
(127,	'LU',	'Luxembourg',	352),
(128,	'MO',	'Macau S.A.R.',	853),
(129,	'MK',	'Macedonia',	389),
(130,	'MG',	'Madagascar',	261),
(131,	'MW',	'Malawi',	265),
(132,	'MY',	'Malaysia',	60),
(133,	'MV',	'Maldives',	960),
(134,	'ML',	'Mali',	223),
(135,	'MT',	'Malta',	356),
(136,	'XM',	'Man (Isle of)',	44),
(137,	'MH',	'Marshall Islands',	692),
(138,	'MQ',	'Martinique',	596),
(139,	'MR',	'Mauritania',	222),
(140,	'MU',	'Mauritius',	230),
(141,	'YT',	'Mayotte',	269),
(142,	'MX',	'Mexico',	52),
(143,	'FM',	'Micronesia',	691),
(144,	'MD',	'Moldova',	373),
(145,	'MC',	'Monaco',	377),
(146,	'MN',	'Mongolia',	976),
(147,	'MS',	'Montserrat',	1664),
(148,	'MA',	'Morocco',	212),
(149,	'MZ',	'Mozambique',	258),
(150,	'MM',	'Myanmar',	95),
(151,	'NA',	'Namibia',	264),
(152,	'NR',	'Nauru',	674),
(153,	'NP',	'Nepal',	977),
(154,	'AN',	'Netherlands Antilles',	599),
(155,	'NL',	'Netherlands The',	31),
(156,	'NC',	'New Caledonia',	687),
(157,	'NZ',	'New Zealand',	64),
(158,	'NI',	'Nicaragua',	505),
(159,	'NE',	'Niger',	227),
(160,	'NG',	'Nigeria',	234),
(161,	'NU',	'Niue',	683),
(162,	'NF',	'Norfolk Island',	672),
(163,	'MP',	'Northern Mariana Islands',	1670),
(164,	'NO',	'Norway',	47),
(165,	'OM',	'Oman',	968),
(166,	'PK',	'Pakistan',	92),
(167,	'PW',	'Palau',	680),
(168,	'PS',	'Palestinian Territory Occupied',	970),
(169,	'PA',	'Panama',	507),
(170,	'PG',	'Papua new Guinea',	675),
(171,	'PY',	'Paraguay',	595),
(172,	'PE',	'Peru',	51),
(173,	'PH',	'Philippines',	63),
(174,	'PN',	'Pitcairn Island',	64),
(175,	'PL',	'Poland',	48),
(176,	'PT',	'Portugal',	351),
(177,	'PR',	'Puerto Rico',	1787),
(178,	'QA',	'Qatar',	974),
(179,	'RE',	'Reunion',	262),
(180,	'RO',	'Romania',	40),
(181,	'RU',	'Russia',	70),
(182,	'RW',	'Rwanda',	250),
(183,	'SH',	'Saint Helena',	290),
(184,	'KN',	'Saint Kitts And Nevis',	1869),
(185,	'LC',	'Saint Lucia',	1758),
(186,	'PM',	'Saint Pierre and Miquelon',	508),
(187,	'VC',	'Saint Vincent And The Grenadines',	1784),
(188,	'WS',	'Samoa',	684),
(189,	'SM',	'San Marino',	378),
(190,	'ST',	'Sao Tome and Principe',	239),
(191,	'SA',	'Saudi Arabia',	966),
(192,	'SN',	'Senegal',	221),
(193,	'RS',	'Serbia',	381),
(194,	'SC',	'Seychelles',	248),
(195,	'SL',	'Sierra Leone',	232),
(196,	'SG',	'Singapore',	65),
(197,	'SK',	'Slovakia',	421),
(198,	'SI',	'Slovenia',	386),
(199,	'XG',	'Smaller Territories of the UK',	44),
(200,	'SB',	'Solomon Islands',	677),
(201,	'SO',	'Somalia',	252),
(202,	'ZA',	'South Africa',	27),
(203,	'GS',	'South Georgia',	500),
(204,	'SS',	'South Sudan',	211),
(205,	'ES',	'Spain',	34),
(206,	'LK',	'Sri Lanka',	94),
(207,	'SD',	'Sudan',	249),
(208,	'SR',	'Suriname',	597),
(209,	'SJ',	'Svalbard And Jan Mayen Islands',	47),
(210,	'SZ',	'Swaziland',	268),
(211,	'SE',	'Sweden',	46),
(212,	'CH',	'Switzerland',	41),
(213,	'SY',	'Syria',	963),
(214,	'TW',	'Taiwan',	886),
(215,	'TJ',	'Tajikistan',	992),
(216,	'TZ',	'Tanzania',	255),
(217,	'TH',	'Thailand',	66),
(218,	'TG',	'Togo',	228),
(219,	'TK',	'Tokelau',	690),
(220,	'TO',	'Tonga',	676),
(221,	'TT',	'Trinidad And Tobago',	1868),
(222,	'TN',	'Tunisia',	216),
(223,	'TR',	'Turkey',	90),
(224,	'TM',	'Turkmenistan',	7370),
(225,	'TC',	'Turks And Caicos Islands',	1649),
(226,	'TV',	'Tuvalu',	688),
(227,	'UG',	'Uganda',	256),
(228,	'UA',	'Ukraine',	380),
(229,	'AE',	'United Arab Emirates',	971),
(230,	'GB',	'United Kingdom',	44),
(231,	'US',	'United States',	1),
(232,	'UM',	'United States Minor Outlying Islands',	1),
(233,	'UY',	'Uruguay',	598),
(234,	'UZ',	'Uzbekistan',	998),
(235,	'VU',	'Vanuatu',	678),
(236,	'VA',	'Vatican City State (Holy See)',	39),
(237,	'VE',	'Venezuela',	58),
(238,	'VN',	'Vietnam',	84),
(239,	'VG',	'Virgin Islands (British)',	1284),
(240,	'VI',	'Virgin Islands (US)',	1340),
(241,	'WF',	'Wallis And Futuna Islands',	681),
(242,	'EH',	'Western Sahara',	212),
(243,	'YE',	'Yemen',	967),
(244,	'YU',	'Yugoslavia',	38),
(245,	'ZM',	'Zambia',	260),
(246,	'ZW',	'Zimbabwe',	263);

DROP TABLE IF EXISTS `country`;
CREATE TABLE `country` (
  `id` int(11) NOT NULL AUTO_INCREMENT,
  `iso` char(2) NOT NULL,
  `name` varchar(80) NOT NULL,
  `nicename` varchar(80) NOT NULL,
  `iso3` char(3) DEFAULT NULL,
  `numcode` smallint(6) DEFAULT NULL,
  `phonecode` int(5) NOT NULL,
  PRIMARY KEY (`id`)
) ENGINE=MyISAM DEFAULT CHARSET=latin1;

INSERT INTO `country` (`id`, `iso`, `name`, `nicename`, `iso3`, `numcode`, `phonecode`) VALUES
(1,	'AF',	'AFGHANISTAN',	'Afghanistan',	'AFG',	4,	93),
(2,	'AL',	'ALBANIA',	'Albania',	'ALB',	8,	355),
(3,	'DZ',	'ALGERIA',	'Algeria',	'DZA',	12,	213),
(4,	'AS',	'AMERICAN SAMOA',	'American Samoa',	'ASM',	16,	1684),
(5,	'AD',	'ANDORRA',	'Andorra',	'AND',	20,	376),
(6,	'AO',	'ANGOLA',	'Angola',	'AGO',	24,	244),
(7,	'AI',	'ANGUILLA',	'Anguilla',	'AIA',	660,	1264),
(8,	'AQ',	'ANTARCTICA',	'Antarctica',	NULL,	NULL,	0),
(9,	'AG',	'ANTIGUA AND BARBUDA',	'Antigua and Barbuda',	'ATG',	28,	1268),
(10,	'AR',	'ARGENTINA',	'Argentina',	'ARG',	32,	54),
(11,	'AM',	'ARMENIA',	'Armenia',	'ARM',	51,	374),
(12,	'AW',	'ARUBA',	'Aruba',	'ABW',	533,	297),
(13,	'AU',	'AUSTRALIA',	'Australia',	'AUS',	36,	61),
(14,	'AT',	'AUSTRIA',	'Austria',	'AUT',	40,	43),
(15,	'AZ',	'AZERBAIJAN',	'Azerbaijan',	'AZE',	31,	994),
(16,	'BS',	'BAHAMAS',	'Bahamas',	'BHS',	44,	1242),
(17,	'BH',	'BAHRAIN',	'Bahrain',	'BHR',	48,	973),
(18,	'BD',	'BANGLADESH',	'Bangladesh',	'BGD',	50,	880),
(19,	'BB',	'BARBADOS',	'Barbados',	'BRB',	52,	1246),
(20,	'BY',	'BELARUS',	'Belarus',	'BLR',	112,	375),
(21,	'BE',	'BELGIUM',	'Belgium',	'BEL',	56,	32),
(22,	'BZ',	'BELIZE',	'Belize',	'BLZ',	84,	501),
(23,	'BJ',	'BENIN',	'Benin',	'BEN',	204,	229),
(24,	'BM',	'BERMUDA',	'Bermuda',	'BMU',	60,	1441),
(25,	'BT',	'BHUTAN',	'Bhutan',	'BTN',	64,	975),
(26,	'BO',	'BOLIVIA',	'Bolivia',	'BOL',	68,	591),
(27,	'BA',	'BOSNIA AND HERZEGOVINA',	'Bosnia and Herzegovina',	'BIH',	70,	387),
(28,	'BW',	'BOTSWANA',	'Botswana',	'BWA',	72,	267),
(29,	'BV',	'BOUVET ISLAND',	'Bouvet Island',	NULL,	NULL,	0),
(30,	'BR',	'BRAZIL',	'Brazil',	'BRA',	76,	55),
(31,	'IO',	'BRITISH INDIAN OCEAN TERRITORY',	'British Indian Ocean Territory',	NULL,	NULL,	246),
(32,	'BN',	'BRUNEI DARUSSALAM',	'Brunei Darussalam',	'BRN',	96,	673),
(33,	'BG',	'BULGARIA',	'Bulgaria',	'BGR',	100,	359),
(34,	'BF',	'BURKINA FASO',	'Burkina Faso',	'BFA',	854,	226),
(35,	'BI',	'BURUNDI',	'Burundi',	'BDI',	108,	257),
(36,	'KH',	'CAMBODIA',	'Cambodia',	'KHM',	116,	855),
(37,	'CM',	'CAMEROON',	'Cameroon',	'CMR',	120,	237),
(38,	'CA',	'CANADA',	'Canada',	'CAN',	124,	1),
(39,	'CV',	'CAPE VERDE',	'Cape Verde',	'CPV',	132,	238),
(40,	'KY',	'CAYMAN ISLANDS',	'Cayman Islands',	'CYM',	136,	1345),
(41,	'CF',	'CENTRAL AFRICAN REPUBLIC',	'Central African Republic',	'CAF',	140,	236),
(42,	'TD',	'CHAD',	'Chad',	'TCD',	148,	235),
(43,	'CL',	'CHILE',	'Chile',	'CHL',	152,	56),
(44,	'CN',	'CHINA',	'China',	'CHN',	156,	86),
(45,	'CX',	'CHRISTMAS ISLAND',	'Christmas Island',	NULL,	NULL,	61),
(46,	'CC',	'COCOS (KEELING) ISLANDS',	'Cocos (Keeling) Islands',	NULL,	NULL,	672),
(47,	'CO',	'COLOMBIA',	'Colombia',	'COL',	170,	57),
(48,	'KM',	'COMOROS',	'Comoros',	'COM',	174,	269),
(49,	'CG',	'CONGO',	'Congo',	'COG',	178,	242),
(50,	'CD',	'CONGO, THE DEMOCRATIC REPUBLIC OF THE',	'Congo, the Democratic Republic of the',	'COD',	180,	242),
(51,	'CK',	'COOK ISLANDS',	'Cook Islands',	'COK',	184,	682),
(52,	'CR',	'COSTA RICA',	'Costa Rica',	'CRI',	188,	506),
(53,	'CI',	'COTE D\'IVOIRE',	'Cote D\'Ivoire',	'CIV',	384,	225),
(54,	'HR',	'CROATIA',	'Croatia',	'HRV',	191,	385),
(55,	'CU',	'CUBA',	'Cuba',	'CUB',	192,	53),
(56,	'CY',	'CYPRUS',	'Cyprus',	'CYP',	196,	357),
(57,	'CZ',	'CZECH REPUBLIC',	'Czech Republic',	'CZE',	203,	420),
(58,	'DK',	'DENMARK',	'Denmark',	'DNK',	208,	45),
(59,	'DJ',	'DJIBOUTI',	'Djibouti',	'DJI',	262,	253),
(60,	'DM',	'DOMINICA',	'Dominica',	'DMA',	212,	1767),
(61,	'DO',	'DOMINICAN REPUBLIC',	'Dominican Republic',	'DOM',	214,	1809),
(62,	'EC',	'ECUADOR',	'Ecuador',	'ECU',	218,	593),
(63,	'EG',	'EGYPT',	'Egypt',	'EGY',	818,	20),
(64,	'SV',	'EL SALVADOR',	'El Salvador',	'SLV',	222,	503),
(65,	'GQ',	'EQUATORIAL GUINEA',	'Equatorial Guinea',	'GNQ',	226,	240),
(66,	'ER',	'ERITREA',	'Eritrea',	'ERI',	232,	291),
(67,	'EE',	'ESTONIA',	'Estonia',	'EST',	233,	372),
(68,	'ET',	'ETHIOPIA',	'Ethiopia',	'ETH',	231,	251),
(69,	'FK',	'FALKLAND ISLANDS (MALVINAS)',	'Falkland Islands (Malvinas)',	'FLK',	238,	500),
(70,	'FO',	'FAROE ISLANDS',	'Faroe Islands',	'FRO',	234,	298),
(71,	'FJ',	'FIJI',	'Fiji',	'FJI',	242,	679),
(72,	'FI',	'FINLAND',	'Finland',	'FIN',	246,	358),
(73,	'FR',	'FRANCE',	'France',	'FRA',	250,	33),
(74,	'GF',	'FRENCH GUIANA',	'French Guiana',	'GUF',	254,	594),
(75,	'PF',	'FRENCH POLYNESIA',	'French Polynesia',	'PYF',	258,	689),
(76,	'TF',	'FRENCH SOUTHERN TERRITORIES',	'French Southern Territories',	NULL,	NULL,	0),
(77,	'GA',	'GABON',	'Gabon',	'GAB',	266,	241),
(78,	'GM',	'GAMBIA',	'Gambia',	'GMB',	270,	220),
(79,	'GE',	'GEORGIA',	'Georgia',	'GEO',	268,	995),
(80,	'DE',	'GERMANY',	'Germany',	'DEU',	276,	49),
(81,	'GH',	'GHANA',	'Ghana',	'GHA',	288,	233),
(82,	'GI',	'GIBRALTAR',	'Gibraltar',	'GIB',	292,	350),
(83,	'GR',	'GREECE',	'Greece',	'GRC',	300,	30),
(84,	'GL',	'GREENLAND',	'Greenland',	'GRL',	304,	299),
(85,	'GD',	'GRENADA',	'Grenada',	'GRD',	308,	1473),
(86,	'GP',	'GUADELOUPE',	'Guadeloupe',	'GLP',	312,	590),
(87,	'GU',	'GUAM',	'Guam',	'GUM',	316,	1671),
(88,	'GT',	'GUATEMALA',	'Guatemala',	'GTM',	320,	502),
(89,	'GN',	'GUINEA',	'Guinea',	'GIN',	324,	224),
(90,	'GW',	'GUINEA-BISSAU',	'Guinea-Bissau',	'GNB',	624,	245),
(91,	'GY',	'GUYANA',	'Guyana',	'GUY',	328,	592),
(92,	'HT',	'HAITI',	'Haiti',	'HTI',	332,	509),
(93,	'HM',	'HEARD ISLAND AND MCDONALD ISLANDS',	'Heard Island and Mcdonald Islands',	NULL,	NULL,	0),
(94,	'VA',	'HOLY SEE (VATICAN CITY STATE)',	'Holy See (Vatican City State)',	'VAT',	336,	39),
(95,	'HN',	'HONDURAS',	'Honduras',	'HND',	340,	504),
(96,	'HK',	'HONG KONG',	'Hong Kong',	'HKG',	344,	852),
(97,	'HU',	'HUNGARY',	'Hungary',	'HUN',	348,	36),
(98,	'IS',	'ICELAND',	'Iceland',	'ISL',	352,	354),
(99,	'IN',	'INDIA',	'India',	'IND',	356,	91),
(100,	'ID',	'INDONESIA',	'Indonesia',	'IDN',	360,	62),
(101,	'IR',	'IRAN, ISLAMIC REPUBLIC OF',	'Iran, Islamic Republic of',	'IRN',	364,	98),
(102,	'IQ',	'IRAQ',	'Iraq',	'IRQ',	368,	964),
(103,	'IE',	'IRELAND',	'Ireland',	'IRL',	372,	353),
(104,	'IL',	'ISRAEL',	'Israel',	'ISR',	376,	972),
(105,	'IT',	'ITALY',	'Italy',	'ITA',	380,	39),
(106,	'JM',	'JAMAICA',	'Jamaica',	'JAM',	388,	1876),
(107,	'JP',	'JAPAN',	'Japan',	'JPN',	392,	81),
(108,	'JO',	'JORDAN',	'Jordan',	'JOR',	400,	962),
(109,	'KZ',	'KAZAKHSTAN',	'Kazakhstan',	'KAZ',	398,	7),
(110,	'KE',	'KENYA',	'Kenya',	'KEN',	404,	254),
(111,	'KI',	'KIRIBATI',	'Kiribati',	'KIR',	296,	686),
(112,	'KP',	'KOREA, DEMOCRATIC PEOPLE\'S REPUBLIC OF',	'Korea, Democratic People\'s Republic of',	'PRK',	408,	850),
(113,	'KR',	'KOREA, REPUBLIC OF',	'Korea, Republic of',	'KOR',	410,	82),
(114,	'KW',	'KUWAIT',	'Kuwait',	'KWT',	414,	965),
(115,	'KG',	'KYRGYZSTAN',	'Kyrgyzstan',	'KGZ',	417,	996),
(116,	'LA',	'LAO PEOPLE\'S DEMOCRATIC REPUBLIC',	'Lao People\'s Democratic Republic',	'LAO',	418,	856),
(117,	'LV',	'LATVIA',	'Latvia',	'LVA',	428,	371),
(118,	'LB',	'LEBANON',	'Lebanon',	'LBN',	422,	961),
(119,	'LS',	'LESOTHO',	'Lesotho',	'LSO',	426,	266),
(120,	'LR',	'LIBERIA',	'Liberia',	'LBR',	430,	231),
(121,	'LY',	'LIBYAN ARAB JAMAHIRIYA',	'Libyan Arab Jamahiriya',	'LBY',	434,	218),
(122,	'LI',	'LIECHTENSTEIN',	'Liechtenstein',	'LIE',	438,	423),
(123,	'LT',	'LITHUANIA',	'Lithuania',	'LTU',	440,	370),
(124,	'LU',	'LUXEMBOURG',	'Luxembourg',	'LUX',	442,	352),
(125,	'MO',	'MACAO',	'Macao',	'MAC',	446,	853),
(126,	'MK',	'MACEDONIA, THE FORMER YUGOSLAV REPUBLIC OF',	'Macedonia, the Former Yugoslav Republic of',	'MKD',	807,	389),
(127,	'MG',	'MADAGASCAR',	'Madagascar',	'MDG',	450,	261),
(128,	'MW',	'MALAWI',	'Malawi',	'MWI',	454,	265),
(129,	'MY',	'MALAYSIA',	'Malaysia',	'MYS',	458,	60),
(130,	'MV',	'MALDIVES',	'Maldives',	'MDV',	462,	960),
(131,	'ML',	'MALI',	'Mali',	'MLI',	466,	223),
(132,	'MT',	'MALTA',	'Malta',	'MLT',	470,	356),
(133,	'MH',	'MARSHALL ISLANDS',	'Marshall Islands',	'MHL',	584,	692),
(134,	'MQ',	'MARTINIQUE',	'Martinique',	'MTQ',	474,	596),
(135,	'MR',	'MAURITANIA',	'Mauritania',	'MRT',	478,	222),
(136,	'MU',	'MAURITIUS',	'Mauritius',	'MUS',	480,	230),
(137,	'YT',	'MAYOTTE',	'Mayotte',	NULL,	NULL,	269),
(138,	'MX',	'MEXICO',	'Mexico',	'MEX',	484,	52),
(139,	'FM',	'MICRONESIA, FEDERATED STATES OF',	'Micronesia, Federated States of',	'FSM',	583,	691),
(140,	'MD',	'MOLDOVA, REPUBLIC OF',	'Moldova, Republic of',	'MDA',	498,	373),
(141,	'MC',	'MONACO',	'Monaco',	'MCO',	492,	377),
(142,	'MN',	'MONGOLIA',	'Mongolia',	'MNG',	496,	976),
(143,	'MS',	'MONTSERRAT',	'Montserrat',	'MSR',	500,	1664),
(144,	'MA',	'MOROCCO',	'Morocco',	'MAR',	504,	212),
(145,	'MZ',	'MOZAMBIQUE',	'Mozambique',	'MOZ',	508,	258),
(146,	'MM',	'MYANMAR',	'Myanmar',	'MMR',	104,	95),
(147,	'NA',	'NAMIBIA',	'Namibia',	'NAM',	516,	264),
(148,	'NR',	'NAURU',	'Nauru',	'NRU',	520,	674),
(149,	'NP',	'NEPAL',	'Nepal',	'NPL',	524,	977),
(150,	'NL',	'NETHERLANDS',	'Netherlands',	'NLD',	528,	31),
(151,	'AN',	'NETHERLANDS ANTILLES',	'Netherlands Antilles',	'ANT',	530,	599),
(152,	'NC',	'NEW CALEDONIA',	'New Caledonia',	'NCL',	540,	687),
(153,	'NZ',	'NEW ZEALAND',	'New Zealand',	'NZL',	554,	64),
(154,	'NI',	'NICARAGUA',	'Nicaragua',	'NIC',	558,	505),
(155,	'NE',	'NIGER',	'Niger',	'NER',	562,	227),
(156,	'NG',	'NIGERIA',	'Nigeria',	'NGA',	566,	234),
(157,	'NU',	'NIUE',	'Niue',	'NIU',	570,	683),
(158,	'NF',	'NORFOLK ISLAND',	'Norfolk Island',	'NFK',	574,	672),
(159,	'MP',	'NORTHERN MARIANA ISLANDS',	'Northern Mariana Islands',	'MNP',	580,	1670),
(160,	'NO',	'NORWAY',	'Norway',	'NOR',	578,	47),
(161,	'OM',	'OMAN',	'Oman',	'OMN',	512,	968),
(162,	'PK',	'PAKISTAN',	'Pakistan',	'PAK',	586,	92),
(163,	'PW',	'PALAU',	'Palau',	'PLW',	585,	680),
(164,	'PS',	'PALESTINIAN TERRITORY, OCCUPIED',	'Palestinian Territory, Occupied',	NULL,	NULL,	970),
(165,	'PA',	'PANAMA',	'Panama',	'PAN',	591,	507),
(166,	'PG',	'PAPUA NEW GUINEA',	'Papua New Guinea',	'PNG',	598,	675),
(167,	'PY',	'PARAGUAY',	'Paraguay',	'PRY',	600,	595),
(168,	'PE',	'PERU',	'Peru',	'PER',	604,	51),
(169,	'PH',	'PHILIPPINES',	'Philippines',	'PHL',	608,	63),
(170,	'PN',	'PITCAIRN',	'Pitcairn',	'PCN',	612,	0),
(171,	'PL',	'POLAND',	'Poland',	'POL',	616,	48),
(172,	'PT',	'PORTUGAL',	'Portugal',	'PRT',	620,	351),
(173,	'PR',	'PUERTO RICO',	'Puerto Rico',	'PRI',	630,	1787),
(174,	'QA',	'QATAR',	'Qatar',	'QAT',	634,	974),
(175,	'RE',	'REUNION',	'Reunion',	'REU',	638,	262),
(176,	'RO',	'ROMANIA',	'Romania',	'ROM',	642,	40),
(177,	'RU',	'RUSSIAN FEDERATION',	'Russian Federation',	'RUS',	643,	70),
(178,	'RW',	'RWANDA',	'Rwanda',	'RWA',	646,	250),
(179,	'SH',	'SAINT HELENA',	'Saint Helena',	'SHN',	654,	290),
(180,	'KN',	'SAINT KITTS AND NEVIS',	'Saint Kitts and Nevis',	'KNA',	659,	1869),
(181,	'LC',	'SAINT LUCIA',	'Saint Lucia',	'LCA',	662,	1758),
(182,	'PM',	'SAINT PIERRE AND MIQUELON',	'Saint Pierre and Miquelon',	'SPM',	666,	508),
(183,	'VC',	'SAINT VINCENT AND THE GRENADINES',	'Saint Vincent and the Grenadines',	'VCT',	670,	1784),
(184,	'WS',	'SAMOA',	'Samoa',	'WSM',	882,	684),
(185,	'SM',	'SAN MARINO',	'San Marino',	'SMR',	674,	378),
(186,	'ST',	'SAO TOME AND PRINCIPE',	'Sao Tome and Principe',	'STP',	678,	239),
(187,	'SA',	'SAUDI ARABIA',	'Saudi Arabia',	'SAU',	682,	966),
(188,	'SN',	'SENEGAL',	'Senegal',	'SEN',	686,	221),
(189,	'CS',	'SERBIA AND MONTENEGRO',	'Serbia and Montenegro',	NULL,	NULL,	381),
(190,	'SC',	'SEYCHELLES',	'Seychelles',	'SYC',	690,	248),
(191,	'SL',	'SIERRA LEONE',	'Sierra Leone',	'SLE',	694,	232),
(192,	'SG',	'SINGAPORE',	'Singapore',	'SGP',	702,	65),
(193,	'SK',	'SLOVAKIA',	'Slovakia',	'SVK',	703,	421),
(194,	'SI',	'SLOVENIA',	'Slovenia',	'SVN',	705,	386),
(195,	'SB',	'SOLOMON ISLANDS',	'Solomon Islands',	'SLB',	90,	677),
(196,	'SO',	'SOMALIA',	'Somalia',	'SOM',	706,	252),
(197,	'ZA',	'SOUTH AFRICA',	'South Africa',	'ZAF',	710,	27),
(198,	'GS',	'SOUTH GEORGIA AND THE SOUTH SANDWICH ISLANDS',	'South Georgia and the South Sandwich Islands',	NULL,	NULL,	0),
(199,	'ES',	'SPAIN',	'Spain',	'ESP',	724,	34),
(200,	'LK',	'SRI LANKA',	'Sri Lanka',	'LKA',	144,	94),
(201,	'SD',	'SUDAN',	'Sudan',	'SDN',	736,	249),
(202,	'SR',	'SURINAME',	'Suriname',	'SUR',	740,	597),
(203,	'SJ',	'SVALBARD AND JAN MAYEN',	'Svalbard and Jan Mayen',	'SJM',	744,	47),
(204,	'SZ',	'SWAZILAND',	'Swaziland',	'SWZ',	748,	268),
(205,	'SE',	'SWEDEN',	'Sweden',	'SWE',	752,	46),
(206,	'CH',	'SWITZERLAND',	'Switzerland',	'CHE',	756,	41),
(207,	'SY',	'SYRIAN ARAB REPUBLIC',	'Syrian Arab Republic',	'SYR',	760,	963),
(208,	'TW',	'TAIWAN, PROVINCE OF CHINA',	'Taiwan, Province of China',	'TWN',	158,	886),
(209,	'TJ',	'TAJIKISTAN',	'Tajikistan',	'TJK',	762,	992),
(210,	'TZ',	'TANZANIA, UNITED REPUBLIC OF',	'Tanzania, United Republic of',	'TZA',	834,	255),
(211,	'TH',	'THAILAND',	'Thailand',	'THA',	764,	66),
(212,	'TL',	'TIMOR-LESTE',	'Timor-Leste',	NULL,	NULL,	670),
(213,	'TG',	'TOGO',	'Togo',	'TGO',	768,	228),
(214,	'TK',	'TOKELAU',	'Tokelau',	'TKL',	772,	690),
(215,	'TO',	'TONGA',	'Tonga',	'TON',	776,	676),
(216,	'TT',	'TRINIDAD AND TOBAGO',	'Trinidad and Tobago',	'TTO',	780,	1868),
(217,	'TN',	'TUNISIA',	'Tunisia',	'TUN',	788,	216),
(218,	'TR',	'TURKEY',	'Turkey',	'TUR',	792,	90),
(219,	'TM',	'TURKMENISTAN',	'Turkmenistan',	'TKM',	795,	7370),
(220,	'TC',	'TURKS AND CAICOS ISLANDS',	'Turks and Caicos Islands',	'TCA',	796,	1649),
(221,	'TV',	'TUVALU',	'Tuvalu',	'TUV',	798,	688),
(222,	'UG',	'UGANDA',	'Uganda',	'UGA',	800,	256),
(223,	'UA',	'UKRAINE',	'Ukraine',	'UKR',	804,	380),
(224,	'AE',	'UNITED ARAB EMIRATES',	'United Arab Emirates',	'ARE',	784,	971),
(225,	'GB',	'UNITED KINGDOM',	'United Kingdom',	'GBR',	826,	44),
(226,	'US',	'UNITED STATES',	'United States',	'USA',	840,	1),
(227,	'UM',	'UNITED STATES MINOR OUTLYING ISLANDS',	'United States Minor Outlying Islands',	NULL,	NULL,	1),
(228,	'UY',	'URUGUAY',	'Uruguay',	'URY',	858,	598),
(229,	'UZ',	'UZBEKISTAN',	'Uzbekistan',	'UZB',	860,	998),
(230,	'VU',	'VANUATU',	'Vanuatu',	'VUT',	548,	678),
(231,	'VE',	'VENEZUELA',	'Venezuela',	'VEN',	862,	58),
(232,	'VN',	'VIET NAM',	'Viet Nam',	'VNM',	704,	84),
(233,	'VG',	'VIRGIN ISLANDS, BRITISH',	'Virgin Islands, British',	'VGB',	92,	1284),
(234,	'VI',	'VIRGIN ISLANDS, U.S.',	'Virgin Islands, U.s.',	'VIR',	850,	1340),
(235,	'WF',	'WALLIS AND FUTUNA',	'Wallis and Futuna',	'WLF',	876,	681),
(236,	'EH',	'WESTERN SAHARA',	'Western Sahara',	'ESH',	732,	212),
(237,	'YE',	'YEMEN',	'Yemen',	'YEM',	887,	967),
(238,	'ZM',	'ZAMBIA',	'Zambia',	'ZMB',	894,	260),
(239,	'ZW',	'ZIMBABWE',	'Zimbabwe',	'ZWE',	716,	263);

DROP TABLE IF EXISTS `failed_jobs`;
CREATE TABLE `failed_jobs` (
  `id` bigint(20) unsigned NOT NULL AUTO_INCREMENT,
  `uuid` varchar(255) COLLATE utf8mb4_unicode_ci NOT NULL,
  `connection` text COLLATE utf8mb4_unicode_ci NOT NULL,
  `queue` text COLLATE utf8mb4_unicode_ci NOT NULL,
  `payload` longtext COLLATE utf8mb4_unicode_ci NOT NULL,
  `exception` longtext COLLATE utf8mb4_unicode_ci NOT NULL,
  `failed_at` timestamp NOT NULL DEFAULT CURRENT_TIMESTAMP,
  PRIMARY KEY (`id`),
  UNIQUE KEY `failed_jobs_uuid_unique` (`uuid`)
) ENGINE=InnoDB DEFAULT CHARSET=utf8mb4 COLLATE=utf8mb4_unicode_ci;


DROP TABLE IF EXISTS `guestinfo`;
CREATE TABLE `guestinfo` (
  `id` int(11) NOT NULL AUTO_INCREMENT,
  `user_id` int(11) DEFAULT NULL,
  `hotel_id` int(11) DEFAULT NULL,
  `room_id` int(11) DEFAULT NULL,
  `tour_id` int(11) DEFAULT NULL,
  `email` varchar(255) COLLATE utf8_unicode_ci NOT NULL,
  `first_name` varchar(255) COLLATE utf8_unicode_ci NOT NULL,
  `last_name` varchar(255) COLLATE utf8_unicode_ci NOT NULL,
  `mobile` varchar(50) COLLATE utf8_unicode_ci NOT NULL,
  `status` int(11) NOT NULL,
  `created_date` datetime NOT NULL,
  `updated_date` timestamp NOT NULL DEFAULT CURRENT_TIMESTAMP ON UPDATE CURRENT_TIMESTAMP,
  PRIMARY KEY (`id`)
) ENGINE=InnoDB DEFAULT CHARSET=utf8 COLLATE=utf8_unicode_ci;

INSERT INTO `guestinfo` (`id`, `user_id`, `hotel_id`, `room_id`, `tour_id`, `email`, `first_name`, `last_name`, `mobile`, `status`, `created_date`, `updated_date`) VALUES
(1,	NULL,	104,	74,	NULL,	'pushpendrajha@gmail.com',	'Pushpendra',	'techs',	'09179004123',	1,	'2022-06-28 08:33:11',	'2022-06-28 08:33:11'),
(2,	NULL,	104,	74,	NULL,	'pushpendrajha@gmail.com',	'Pushpendra',	'techs',	'09179004123',	1,	'2022-06-28 08:33:44',	'2022-06-28 08:33:44'),
(3,	NULL,	104,	74,	NULL,	'pushpendrajha@gmail.com',	'Pushpendra',	'techs',	'09179004123',	1,	'2022-06-28 08:34:54',	'2022-06-28 08:34:54'),
(4,	NULL,	104,	74,	NULL,	'pushpendrajha@gmail.com',	'Pushpendra',	'techs',	'09179004123',	1,	'2022-06-28 08:35:20',	'2022-06-28 08:35:20'),
(5,	NULL,	104,	74,	NULL,	'pushpendrajha@gmail.com',	'Pushpendra',	'techs',	'09179004123',	1,	'2022-06-28 08:35:38',	'2022-06-28 08:35:38'),
(6,	NULL,	104,	74,	NULL,	'pushpendrajha@gmail.com',	'Pushpendra',	'techs',	'09179004123',	1,	'2022-06-28 08:35:54',	'2022-06-28 08:35:54'),
(7,	NULL,	104,	74,	NULL,	'pushpendrajha@gmail.com',	'Pushpendra',	'techs',	'09179004123',	1,	'2022-06-28 08:36:33',	'2022-06-28 08:36:33'),
(8,	NULL,	104,	74,	NULL,	'pushpendrajha@gmail.com',	'Pushpendra',	'techs',	'09179004123',	1,	'2022-06-28 08:38:04',	'2022-06-28 08:38:04'),
(9,	NULL,	104,	74,	NULL,	'pushpendrajha@gmail.com',	'Pushpendra',	'techs',	'09179004123',	1,	'2022-06-28 08:38:57',	'2022-06-28 08:38:57'),
(10,	NULL,	100,	55,	NULL,	'votivephppushpendra@gmail.com',	'Pushpendra',	'techs',	'6616630938',	1,	'2022-06-28 08:54:44',	'2022-06-28 08:54:44'),
(11,	NULL,	118,	109,	NULL,	'pushpendrajha@gmail.com',	'Pushpendra',	'techs',	'09179004123',	1,	'2022-06-28 13:15:53',	'2022-06-28 13:15:53'),
(12,	NULL,	100,	55,	NULL,	'test@gmail.com',	'Pushpendra',	'techs',	'09179004123',	1,	'2022-06-30 10:28:18',	'2022-06-30 10:28:18'),
(13,	NULL,	100,	55,	NULL,	'pushpendrajha@gmail.com',	'kanchan',	'techs',	'09179004123',	1,	'2022-06-30 12:02:01',	'2022-06-30 12:02:01'),
(14,	NULL,	100,	55,	NULL,	'votivephppushpendra@gmail.com',	'sdfsdf',	'dfgfdhdg',	'6616630938',	1,	'2022-06-30 12:05:18',	'2022-06-30 12:05:18'),
(15,	NULL,	100,	55,	NULL,	'pushpendrajha@gmail.com',	'Pushpendra',	'techs',	'09179004123',	1,	'2022-06-30 12:35:48',	'2022-06-30 12:35:48'),
(16,	NULL,	118,	107,	NULL,	'votivephp.rahulraj@gmail.com',	'rahulraj',	'solanki',	'0942509544',	1,	'2022-06-30 13:06:27',	'2022-06-30 13:06:27'),
(17,	NULL,	118,	107,	NULL,	'votivephp.rahulraj@gmail.com',	'rahulraj',	'solanki',	'0942509544',	1,	'2022-06-30 13:08:52',	'2022-06-30 13:08:52'),
(18,	NULL,	118,	107,	NULL,	'votivephp.rahulraj@gmail.com',	'Rahul',	'Solanki',	'912345698745',	1,	'2022-07-01 06:36:07',	'2022-07-01 06:36:07'),
(19,	NULL,	80,	110,	NULL,	'votivephp.rahulraj@gmail.com',	'rahul',	'solanki',	'0942509544',	1,	'2022-07-02 10:21:06',	'2022-07-02 10:21:06'),
(20,	NULL,	80,	110,	NULL,	'votivephp.rahulraj@gmail.com',	'rahul',	'solanki',	'0942509544',	1,	'2022-07-02 10:22:01',	'2022-07-02 10:22:01'),
(21,	NULL,	92,	39,	NULL,	'votivephp.rahulraj@gmail.com',	'rahul',	'solanki',	'0942509544',	1,	'2022-07-05 07:07:07',	'2022-07-05 07:07:07'),
(22,	NULL,	95,	76,	NULL,	'votivephp.rahulraj@gmail.com',	'rahul',	'solanki',	'0942509544',	1,	'2022-07-05 10:46:22',	'2022-07-05 10:46:22'),
(23,	NULL,	95,	84,	NULL,	'votivephp.rahulraj@gmail.com',	'rahul',	'solanki',	'0942509544',	1,	'2022-07-05 10:59:07',	'2022-07-05 10:59:07'),
(24,	NULL,	80,	46,	NULL,	'votivetester.saurabh@gmail.com',	'aa',	'sfd',	'7418529875',	1,	'2022-07-06 09:15:56',	'2022-07-06 09:15:56'),
(25,	NULL,	80,	46,	NULL,	'votivetester.saurabh@gmail.com',	'srb',	'shu',	'9874569874',	1,	'2022-07-06 12:10:12',	'2022-07-06 12:10:12'),
(26,	NULL,	80,	46,	NULL,	'votivetester.saurabh@gmail.com',	'srb',	'shu',	'9874569874',	1,	'2022-07-06 12:10:30',	'2022-07-06 12:10:30'),
(27,	NULL,	80,	46,	NULL,	'votivetester.surabh@gmail.com',	'srb',	'shu',	'9874569874',	1,	'2022-07-06 13:13:03',	'2022-07-06 13:13:03'),
(28,	NULL,	80,	46,	NULL,	'gffdgf',	'fgfggh',	'fdffg',	'9874569874',	1,	'2022-07-07 07:23:18',	'2022-07-07 07:23:18'),
(29,	NULL,	80,	46,	NULL,	'votivetester.saurabh@gmail.com',	'srb',	'shu',	'9874569874',	1,	'2022-07-07 08:49:50',	'2022-07-07 08:49:50'),
(30,	NULL,	80,	46,	NULL,	'votivetester.saurabh@gmail.com',	'srb',	'sh',	'9874569874',	1,	'2022-07-07 09:22:10',	'2022-07-07 09:22:10'),
(31,	NULL,	80,	46,	NULL,	'votivephp.rahulraj@gmail.com',	'rahul',	'solanki',	'0942509544',	1,	'2022-07-07 09:25:40',	'2022-07-07 09:25:40'),
(32,	NULL,	100,	55,	NULL,	'votivephp.rahulraj@gmail.com',	'rahul',	'solanki',	'0942509544',	1,	'2022-07-07 09:26:48',	'2022-07-07 09:26:48'),
(33,	NULL,	100,	55,	NULL,	'votivephp.rahulraj@gmail.com',	'rahul',	'solanki',	'0942509544',	1,	'2022-07-07 09:57:51',	'2022-07-07 09:57:51'),
(34,	NULL,	80,	46,	NULL,	'votivetester.saurabh@gmail.com',	'srb',	'sahu',	'9874562584',	1,	'2022-07-08 08:53:20',	'2022-07-08 08:53:20'),
(35,	NULL,	80,	46,	NULL,	'ssnothinginlife@gmail.com',	'srb',	'sahu',	'9874562585',	1,	'2022-07-08 09:01:01',	'2022-07-08 09:01:01'),
(36,	NULL,	80,	46,	NULL,	'ssnothinginlife@gmail.com',	'srbh',	'sahu',	'6958456985',	1,	'2022-07-08 09:20:14',	'2022-07-08 09:20:14'),
(37,	NULL,	80,	110,	NULL,	'ssnothinginlife@gmail.com',	'srv',	'sahu',	'7485698258',	1,	'2022-07-08 09:35:28',	'2022-07-08 09:35:28'),
(38,	NULL,	80,	46,	NULL,	'ssnothinginlife@gmail.com',	'srv',	'sahu',	'9874561475',	1,	'2022-07-08 09:44:16',	'2022-07-08 09:44:16'),
(39,	NULL,	80,	46,	NULL,	'votivephppushpendra@gmail.com',	'Pushpendra',	'jha',	'6616630938',	1,	'2022-07-08 09:45:29',	'2022-07-08 09:45:29'),
(40,	NULL,	82,	40,	NULL,	'pushpendra88@gmail.com',	'pushpendra',	'Last',	'9179004123',	1,	'2022-07-08 11:00:16',	'2022-07-08 11:00:16'),
(41,	NULL,	82,	61,	NULL,	'pushpendrajha@gmail.com',	'pushpendra',	'jha',	'1234567890',	1,	'2022-07-08 11:08:40',	'2022-07-08 11:08:40'),
(42,	NULL,	80,	110,	NULL,	'votivetester.saurabh@gmail.com',	'srb',	'sahu',	'9874856598',	1,	'2022-07-08 12:15:33',	'2022-07-08 12:15:33'),
(43,	NULL,	80,	110,	NULL,	'votivephp.rahulraj@gmail.com',	'rahul',	'solanki',	'0942509544',	1,	'2022-07-08 12:54:06',	'2022-07-08 12:54:06'),
(44,	NULL,	80,	46,	NULL,	'votivephp.rahulraj@gmail.com',	'rahul',	'solanki',	'0942509544',	1,	'2022-07-08 12:54:36',	'2022-07-08 12:54:36'),
(45,	NULL,	100,	55,	NULL,	'votivephp.rahulraj@gmail.com',	'rahul',	'solanki',	'0942509544',	1,	'2022-07-08 12:58:02',	'2022-07-08 12:58:02'),
(46,	NULL,	222,	269,	NULL,	'vovds@gsd',	'sdfsd',	'sdfsd',	'64654654654',	1,	'2022-07-09 13:53:45',	'2022-07-09 13:53:45'),
(47,	NULL,	118,	108,	NULL,	'sdfsd@dfgdfgdf',	'dfgdfg',	'dfgdfg',	'2323131313',	1,	'2022-07-10 04:52:45',	'2022-07-10 04:52:45'),
(48,	NULL,	82,	40,	NULL,	'votivetester.surabh@gmail.com',	'srb',	'sahu',	'9874856958',	1,	'2022-07-11 06:11:39',	'2022-07-11 06:11:39'),
(49,	NULL,	92,	39,	NULL,	'pushpendrajha88@gmail.com',	'pushpendra',	'jha',	'9179004123',	1,	'2022-07-11 06:12:09',	'2022-07-11 06:12:09'),
(50,	NULL,	95,	193,	NULL,	'votivephone.sanjay@gmail.com',	'sanjay',	'phone',	'4565412212',	1,	'2022-07-11 06:20:09',	'2022-07-11 06:20:09'),
(51,	NULL,	100,	199,	NULL,	'votivephp.rahulraj@gmail.com',	'rahul',	'solanki',	'942509544',	1,	'2022-07-11 06:29:15',	'2022-07-11 06:29:15'),
(52,	NULL,	225,	274,	NULL,	'votivetester.saurabh@gmail.com',	'SRB',	'SAHU',	'74859874',	1,	'2022-07-11 06:55:47',	'2022-07-11 06:55:47'),
(53,	NULL,	226,	275,	NULL,	'votivetester.saurabh@gmail.com',	'srb',	'sahu',	'9874895875',	1,	'2022-07-11 06:59:09',	'2022-07-11 06:59:09'),
(54,	NULL,	227,	276,	NULL,	'votivephp.rahulraj@gmail.com',	'rahul',	'solanki',	'942509544',	1,	'2022-07-11 07:13:52',	'2022-07-11 07:13:52'),
(55,	NULL,	228,	277,	NULL,	'votivephp.rahulraj@gmail.com',	'rahul booked admin room',	'solanki',	'942509544',	1,	'2022-07-11 07:28:38',	'2022-07-11 07:28:38'),
(56,	NULL,	100,	199,	NULL,	'pushpendrajha88@gmail.com',	'Pushpendra',	'jha',	'9179004123',	1,	'2022-07-11 09:01:42',	'2022-07-11 09:01:42'),
(57,	NULL,	104,	66,	NULL,	'pushpendrajha88@gmail.com',	'Pushpendra',	'Jha',	'6616630938',	1,	'2022-07-11 09:16:28',	'2022-07-11 09:16:28'),
(58,	NULL,	82,	40,	NULL,	'votivetester.saurabh@gmail.com',	'srb',	'sahu',	'7498857485',	1,	'2022-07-11 09:46:34',	'2022-07-11 09:46:34'),
(59,	NULL,	225,	274,	NULL,	'votivetester.saurabh@gmail.com',	'srb',	'sahu',	'8574987485',	1,	'2022-07-11 10:04:42',	'2022-07-11 10:04:42'),
(60,	NULL,	226,	275,	NULL,	'votivephp.rahulraj@gmail.com',	'rahul',	'solanki',	'942509544',	1,	'2022-07-11 10:19:53',	'2022-07-11 10:19:53'),
(61,	NULL,	225,	274,	NULL,	'votivetester.saurabh@gmail.com',	'srb',	'sahu',	'9874569874',	1,	'2022-07-11 10:44:16',	'2022-07-11 10:44:16'),
(62,	NULL,	227,	276,	NULL,	'pushpendrajha88@gmail.com',	'pushpendra',	'jha',	'97894563210',	1,	'2022-07-11 11:36:06',	'2022-07-11 11:36:06'),
(63,	NULL,	227,	276,	NULL,	'pushpendrajha88@gmail.com',	'Pushpendra',	'jha',	'9179004123',	1,	'2022-07-11 11:58:55',	'2022-07-11 11:58:55'),
(64,	NULL,	228,	277,	NULL,	'pushpendrajha88@gmail.com',	'Pushpendra',	'Jha',	'6616630938',	1,	'2022-07-11 12:08:32',	'2022-07-11 12:08:32'),
(65,	NULL,	82,	40,	NULL,	'votivetester.saurabh@gmail.com',	'srb',	'sahu',	'7485698258',	1,	'2022-07-11 12:09:09',	'2022-07-11 12:09:09'),
(66,	NULL,	100,	55,	NULL,	'votivetester.saurabh@gmail.com',	'saurabh',	'sahu',	'7485987458',	1,	'2022-07-11 12:15:02',	'2022-07-11 12:15:02'),
(67,	NULL,	118,	108,	NULL,	'pushpendrajha88@gmail.com',	'Pushpendra',	'techs',	'6616630938',	1,	'2022-07-11 12:17:24',	'2022-07-11 12:17:24'),
(68,	NULL,	108,	198,	NULL,	'pushpendrajha88@gmail.com',	'Pushpendra',	'Jha',	'6616630938',	1,	'2022-07-11 12:23:25',	'2022-07-11 12:23:25'),
(69,	NULL,	82,	40,	NULL,	'pushpendrajha88@gmail.com',	'Pushpendra',	'Jha',	'6616630938',	1,	'2022-07-11 12:33:23',	'2022-07-11 12:33:23'),
(70,	NULL,	82,	40,	NULL,	'pushpendrajha@gmail.com',	'Pushpendra',	'techs',	'09179004123',	1,	'2022-07-11 12:45:04',	'2022-07-11 12:45:04'),
(71,	NULL,	82,	40,	NULL,	'pushpendrajha88@gmail.com',	'Pushpendra',	'techs',	'6616630938',	1,	'2022-07-11 12:49:51',	'2022-07-11 12:49:51'),
(72,	NULL,	82,	40,	NULL,	'pushpendrajha88@gmail.com',	'Pushpendra',	'techs',	'6616630938',	1,	'2022-07-11 12:54:37',	'2022-07-11 12:54:37'),
(73,	NULL,	82,	40,	NULL,	'pushpendrajha88@gmail.com',	'Pushpendra',	'techs',	'6616630938',	1,	'2022-07-11 13:00:15',	'2022-07-11 13:00:16'),
(74,	NULL,	82,	136,	NULL,	'pushpendrajha88@gmail.com',	'Pushpendra',	'112',	'6616630938',	1,	'2022-07-11 13:04:04',	'2022-07-11 13:04:04'),
(75,	NULL,	95,	76,	NULL,	'pushpendrajha88@gmail.com',	'Pushpendra',	'techs',	'6616630938',	1,	'2022-07-11 13:10:36',	'2022-07-11 13:10:36'),
(76,	NULL,	95,	76,	NULL,	'pushpendrajha88@gmail.com',	'Pushpendra',	'techs',	'6616630938',	1,	'2022-07-11 13:15:31',	'2022-07-11 13:15:31'),
(77,	NULL,	228,	282,	NULL,	'votivephp.rahulraj@gmail.com',	'rahul',	'solanki',	'942509544',	1,	'2022-07-12 06:53:10',	'2022-07-12 06:53:10'),
(78,	NULL,	95,	84,	NULL,	'votivephp.rahulraj@gmail.com',	'rahul',	'solanki',	'942509544',	1,	'2022-07-12 06:57:13',	'2022-07-12 06:57:13'),
(79,	NULL,	108,	87,	NULL,	'pushpendrajha88@gmail.com',	'Pushpendra',	'Jha',	'6616630938',	1,	'2022-07-12 09:34:08',	'2022-07-12 09:34:08'),
(80,	NULL,	108,	87,	NULL,	'pushpendrajha@gmail.com',	'Pushpendra',	'techs',	'09179004123',	1,	'2022-07-12 09:41:42',	'2022-07-12 09:41:42'),
(81,	NULL,	118,	107,	NULL,	'pushpendrajha@gmail.com',	'Pushpendra',	'techs',	'09179004123',	1,	'2022-07-12 09:47:13',	'2022-07-12 09:47:13'),
(82,	NULL,	108,	87,	NULL,	'pushpendrajha88@gmail.com',	'Pushpendra',	'techs',	'6616630938',	1,	'2022-07-12 09:52:42',	'2022-07-12 09:52:42'),
(83,	NULL,	92,	39,	NULL,	'votivetester.saurabh@gmail.com',	'srb',	'sahu',	'9874562585',	1,	'2022-07-13 05:04:35',	'2022-07-13 05:04:35'),
(84,	NULL,	225,	274,	NULL,	'votivetester.saurabh@gmail.com',	'srb',	'sahu',	'7418529875',	1,	'2022-07-13 05:06:19',	'2022-07-13 05:06:19'),
(85,	NULL,	240,	299,	NULL,	'votivetester.saurabh@gmail.com',	'srb',	'sahu',	'9874125864',	1,	'2022-07-13 06:30:03',	'2022-07-13 06:30:03'),
(86,	NULL,	239,	301,	NULL,	'votivetester.saurabh@gmail.com',	'srb',	'SAHU',	'6958456985',	1,	'2022-07-13 08:48:54',	'2022-07-13 08:48:54'),
(87,	NULL,	239,	303,	NULL,	'votivetester.saurabh@gmail.com',	'srb',	'sahu',	'9874569874',	1,	'2022-07-13 09:41:43',	'2022-07-13 09:41:43'),
(88,	NULL,	239,	303,	NULL,	'votivetester.saurabh@gmail.com',	'srb',	'sahu',	'9874105879',	1,	'2022-07-13 12:46:20',	'2022-07-13 12:46:20'),
(89,	NULL,	239,	320,	NULL,	'votivetester.saurabh@gmail.com',	'srb',	'sahu',	'9874125698',	1,	'2022-07-14 06:00:36',	'2022-07-14 06:00:36'),
(90,	NULL,	239,	329,	NULL,	'votivetester.saurabh@gmail.com',	'srb',	'sahu',	'9874589694',	1,	'2022-07-14 09:09:52',	'2022-07-14 09:09:52'),
(91,	NULL,	148,	287,	NULL,	'votivetester.saurabh@gmail.com',	'srb',	'sahu',	'9874562584',	1,	'2022-07-15 05:59:00',	'2022-07-15 05:59:00'),
(92,	NULL,	148,	287,	NULL,	'votivetester.saurabh@gmail.com',	'srb',	'sahu',	'9874562584',	1,	'2022-07-15 05:59:02',	'2022-07-15 05:59:02'),
(93,	NULL,	92,	39,	NULL,	'votivetester.saurabh@gmail.com',	'srb',	'sahu',	'9874561475',	1,	'2022-07-16 05:30:22',	'2022-07-16 05:30:22'),
(94,	NULL,	226,	275,	NULL,	'votivetester.saurabh@gmail.com',	'saurabh',	'sahu',	'1472589874',	1,	'2022-07-16 09:37:47',	'2022-07-16 09:37:47'),
(95,	NULL,	95,	118,	NULL,	'votivetester.saurabh@gmail.com',	'saurabh',	'sahu',	'7898412536',	1,	'2022-07-19 04:58:54',	'2022-07-19 04:58:54'),
(96,	NULL,	281,	379,	NULL,	'votivetester.saurabh@gmail.com',	'saurabh',	'sahu',	'1245789858',	1,	'2022-07-19 05:19:21',	'2022-07-19 05:19:21'),
(97,	NULL,	281,	382,	NULL,	'votivetester.saurabh@gmail.com',	'srb',	'sahu',	'9887456598',	1,	'2022-07-19 05:31:13',	'2022-07-19 05:31:13'),
(98,	NULL,	281,	383,	NULL,	'votivetester.saurabh@gmail.com',	'saurabh',	'sahu',	'9874562584',	1,	'2022-07-19 05:32:41',	'2022-07-19 05:32:41'),
(99,	NULL,	100,	55,	NULL,	'votivetester.saurabh@gmail.com',	'saurabh',	'sahu',	'9874562584',	1,	'2022-07-19 05:38:36',	'2022-07-19 05:38:36'),
(100,	NULL,	104,	389,	NULL,	'votivetester.saurabh@gmail.com',	'srb',	'sahu',	'9874545869',	1,	'2022-07-19 08:49:11',	'2022-07-19 08:49:11'),
(101,	NULL,	281,	382,	NULL,	'votivetester.saurabh@gmail.com',	'srb',	'sahu',	'9874562584',	1,	'2022-07-20 05:23:23',	'2022-07-20 05:23:23'),
(102,	NULL,	92,	39,	NULL,	'votivetester.saurabh@gmail.com',	'srb',	'sahu',	'9874562584',	1,	'2022-07-22 05:29:05',	'2022-07-22 05:29:05'),
(103,	NULL,	281,	383,	NULL,	'votivetester.saurabh@gmail.com',	'srb',	'sahu',	'9874562584',	1,	'2022-07-22 10:55:36',	'2022-07-22 10:55:36'),
(104,	NULL,	281,	382,	NULL,	'votivetester.saurabh@gmail.com',	'srb',	'sahu',	'9874562584',	1,	'2022-07-25 07:24:27',	'2022-07-25 07:24:27'),
(105,	NULL,	302,	458,	NULL,	'votivephp.rahulraj@gmail.com',	'rahul',	'solanki',	'942509544',	1,	'2022-07-25 11:40:54',	'2022-07-25 11:40:54'),
(106,	NULL,	302,	458,	NULL,	'votivephp.rahulraj@gmail.com',	'rahul',	'solanki',	'942509544',	1,	'2022-07-25 11:40:55',	'2022-07-25 11:40:55'),
(107,	NULL,	281,	383,	NULL,	'votivetester.saurabh@gmail.com',	'srb',	'sahu',	'7412583698',	1,	'2022-07-26 08:29:11',	'2022-07-26 08:29:11'),
(108,	NULL,	281,	384,	NULL,	'votivetester.saurabh@gmail.com',	'srb',	'sahu',	'9874562584',	1,	'2022-07-26 10:03:05',	'2022-07-26 10:03:05'),
(109,	NULL,	281,	385,	NULL,	'votivetester.saurabh@gmail.com',	'srb',	'sahu',	'9874561475',	1,	'2022-07-26 10:07:58',	'2022-07-26 10:07:58'),
(110,	NULL,	281,	382,	NULL,	'votivetester.saurabh@gmail.com',	'srb',	'sahu',	'9874562584',	1,	'2022-07-27 06:14:41',	'2022-07-27 06:14:41'),
(111,	NULL,	327,	508,	NULL,	'votivetester.saurabh@gmail.com',	'srb',	'sahu',	'9874562584',	1,	'2022-07-27 09:03:40',	'2022-07-27 09:03:40'),
(112,	NULL,	281,	445,	NULL,	'votivetester.saurabh@gmail.com',	'srb',	'sahu',	'9874561478',	1,	'2022-07-27 09:08:52',	'2022-07-27 09:08:52'),
(113,	NULL,	92,	39,	NULL,	'votivephp.rahulraj@gmail.com',	'rahul',	'raj',	'24568790987',	1,	'2022-07-27 10:32:42',	'2022-07-27 10:32:42'),
(114,	NULL,	100,	199,	NULL,	'votiverahul.raj@gmail.com',	'Rahul',	'Raj',	'92345678890',	1,	'2022-07-27 10:47:23',	'2022-07-27 10:47:23'),
(115,	NULL,	92,	523,	NULL,	'votivetester.saurabh@gmail.com',	'srb',	'sahu',	'9874562587',	1,	'2022-07-28 05:29:24',	'2022-07-28 05:29:24'),
(116,	NULL,	92,	523,	NULL,	'votivetester.saurabh@gmail.com',	'saurabh',	'sahu',	'6547891478',	1,	'2022-07-28 06:55:40',	'2022-07-28 06:55:40'),
(117,	NULL,	281,	383,	NULL,	'votivetester.saurabh@gmail.com',	'srb',	'sahu',	'9874562587',	1,	'2022-07-28 10:29:47',	'2022-07-28 10:29:47'),
(118,	NULL,	92,	39,	NULL,	'votivetester.saurabh@gmail.com',	'saurabh',	'sahu',	'7412589874',	1,	'2022-07-29 07:20:36',	'2022-07-29 07:20:36'),
(119,	NULL,	NULL,	NULL,	54,	'pushpendrajha88@gmail.com',	'Pushpendra',	'Kha',	'7845454545',	1,	'2022-07-29 10:58:24',	'2022-07-29 10:58:24'),
(120,	NULL,	NULL,	NULL,	54,	'pushpendrajha88@gmail.com',	'Pushpendra',	'Kha',	'7845454545',	1,	'2022-07-29 10:59:26',	'2022-07-29 10:59:26'),
(121,	NULL,	311,	479,	NULL,	'ayesharoadnstay@gmail.com',	'Ayesha',	'Zahid',	'1234567890',	1,	'2022-07-29 12:05:18',	'2022-07-29 12:05:18'),
(122,	NULL,	NULL,	NULL,	52,	'votivetester.saurabh@gmail.com',	'saurabh',	'sahu',	'7412583698',	1,	'2022-07-29 12:49:14',	'2022-07-29 12:49:14'),
(123,	NULL,	92,	39,	NULL,	'votivetester.saurabh@gmail.com',	'saurabh',	'sahu',	'7412589874',	1,	'2022-07-29 13:01:01',	'2022-07-29 13:01:01'),
(124,	NULL,	NULL,	NULL,	51,	'votivetester.saurabh@gmail.com',	'srb',	'sahu',	'9874562584',	1,	'2022-07-29 13:03:41',	'2022-07-29 13:03:41');

DROP TABLE IF EXISTS `H1_Hotel_and_other_Stays`;
CREATE TABLE `H1_Hotel_and_other_Stays` (
  `id` int(11) NOT NULL AUTO_INCREMENT,
  `stay_type` varchar(255) COLLATE utf8_unicode_ci NOT NULL,
  `description` text COLLATE utf8_unicode_ci NOT NULL,
  `status` tinyint(2) NOT NULL DEFAULT '1',
  `created_at` datetime DEFAULT CURRENT_TIMESTAMP,
  `updated_at` timestamp NULL DEFAULT NULL,
  PRIMARY KEY (`id`)
) ENGINE=InnoDB DEFAULT CHARSET=utf8 COLLATE=utf8_unicode_ci;

INSERT INTO `H1_Hotel_and_other_Stays` (`id`, `stay_type`, `description`, `status`, `created_at`, `updated_at`) VALUES
(4,	'Homestay',	'A shared home where the guest has a private room and the host lives and is on site. Some facilities are shared between hosts and guests.',	1,	'2022-06-01 10:11:13',	NULL),
(5,	'Hostel',	'Budget accommodation with mostly dorm-style bedding and a social atmosphere',	1,	'2022-06-01 10:11:25',	NULL),
(6,	'Aparthotel',	'A self-catering apartment with some hotel facilities like a reception desk',	1,	'2022-06-01 10:11:36',	'2022-07-07 05:39:45'),
(7,	'Capsule',	'Extremely small units or capsules offering cheap and basic overnight accommodation',	1,	'2022-06-01 10:11:47',	'2022-07-26 09:28:22'),
(8,	'Country house',	'Private home with simple accommodation in the countryside',	1,	'2022-06-01 10:11:47',	NULL),
(9,	'Farm stay',	'Private farm with simple accommodation.',	1,	'2022-06-01 10:12:34',	'2022-06-02 10:43:59'),
(10,	'Inn',	'Small and basic accommodation with a rustic feel',	1,	'2022-06-01 10:12:43',	NULL),
(11,	'Motel',	'Roadside hotel usually for motorists, with direct access to parking and little to no amenities',	1,	'2022-06-01 10:13:04',	NULL),
(12,	'Resort',	'A place for relaxation with onsite restaurants, activities and often with a luxury feel.',	1,	'2022-06-01 10:13:38',	'2022-06-01 11:42:22'),
(21,	'Lodges',	'Private home with accommodation surrounded by nature, such as mountain or forest.',	1,	'2022-06-14 11:51:47',	'2022-07-19 13:28:28'),
(24,	'Cottage',	'Cottages are typically small homes built to look like old-fashioned homes.',	1,	'2022-06-17 06:21:33',	'2022-07-28 07:20:41'),
(92,	'Hotel',	'Accommodation for travellers often offering restaurants, meeting rooms and other guest services',	1,	'2022-07-28 10:42:14',	NULL),
(93,	'Guest house',	'Private home with separate living facilities for host and guest',	1,	'2022-07-28 10:42:32',	'2022-07-29 11:08:08');

DROP TABLE IF EXISTS `H2_Amenities`;
CREATE TABLE `H2_Amenities` (
  `amenity_id` int(11) NOT NULL AUTO_INCREMENT,
  `amenity_name` varchar(255) COLLATE utf8_unicode_ci NOT NULL,
  `amenity_icon` varchar(255) COLLATE utf8_unicode_ci DEFAULT NULL,
  `amenity_type` int(11) NOT NULL,
  `amenity_type_name` varchar(255) COLLATE utf8_unicode_ci DEFAULT NULL,
  `amenity_type_sym` varchar(255) COLLATE utf8_unicode_ci DEFAULT NULL,
  `order_by` varchar(255) COLLATE utf8_unicode_ci DEFAULT NULL,
  `status` tinyint(2) NOT NULL DEFAULT '1',
  `created_at` datetime NOT NULL DEFAULT CURRENT_TIMESTAMP,
  `updated_at` timestamp NULL DEFAULT NULL,
  PRIMARY KEY (`amenity_id`)
) ENGINE=InnoDB DEFAULT CHARSET=utf8 COLLATE=utf8_unicode_ci;

INSERT INTO `H2_Amenities` (`amenity_id`, `amenity_name`, `amenity_icon`, `amenity_type`, `amenity_type_name`, `amenity_type_sym`, `order_by`, `status`, `created_at`, `updated_at`) VALUES
(11,	'Dining table',	'',	4,	'Food & drink',	'Food_&_drink',	NULL,	1,	'2022-06-02 06:55:55',	NULL),
(12,	'Balcony',	'',	5,	'Outdoor and view',	'Outdoor_and_view',	NULL,	1,	'2022-06-02 06:56:13',	'2022-07-26 10:19:28'),
(13,	'Patio',	'',	5,	'Outdoor and view',	'Outdoor_and_view',	NULL,	1,	'2022-06-02 06:56:37',	NULL),
(14,	'Room is situated on the ground floor',	'',	6,	'Accessibility',	'Accessibility',	NULL,	1,	'2022-06-02 06:56:50',	NULL),
(15,	'Room is entirely wheelchair accessible',	'',	6,	'Accessibility',	'Accessibility',	NULL,	1,	'2022-06-02 06:58:23',	NULL),
(16,	'Baby safety gates',	'',	7,	'Entertainment and family services',	'Entertainment_and_family_services',	NULL,	1,	'2022-06-02 06:58:56',	NULL),
(17,	'Board games/puzzles',	'',	7,	'Entertainment and family services',	'Entertainment_and_family_services',	NULL,	1,	'2022-06-02 07:00:41',	NULL),
(19,	'Alarm clock',	'',	8,	'Services & extras',	'Services_&_extras',	NULL,	1,	'2022-06-02 07:11:13',	NULL),
(21,	'multiplex',	'',	7,	'Entertainment and family services',	'Entertainment_and_family_services',	NULL,	1,	'2022-06-03 07:22:51',	NULL),
(24,	'WI FI',	'<i class=\"bx bx-wifi\"></i>',	3,	'Media and Technology',	'Media_and_Technology',	NULL,	1,	'2022-06-04 05:34:22',	NULL),
(26,	'blutooth',	'',	3,	'Media and Technology',	'Media_and_Technology',	NULL,	1,	'2022-06-06 08:50:24',	NULL),
(27,	'cold',	'',	4,	'Food & drink',	'Food_&_drink',	NULL,	1,	'2022-06-09 12:39:43',	NULL),
(28,	'all out',	'',	1,	'Room Amenities',	'Room_Amenities',	NULL,	1,	'2022-06-10 05:22:32',	NULL),
(30,	'support',	'',	8,	'Services & extras',	'Services_&_extras',	NULL,	1,	'2022-06-10 12:46:55',	NULL),
(32,	'hairdryer',	'',	2,	'Bathroom',	'Bathroom',	NULL,	1,	'2022-06-13 05:21:39',	NULL),
(36,	'Drying rack for clothing',	'',	1,	'Room Amenities',	'Room_Amenities',	NULL,	1,	'2022-06-13 06:50:09',	NULL),
(37,	'Fold-up bed',	'',	1,	'Room Amenities',	'Room_Amenities',	NULL,	1,	'2022-06-13 06:50:50',	NULL),
(38,	'Sofa bed',	'',	1,	'Room Amenities',	'Room_Amenities',	NULL,	1,	'2022-06-13 06:51:27',	NULL),
(39,	'Air conditioning',	'',	1,	'Room Amenities',	'Room_Amenities',	NULL,	1,	'2022-06-13 06:52:03',	NULL),
(40,	'Wardrobe or closet',	'',	1,	'Room Amenities',	'Room_Amenities',	NULL,	1,	'2022-06-13 06:53:19',	NULL),
(41,	'Carpeted',	'',	1,	'Room Amenities',	'Room_Amenities',	NULL,	1,	'2022-06-13 06:53:59',	NULL),
(42,	'Dressing room',	'',	1,	'Room Amenities',	'Room_Amenities',	NULL,	1,	'2022-06-13 06:54:35',	NULL),
(43,	'Extra long beds (> 2 metres)',	'',	1,	'Room Amenities',	'Room_Amenities',	NULL,	1,	'2022-06-13 06:55:10',	NULL),
(44,	'Fan',	'',	1,	'Room Amenities',	'Room_Amenities',	NULL,	1,	'2022-06-13 06:56:23',	NULL),
(45,	'Fireplace',	'',	1,	'Room Amenities',	'Room_Amenities',	NULL,	1,	'2022-06-13 06:57:02',	NULL),
(46,	'Heating',	'',	1,	'Room Amenities',	'Room_Amenities',	NULL,	1,	'2022-06-13 06:57:42',	NULL),
(47,	'Interconnected room(s) available',	'',	1,	'Room Amenities',	'Room_Amenities',	NULL,	1,	'2022-06-13 06:58:16',	NULL),
(48,	'Iron',	'',	1,	'Room Amenities',	'Room_Amenities',	NULL,	1,	'2022-06-13 06:58:54',	NULL),
(49,	'Ironing facilities',	'',	1,	'Room Amenities',	'Room_Amenities',	NULL,	1,	'2022-06-13 06:59:23',	NULL),
(50,	'Mosquito net',	'',	1,	'Room Amenities',	'Room_Amenities',	NULL,	1,	'2022-06-13 07:00:08',	NULL),
(51,	'Safety deposit box',	'',	1,	'Room Amenities',	'Room_Amenities',	NULL,	1,	'2022-06-13 07:00:45',	NULL),
(52,	'Sofa',	'',	1,	'Room Amenities',	'Room_Amenities',	NULL,	1,	'2022-06-13 07:01:17',	NULL),
(53,	'Soundproofing',	'',	1,	'Room Amenities',	'Room_Amenities',	NULL,	1,	'2022-06-13 07:02:08',	NULL),
(54,	'Seating Area',	'',	1,	'Room Amenities',	'Room_Amenities',	NULL,	1,	'2022-06-13 07:02:47',	NULL),
(55,	'Tile/marble floor',	'',	1,	'Room Amenities',	'Room_Amenities',	NULL,	1,	'2022-06-13 07:03:20',	NULL),
(56,	'Pants press',	'',	1,	'Room Amenities',	'Room_Amenities',	NULL,	1,	'2022-06-13 07:03:58',	NULL),
(57,	'Hardwood or parquet floors',	'',	1,	'Room Amenities',	'Room_Amenities',	NULL,	1,	'2022-06-13 07:04:27',	NULL),
(58,	'Desk',	'',	1,	'Room Amenities',	'Room_Amenities',	NULL,	1,	'2022-06-13 07:05:06',	NULL),
(59,	'Hypoallergenic',	'',	1,	'Room Amenities',	'Room_Amenities',	NULL,	1,	'2022-06-13 07:05:36',	NULL),
(60,	'Cleaning products',	'',	1,	'Room Amenities',	'Room_Amenities',	NULL,	1,	'2022-06-13 07:06:07',	NULL),
(61,	'Electric blankets',	'',	1,	'Room Amenities',	'Room_Amenities',	NULL,	1,	'2022-06-13 07:06:32',	NULL),
(62,	'Private entrance',	'',	1,	'Room Amenities',	'Room_Amenities',	NULL,	1,	'2022-06-13 07:09:11',	NULL),
(63,	'Bath',	'',	2,	'Bathroom',	'Bathroom',	NULL,	1,	'2022-06-13 07:16:20',	NULL),
(64,	'Bidet',	'',	2,	'Bathroom',	'Bathroom',	NULL,	1,	'2022-06-13 07:16:44',	NULL),
(65,	'Bath or shower',	'',	2,	'Bathroom',	'Bathroom',	NULL,	1,	'2022-06-13 07:17:12',	NULL),
(66,	'Bathrobe',	'',	2,	'Bathroom',	'Bathroom',	NULL,	1,	'2022-06-13 07:17:42',	NULL),
(67,	'Private bathroom',	'',	2,	'Bathroom',	'Bathroom',	NULL,	1,	'2022-06-13 07:18:20',	NULL),
(68,	'Free toiletries',	'',	2,	'Bathroom',	'Bathroom',	NULL,	1,	'2022-06-13 07:18:55',	NULL),
(69,	'Spa bath',	'',	2,	'Bathroom',	'Bathroom',	NULL,	1,	'2022-06-13 07:19:53',	NULL),
(70,	'Shared bathroom',	'',	2,	'Bathroom',	'Bathroom',	NULL,	1,	'2022-06-13 07:20:23',	NULL),
(71,	'Shower',	'',	2,	'Bathroom',	'Bathroom',	NULL,	1,	'2022-06-13 07:20:56',	NULL),
(73,	'Slippers',	'',	2,	'Bathroom',	'Bathroom',	NULL,	1,	'2022-06-13 07:21:59',	NULL),
(74,	'Toilet',	'',	2,	'Bathroom',	'Bathroom',	NULL,	1,	'2022-06-13 07:22:21',	NULL),
(75,	'Books, DVDs, or music for children',	'',	7,	'Entertainment and family services',	'Entertainment_and_family_services',	NULL,	1,	'2022-06-13 07:25:45',	NULL),
(76,	'Child safety socket covers',	'',	7,	'Entertainment and family services',	'Entertainment_and_family_services',	NULL,	1,	'2022-06-13 07:26:19',	NULL),
(77,	'Wake-up service',	'',	8,	'Services & extras',	'Services_&_extras',	NULL,	1,	'2022-06-13 07:28:37',	NULL),
(78,	'Wake up service/Alarm clock',	'',	8,	'Services & extras',	'Services_&_extras',	NULL,	1,	'2022-06-13 07:28:53',	NULL),
(79,	'Linen',	'',	8,	'Services & extras',	'Services_&_extras',	NULL,	1,	'2022-06-13 07:29:07',	NULL),
(80,	'Towels',	'',	8,	'Services & extras',	'Services_&_extras',	NULL,	1,	'2022-06-13 07:29:22',	NULL),
(81,	'Towels/sheets (extra fee)',	'',	8,	'Services & extras',	'Services_&_extras',	NULL,	1,	'2022-06-13 07:29:40',	NULL),
(82,	'Game console',	'',	3,	'Media and Technology',	'Media_and_Technology',	NULL,	1,	'2022-06-13 08:13:26',	NULL),
(83,	'Game console  Nintendo Wii',	'',	3,	'Media and Technology',	'Media_and_Technology',	NULL,	1,	'2022-06-13 08:14:09',	NULL),
(85,	'Game console  PS2',	'',	3,	'Media and Technology',	'Media_and_Technology',	NULL,	1,	'2022-06-13 08:14:54',	NULL),
(86,	'Game console  PS3',	'',	3,	'Media and Technology',	'Media_and_Technology',	NULL,	1,	'2022-06-13 08:15:38',	NULL),
(87,	'Game console  Xbox 360',	'',	3,	'Media and Technology',	'Media_and_Technology',	NULL,	1,	'2022-06-13 08:16:11',	NULL),
(88,	'Laptop',	'',	3,	'Media and Technology',	'Media_and_Technology',	NULL,	1,	'2022-06-13 08:16:47',	NULL),
(89,	'iPad',	'',	3,	'Media and Technology',	'Media_and_Technology',	NULL,	1,	'2022-06-13 08:19:53',	NULL),
(90,	'Cable channels',	'',	3,	'Media and Technology',	'Media_and_Technology',	NULL,	1,	'2022-06-13 08:20:18',	NULL),
(91,	'CD player',	'',	3,	'Media and Technology',	'Media_and_Technology',	NULL,	1,	'2022-06-13 08:20:39',	NULL),
(92,	'DVD player',	'',	3,	'Media and Technology',	'Media_and_Technology',	NULL,	1,	'2022-06-13 08:20:56',	NULL),
(93,	'Fax',	'',	3,	'Media and Technology',	'Media_and_Technology',	NULL,	1,	'2022-06-13 08:21:26',	NULL),
(94,	'iPod dock',	'',	3,	'Media and Technology',	'Media_and_Technology',	NULL,	1,	'2022-06-13 08:21:51',	NULL),
(95,	'Laptop safe',	'',	3,	'Media and Technology',	'Media_and_Technology',	NULL,	1,	'2022-06-13 08:22:21',	NULL),
(96,	'Flat-screen TV',	'',	3,	'Media and Technology',	'Media_and_Technology',	NULL,	1,	'2022-06-13 08:22:49',	NULL),
(97,	'Pay-per-view channels',	'',	3,	'Media and Technology',	'Media_and_Technology',	NULL,	1,	'2022-06-13 08:23:14',	NULL),
(98,	'Radio',	'',	3,	'Media and Technology',	'Media_and_Technology',	NULL,	1,	'2022-06-13 08:23:41',	NULL),
(99,	'Satellite channels',	'',	3,	'Media and Technology',	'Media_and_Technology',	NULL,	1,	'2022-06-13 08:24:03',	NULL),
(100,	'Telephone',	'',	3,	'Media and Technology',	'Media_and_Technology',	NULL,	1,	'2022-06-13 08:24:32',	NULL),
(101,	'TV',	'',	3,	'Media and Technology',	'Media_and_Technology',	NULL,	1,	'2022-06-13 08:24:52',	NULL),
(102,	'Video',	'',	3,	'Media and Technology',	'Media_and_Technology',	NULL,	1,	'2022-06-13 08:25:07',	NULL),
(103,	'Video games',	'',	3,	'Media and Technology',	'Media_and_Technology',	NULL,	1,	'2022-06-13 08:25:26',	NULL),
(104,	'Blu-ray player',	'',	3,	'Media and Technology',	'Media_and_Technology',	NULL,	1,	'2022-06-13 08:25:53',	NULL),
(105,	'Barbecue',	'',	4,	'Food & drink',	'Food_&_drink',	NULL,	1,	'2022-06-13 08:27:02',	NULL),
(108,	'Toaster',	'',	4,	'Food & drink',	'Food_&_drink',	NULL,	1,	'2022-06-13 08:27:58',	NULL),
(109,	'Electric kettle',	'',	4,	'Food & drink',	'Food_&_drink',	NULL,	1,	'2022-06-13 08:28:26',	NULL),
(110,	'Outdoor dining area',	'',	4,	'Food & drink',	'Food_&_drink',	NULL,	1,	'2022-06-13 08:28:59',	NULL),
(111,	'Outdoor furniture',	'',	4,	'Food & drink',	'Food_&_drink',	NULL,	1,	'2022-06-13 08:29:24',	NULL),
(112,	'Minibar',	'',	4,	'Food & drink',	'Food_&_drink',	NULL,	1,	'2022-06-13 08:30:00',	NULL),
(113,	'Kitchenette',	'',	4,	'Food & drink',	'Food_&_drink',	NULL,	1,	'2022-06-13 08:30:30',	NULL),
(114,	'Kitchenware',	'',	4,	'Food & drink',	'Food_&_drink',	NULL,	1,	'2022-06-13 08:30:57',	NULL),
(115,	'Microwave',	'',	4,	'Food & drink',	'Food_&_drink',	NULL,	1,	'2022-06-13 08:31:20',	NULL),
(116,	'Refrigerator',	'',	4,	'Food & drink',	'Food_&_drink',	NULL,	1,	'2022-06-13 08:31:42',	NULL),
(117,	'Tea/Coffee maker',	'',	4,	'Food & drink',	'Food_&_drink',	NULL,	1,	'2022-06-13 08:32:05',	NULL),
(118,	'Coffee machine',	'',	4,	'Food & drink',	'Food_&_drink',	NULL,	1,	'2022-06-13 08:32:34',	NULL),
(119,	'Children\'s high chair',	'',	4,	'Food & drink',	'Food_&_drink',	NULL,	1,	'2022-06-13 08:32:49',	NULL),
(121,	'View',	'',	5,	'Outdoor and view',	'Outdoor_and_view',	NULL,	1,	'2022-06-13 08:33:52',	NULL),
(122,	'Terrace',	'',	5,	'Outdoor and view',	'Outdoor_and_view',	NULL,	1,	'2022-06-13 08:34:25',	NULL),
(123,	'City view',	'',	5,	'Outdoor and view',	'Outdoor_and_view',	NULL,	1,	'2022-06-13 08:34:43',	NULL),
(124,	'Garden view',	'',	5,	'Outdoor and view',	'Outdoor_and_view',	NULL,	1,	'2022-06-13 08:35:06',	NULL),
(125,	'Lake view',	'',	5,	'Outdoor and view',	'Outdoor_and_view',	NULL,	1,	'2022-06-13 08:35:32',	NULL),
(126,	'Landmark view',	'',	5,	'Outdoor and view',	'Outdoor_and_view',	NULL,	1,	'2022-06-13 08:35:59',	NULL),
(127,	'Mountain view',	'',	5,	'Outdoor and view',	'Outdoor_and_view',	NULL,	1,	'2022-06-13 08:36:15',	NULL),
(128,	'Pool view',	'',	5,	'Outdoor and view',	'Outdoor_and_view',	NULL,	1,	'2022-06-13 08:36:33',	NULL),
(129,	'River view',	'',	5,	'Outdoor and view',	'Outdoor_and_view',	NULL,	1,	'2022-06-13 08:36:52',	NULL),
(130,	'Sea view',	'',	5,	'Outdoor and view',	'Outdoor_and_view',	NULL,	1,	'2022-06-13 08:37:22',	NULL),
(131,	'Stovetop',	'',	4,	'Food & drink',	'Food_&_drink',	NULL,	1,	'2022-06-13 08:50:58',	NULL),
(132,	'Upper floors accessible by elevator',	'',	6,	'Accessibility',	'Accessibility',	NULL,	1,	'2022-06-13 08:55:53',	NULL),
(133,	'Upper floors accessible by stairs only',	'',	6,	'Accessibility',	'Accessibility',	NULL,	1,	'2022-06-13 08:56:12',	NULL),
(134,	'Toilet with grab rails',	'',	6,	'Accessibility',	'Accessibility',	NULL,	1,	'2022-06-13 08:56:29',	NULL),
(144,	'certain',	'',	1,	'Room Amenities',	'Room_Amenities',	NULL,	1,	'2022-06-15 06:22:34',	NULL),
(147,	'exhaust fan',	'',	1,	'Room Amenities',	'Room_Amenities',	NULL,	1,	'2022-06-15 12:16:55',	NULL),
(157,	'internet',	NULL,	6,	'Accessibility',	'Accessibility',	NULL,	1,	'2022-06-21 08:47:14',	NULL),
(159,	'fridge, kitchenware',	NULL,	30,	'kitchen facility',	'kitchen_facility',	NULL,	1,	'2022-06-21 10:49:00',	NULL),
(229,	'abba',	NULL,	6,	'Accessibility',	'Accessibility',	NULL,	1,	'2022-07-29 09:02:08',	'2022-07-29 09:02:41');

DROP TABLE IF EXISTS `H3_Services`;
CREATE TABLE `H3_Services` (
  `id` int(11) NOT NULL AUTO_INCREMENT,
  `service_name` varchar(255) COLLATE utf8_unicode_ci NOT NULL,
  `service_type_id` int(11) NOT NULL,
  `service_type_name` varchar(255) COLLATE utf8_unicode_ci NOT NULL,
  `service_type` varchar(255) COLLATE utf8_unicode_ci NOT NULL,
  `status` tinyint(2) NOT NULL DEFAULT '1',
  `created_at` datetime NOT NULL DEFAULT CURRENT_TIMESTAMP,
  `updated_at` timestamp NULL DEFAULT CURRENT_TIMESTAMP ON UPDATE CURRENT_TIMESTAMP,
  PRIMARY KEY (`id`)
) ENGINE=InnoDB DEFAULT CHARSET=utf8 COLLATE=utf8_unicode_ci;

INSERT INTO `H3_Services` (`id`, `service_name`, `service_type_id`, `service_type_name`, `service_type`, `status`, `created_at`, `updated_at`) VALUES
(1,	'Baby safety gates',	1,	'Entertainment_and_family_services',	'Entertainment_n_Family',	1,	'2022-06-02 05:17:06',	'2022-06-17 06:31:55'),
(2,	'Board games/puzzles',	1,	'Entertainment_and_family_services',	'Entertainment_n_Family',	1,	'2022-06-02 05:17:06',	'2022-06-17 06:31:59'),
(3,	'Books, DVDs, or music for children',	1,	'Entertainment_and_family_services',	'Entertainment_n_Family',	1,	'2022-06-02 05:17:06',	'2022-06-17 06:32:02'),
(4,	'Child safety socket covers',	1,	'Entertainment_and_family_services',	'Entertainment_n_Family',	1,	'2022-06-02 05:17:06',	'2022-06-17 06:32:06'),
(5,	'Executive lounge access',	2,	'Services_&_Extras',	'Services_n_Extras',	1,	'2022-06-02 05:18:46',	'2022-06-17 06:32:53'),
(6,	'Alarm clock',	2,	'Services_&_Extras',	'Services_n_Extras',	1,	'2022-06-02 05:18:46',	'2022-06-17 06:32:57'),
(7,	'Wake-up service',	2,	'Services_&_Extras',	'Services_n_Extras',	1,	'2022-06-02 05:18:46',	'2022-06-17 06:33:00'),
(8,	'Wake up service/Alarm clock',	2,	'Services_&_Extras',	'Services_n_Extras',	1,	'2022-06-02 05:18:46',	'2022-06-17 06:33:04'),
(9,	'Linen',	2,	'Services_&_Extras',	'Services_n_Extras',	1,	'2022-06-02 05:18:46',	'2022-06-17 06:33:08'),
(10,	'Towels',	2,	'Services_&_Extras',	'Services_n_Extras',	1,	'2022-06-02 05:18:46',	'2022-06-17 06:33:12'),
(11,	'Towels/sheets (extra fee) ',	2,	'Services_&_Extras',	'Services_n_Extras',	1,	'2022-06-02 05:18:46',	'2022-06-17 06:33:15');

DROP TABLE IF EXISTS `hotels`;
CREATE TABLE `hotels` (
  `hotel_id` int(11) NOT NULL AUTO_INCREMENT,
  `hotel_user_id` int(11) NOT NULL DEFAULT '0',
  `is_admin` int(11) NOT NULL DEFAULT '0' COMMENT '"1" =>Admin, "2"=>?, "3"=> Vendor',
  `hotel_name` varchar(255) COLLATE utf8_unicode_ci NOT NULL,
  `hotel_content` text COLLATE utf8_unicode_ci,
  `property_contact_name` varchar(255) COLLATE utf8_unicode_ci NOT NULL,
  `property_contact_num` varchar(255) COLLATE utf8_unicode_ci NOT NULL,
  `property_alternate_num` varchar(255) COLLATE utf8_unicode_ci DEFAULT NULL,
  `cat_listed_room_type` int(11) DEFAULT NULL,
  `where_property_listed` int(11) NOT NULL,
  `do_you_multiple_hotel` int(11) NOT NULL,
  `hotel_rating` int(11) NOT NULL,
  `user_rating` int(11) DEFAULT NULL,
  `scout_id` int(11) DEFAULT NULL,
  `checkin_time` varchar(255) COLLATE utf8_unicode_ci DEFAULT NULL,
  `checkout_time` varchar(255) COLLATE utf8_unicode_ci DEFAULT NULL,
  `min_day_before_book` varchar(255) COLLATE utf8_unicode_ci DEFAULT NULL,
  `min_day_stays` varchar(255) COLLATE utf8_unicode_ci DEFAULT NULL,
  `hotel_video` varchar(255) COLLATE utf8_unicode_ci DEFAULT NULL,
  `hotel_gallery` varchar(255) COLLATE utf8_unicode_ci DEFAULT NULL,
  `hotel_document` varchar(255) COLLATE utf8_unicode_ci DEFAULT NULL,
  `hotel_notes` text COLLATE utf8_unicode_ci,
  `booking_option` tinyint(2) DEFAULT '0',
  `payment_mode` tinyint(4) NOT NULL DEFAULT '0' COMMENT '"0" =>Pay at Desk, "1"=>Full Payment, "2"=> Partial Payment ',
  `hotel_address` varchar(255) COLLATE utf8_unicode_ci DEFAULT NULL,
  `hotel_latitude` varchar(255) COLLATE utf8_unicode_ci DEFAULT NULL,
  `hotel_longitude` varchar(255) COLLATE utf8_unicode_ci DEFAULT NULL,
  `hotel_city` varchar(255) COLLATE utf8_unicode_ci DEFAULT NULL,
  `neighb_area` varchar(255) COLLATE utf8_unicode_ci DEFAULT NULL,
  `hotel_country` varchar(255) COLLATE utf8_unicode_ci DEFAULT NULL,
  `attraction_name` varchar(255) COLLATE utf8_unicode_ci DEFAULT NULL,
  `attraction_content` text COLLATE utf8_unicode_ci,
  `attraction_distance` varchar(255) COLLATE utf8_unicode_ci DEFAULT NULL,
  `attraction_type` varchar(255) COLLATE utf8_unicode_ci DEFAULT NULL,
  `stay_price` int(55) DEFAULT NULL,
  `extra_price_name` varchar(255) COLLATE utf8_unicode_ci DEFAULT NULL,
  `extra_price` varchar(255) COLLATE utf8_unicode_ci DEFAULT NULL,
  `extra_price_type` varchar(255) COLLATE utf8_unicode_ci DEFAULT NULL,
  `service_fee_name` varchar(255) COLLATE utf8_unicode_ci DEFAULT NULL,
  `service_fee` varchar(255) COLLATE utf8_unicode_ci DEFAULT NULL,
  `service_fee_type` varchar(255) COLLATE utf8_unicode_ci DEFAULT NULL,
  `property_type` varchar(255) COLLATE utf8_unicode_ci DEFAULT NULL,
  `parking_option` tinyint(4) NOT NULL DEFAULT '0' COMMENT '"0" =>No Parking, "1"=>Free Parking, "2"=> Paid Parking ',
  `parking_price` int(11) DEFAULT '0',
  `payment_interval` varchar(255) CHARACTER SET utf8 NOT NULL DEFAULT '0',
  `parking_reserv_need` tinyint(4) NOT NULL DEFAULT '0',
  `parking_locate` tinyint(4) NOT NULL DEFAULT '0',
  `parking_type` tinyint(4) NOT NULL DEFAULT '0',
  `breakfast_availability` tinyint(4) NOT NULL DEFAULT '0',
  `breakfast_price_inclusion` tinyint(4) NOT NULL DEFAULT '0',
  `breakfast_cost` varchar(100) CHARACTER SET utf8 DEFAULT NULL,
  `breakfast_type` varchar(100) CHARACTER SET utf8 DEFAULT NULL,
  `hotel_status` tinyint(4) NOT NULL DEFAULT '1',
  `created_at` datetime NOT NULL DEFAULT CURRENT_TIMESTAMP,
  `updated_at` timestamp NULL DEFAULT CURRENT_TIMESTAMP,
  PRIMARY KEY (`hotel_id`)
) ENGINE=InnoDB DEFAULT CHARSET=utf8 COLLATE=utf8_unicode_ci;

INSERT INTO `hotels` (`hotel_id`, `hotel_user_id`, `is_admin`, `hotel_name`, `hotel_content`, `property_contact_name`, `property_contact_num`, `property_alternate_num`, `cat_listed_room_type`, `where_property_listed`, `do_you_multiple_hotel`, `hotel_rating`, `user_rating`, `scout_id`, `checkin_time`, `checkout_time`, `min_day_before_book`, `min_day_stays`, `hotel_video`, `hotel_gallery`, `hotel_document`, `hotel_notes`, `booking_option`, `payment_mode`, `hotel_address`, `hotel_latitude`, `hotel_longitude`, `hotel_city`, `neighb_area`, `hotel_country`, `attraction_name`, `attraction_content`, `attraction_distance`, `attraction_type`, `stay_price`, `extra_price_name`, `extra_price`, `extra_price_type`, `service_fee_name`, `service_fee`, `service_fee_type`, `property_type`, `parking_option`, `parking_price`, `payment_interval`, `parking_reserv_need`, `parking_locate`, `parking_type`, `breakfast_availability`, `breakfast_price_inclusion`, `breakfast_cost`, `breakfast_type`, `hotel_status`, `created_at`, `updated_at`) VALUES
(78,	336,	3,	'La Eagle Inn',	'dgsdfsdf',	'Swayam',	'09425095449',	NULL,	1,	0,	0,	4,	3,	557,	'5:36 PM',	'5:36 AM',	'5',	'15',	'',	'g1-hotelMainImg-1656490697-hotelMainImg-1656759613.png',	'',	'sdfsdf',	2,	0,	'Ridhi Sidhi Circle, Surya Nagar, Gopal Pura Mode, Jaipur, Rajasthan',	'26.8736687',	'75.7765434',	'Jaipur',	'Surya Nagar',	'99',	NULL,	NULL,	'5KM',	NULL,	10000,	NULL,	NULL,	NULL,	NULL,	NULL,	NULL,	'6',	2,	50,	'0',	1,	1,	1,	1,	1,	'300',	'null',	1,	'2022-06-14 12:08:24',	'2022-07-22 12:52:25'),
(80,	336,	3,	'Jumeirah Zabeel Saray',	'adasd',	'Swayam',	'09425095449',	NULL,	2,	1,	0,	5,	5,	557,	'12:21 PM',	'12:21 AM',	'5',	'15',	'',	'1655375999_hotel-sign-stars-3d-illustration-260nw-195879770-hotelMainImg-1656758925.jpg',	'',	'sdfsd',	1,	0,	'Ujjain Junction, Malipura, Ujjain, Madhya Pradesh, India',	'23.17837',	'75.78008',	'Ujjain',	'Ujjain',	'99',	'Swayam',	'ashdfkjh',	'sdkfsd',	'sdfsdf',	10000,	NULL,	NULL,	NULL,	NULL,	NULL,	NULL,	'2',	2,	100,	'0',	1,	1,	1,	1,	1,	'300',	'null',	1,	'2022-06-15 06:53:03',	'2022-07-11 05:13:38'),
(90,	1,	1,	'wow',	'Well-appointed rooms, multiple dining spots, an exclusive spa, an infinity pool and bespoke experiences await you for a delightful stay at this luxurious property.',	'kiran kumar ji',	'9874859878',	NULL,	1,	0,	0,	3,	4,	557,	'6:00 AM',	'11:55 PM',	'1',	'2',	'',	'h2-hotelMainImg-1656759569.jpg',	'',	'Passport, Aadhar and Driving License are accepted as ID proof(s)',	1,	0,	'Pakistan Chowk, Saddar New Chali, Karachi, Pakistan',	'24.8539874',	'67.0124112',	'Karachi City',	'New Chali',	'99',	NULL,	NULL,	NULL,	NULL,	5000,	NULL,	NULL,	NULL,	NULL,	NULL,	NULL,	'1',	0,	NULL,	'0',	0,	0,	0,	0,	0,	NULL,	'null',	1,	'2022-06-16 09:39:10',	'2022-07-02 10:59:29'),
(92,	1,	1,	'jardin',	'Provides excellent service and takes care of guest so that they face no issue and are always happy with the hotel\'s service. This hotel is situated at an excellent location wherein one can spend his / her time in the hotel in the best possible manner that they desire. The hotel does complete justice to star category allotted to it. They try their optimum to maximize the pleasure the guests while they stay at this property.',	'Prateek singh',	'9879857485',	NULL,	1,	0,	0,	2,	2,	557,	'12:00 PM',	'10:00 AM',	'1',	'1',	'',	'pexels-amar-saleem-70441-hotelMainImg-1656746405-hotelMainImg-1656759104.jpg',	'',	'Pets are not allowed.',	1,	0,	'Nipania Road, Goyal Avenue, Nipania, Indore, Madhya Pradesh, India',	'22.7634714',	'75.93006969999999',	'Indore',	'Goyal Avenue',	'99',	NULL,	NULL,	NULL,	NULL,	5000,	NULL,	NULL,	NULL,	NULL,	NULL,	NULL,	'4',	0,	NULL,	'0',	0,	0,	0,	0,	0,	NULL,	'null',	1,	'2022-06-16 10:39:59',	'2022-07-22 12:52:11'),
(93,	1,	1,	'Test Hotel',	'Test Hotel',	'Test Name',	'95798087644',	'54686348494',	1,	0,	0,	2,	3,	557,	'4:08 PM',	'10:08 PM',	'1',	'3',	'',	'1-1654321705-hotelMainImg-1656759474.png',	'',	'Demo Test',	2,	0,	'Scheme No. 54, Side Walking Rd, Vijay Nagar, Indore, Madhya Pradesh, India',	'24.5566',	'95.6666',	'Indore',	'Regal Square Central IT Mall Nest',	'99',	'Test',	'Test',	'5',	'Test Type',	20000,	NULL,	NULL,	NULL,	NULL,	NULL,	NULL,	'1',	1,	NULL,	'0',	0,	0,	0,	1,	1,	'567',	'null',	1,	'2022-06-16 11:10:23',	'2022-07-02 10:57:54'),
(95,	336,	3,	'Burj Al Arab',	'sfsdf',	'Swayam',	'09425095449',	NULL,	NULL,	1,	1,	4,	5,	557,	'12:34 AM',	'12:34 PM',	'5',	'15',	'',	'88XBoal3Zl-hotelMainImg-1657375131.jpg',	'',	'sdfsdf',	1,	0,	'Rajendra Nagar',	'22.6709179',	'75.8275244',	'Bhopal',	NULL,	'99',	NULL,	NULL,	NULL,	NULL,	10000,	NULL,	NULL,	NULL,	NULL,	NULL,	NULL,	'24',	0,	NULL,	'0',	0,	0,	0,	0,	0,	NULL,	'null',	1,	'2022-06-17 07:05:06',	'2022-07-29 07:24:09'),
(100,	1,	1,	'B & B',	'All amenities are available in region able range and awesome service provide',	'Deelip kumar',	'7879456574',	'7879214565',	1,	0,	0,	1,	3,	557,	'6:00 AM',	'11:44 PM',	'2',	'1',	'',	'3-hotelMainImg-1656594224-hotelMainImg-1656759310.png',	'',	'less than 18 are not allowed',	1,	0,	'Pardesipura, Indore, Madhya Pradesh, India',	'22.746148',	'75.86820349999999',	'Indore',	'Pardesipura',	'99',	NULL,	NULL,	NULL,	NULL,	3000,	NULL,	NULL,	NULL,	NULL,	NULL,	NULL,	'1',	0,	NULL,	'0',	0,	0,	0,	0,	0,	NULL,	'null',	1,	'2022-06-17 13:17:46',	'2022-07-02 10:55:10'),
(104,	550,	3,	'Yash',	'Choose to dine at the hotel\'s 9 dining venues including a discotheque and a play area featuring virtual gaming and a bowling alley.',	'kumar',	'7898451285',	NULL,	1,	0,	0,	2,	4,	557,	'10:46 AM',	'11:46 PM',	'2',	'3',	'',	'1655114518_destinations_garzon-hotelMainImg-1656759268.jpg',	'',	'Smoking within the premises is not allowed',	1,	0,	'Mahalaxmi Nagar, Indore, Madhya Pradesh, India',	'22.7590156',	'75.9129349',	'Indore',	'Mahalaxmi Nagar',	'99',	NULL,	NULL,	NULL,	NULL,	1000,	NULL,	NULL,	NULL,	NULL,	NULL,	NULL,	'1',	0,	NULL,	'0',	0,	0,	0,	0,	0,	NULL,	'null',	1,	'2022-06-21 05:18:07',	'2022-07-02 10:54:28'),
(108,	1,	1,	'om',	'Enjoy captivating views of the sea from the comfort of your room. Take a refreshing swim in the crystal-clear swimming pool offering stunning views of the beach.',	'nitesh',	'7898524569',	'9874859685',	1,	0,	0,	1,	5,	557,	'10:00 AM',	'11:55 PM',	'1',	'2',	'',	'h7-hotelMainImg-1656759220.jpg',	'',	'Bachelors allowed',	2,	0,	'Palasia, Indore, Madhya Pradesh, India',	'22.724355',	'75.8838944',	'Indore',	'New Palasia',	'99',	NULL,	NULL,	NULL,	NULL,	8000,	NULL,	NULL,	NULL,	NULL,	NULL,	NULL,	'1',	0,	NULL,	'0',	0,	0,	0,	0,	0,	NULL,	'null',	1,	'2022-06-22 08:59:49',	'2022-07-02 10:53:40'),
(117,	1,	1,	'laxmi',	'eeeeerrrrrtttttttt',	'mahesh',	'9852369874',	NULL,	1,	0,	0,	1,	4,	557,	'10:00 AM',	'10:00 PM',	'5',	'2',	'',	'img-9-hotelMainImg-1656681053-hotelMainImg-1656759441.jpg',	'',	'yhedthjfsdsdjjdglds',	1,	0,	'Vijaynagar, Gujarat, India',	'24.0055909',	'73.3605539',	'Sabarkatha',	'Vijaynagar',	'99',	NULL,	NULL,	NULL,	NULL,	1000,	NULL,	NULL,	NULL,	NULL,	NULL,	NULL,	'10',	0,	NULL,	'0',	0,	0,	0,	0,	0,	NULL,	'null',	1,	'2022-06-24 04:40:04',	'2022-07-22 12:50:59'),
(118,	1,	1,	'Lemon Tree',	'Host memorable corporate events, workshops and training sessions at the Summit meeting halls. Tested at the time of call on 24 june',	'naina',	'7485961258',	NULL,	1,	0,	0,	5,	3,	557,	'10:00 AM',	'11:55 PM',	'2',	'1',	'',	'a3-hotelMainImg-1656758594.png',	'',	'Passport, Aadhar and Driving License are accepted as ID proof(s) Quarantine protocols are being followed as per local government authorities Guests below 18 years of age are not allowed at the property.',	1,	2,	'Shreevardhan Complex, Rabindranath Tagore Marg, South Tukoganj, Indore, Madhya Pradesh, India',	'22.7178592',	'75.873064',	'Indore',	'South Tukoganj',	'99',	NULL,	NULL,	NULL,	NULL,	12000,	NULL,	NULL,	NULL,	NULL,	NULL,	NULL,	'1',	0,	NULL,	'0',	0,	0,	0,	0,	0,	NULL,	'null',	1,	'2022-06-24 05:40:07',	'2022-07-02 10:46:15'),
(148,	1,	1,	'Al Arab',	'sdfsd',	'Swayam',	'09425095449',	NULL,	1,	0,	0,	2,	2,	557,	'12:22 PM',	'12:22 AM',	'5',	'15',	'',	'1655115539_photo1-hotelMainImg-1656758833.png',	'',	NULL,	2,	0,	'Shreevardhan Complex, Rabindranath Tagore Marg, South Tukoganj, Indore, Madhya Pradesh, India',	'22.7178592',	'75.873064',	'Indore',	'South Tukoganj',	'99',	NULL,	NULL,	NULL,	NULL,	10000,	NULL,	NULL,	NULL,	NULL,	NULL,	NULL,	'1',	0,	NULL,	'0',	0,	0,	0,	0,	0,	NULL,	'null',	1,	'2022-06-29 06:54:33',	'2022-07-02 10:47:13'),
(226,	1,	1,	'VotiveTest6',	'content',	'manish',	'9874562584',	NULL,	1,	0,	0,	3,	NULL,	557,	'6:00 AM',	'6:00 PM',	'1',	'1',	'',	'pexels-amar-saleem-70441-hotelMainImg-1657521476.jpg',	'',	'notes',	2,	1,	'RNT Marg, Murai Mohalla, Chhawni, Indore, Madhya Pradesh, India',	'22.7097071',	'75.87578169999999',	'Indore',	'Murai Mohalla',	'99',	NULL,	NULL,	NULL,	NULL,	17000,	NULL,	NULL,	NULL,	NULL,	NULL,	NULL,	'1',	0,	NULL,	'0',	0,	0,	0,	0,	0,	NULL,	'null',	1,	'2022-07-11 06:37:56',	'2022-07-11 06:37:56'),
(228,	1,	1,	'votive test 5 Hotel',	'Hotel Content',	'Jhon Dow (Property Owner)',	'09421005449',	NULL,	24,	0,	0,	3,	NULL,	557,	'12:50 PM',	'12:50 AM',	'5',	'1',	'',	'1655197167_1655115539_photo1-hotelMainImg-1657524164.png',	'',	NULL,	1,	1,	'Scheme No. 54, Side Walking Rd, Vijay Nagar, Indore, Madhya Pradesh, India',	'22.7518806',	'75.8929619',	'Indore',	'Vijay Nagar',	'99',	NULL,	NULL,	NULL,	NULL,	20000,	NULL,	NULL,	NULL,	NULL,	NULL,	NULL,	'24',	1,	NULL,	'0',	1,	1,	1,	1,	0,	NULL,	'null',	1,	'2022-07-11 07:22:44',	'2022-07-22 12:50:45'),
(281,	877,	3,	'Tesla',	'content',	'mahesh',	'9452534547',	NULL,	NULL,	0,	0,	2,	NULL,	557,	'3:01 AM',	'3:01 PM',	'1',	'1',	'',	'pexels-pixabay-261395-hotelMainImg-1657963923.jpg',	'',	'notes',	2,	0,	'Indore, Madhya Pradesh, India',	'22.7195687',	'75.8577258',	'Indore',	'Indore',	'99',	NULL,	NULL,	NULL,	NULL,	22000,	NULL,	NULL,	NULL,	NULL,	NULL,	NULL,	'21',	0,	NULL,	'0',	0,	0,	0,	0,	0,	NULL,	'null',	1,	'2022-07-16 09:32:03',	'2022-07-29 10:56:41'),
(284,	1,	1,	'test4',	'content',	'ramesh',	'9874562584',	NULL,	1,	0,	0,	2,	NULL,	557,	'12:06 AM',	'12:06 PM',	'1',	'1',	'',	'pexels-pixabay-261395-hotelMainImg-1658212623.jpg',	'',	'policy',	2,	1,	'RNT Road, Harinavi, Kolkata, West Bengal, India',	'22.4152747',	'88.4196812',	'Kolkata',	'Rajpur Sonarpur',	'99',	NULL,	NULL,	NULL,	NULL,	1000,	NULL,	NULL,	NULL,	NULL,	NULL,	NULL,	'12',	0,	NULL,	'0',	0,	0,	0,	0,	0,	NULL,	'null',	1,	'2022-07-19 06:37:03',	'2022-07-28 04:46:41'),
(306,	1,	1,	'abcHotel',	'qwerty',	'Ayesha Zahid',	'0123456789',	NULL,	3,	0,	0,	3,	NULL,	557,	'6:04 PM',	'10:55 PM',	'1',	'2',	'',	'pexels-donald-tong-189296-hotelMainImg-1658759461.jpg',	'pexels-pixabay-271639-1658759461.jpg',	'dasdf',	1,	1,	'Liberty Market',	NULL,	NULL,	'lahore',	'liberty choke',	'162',	NULL,	NULL,	NULL,	NULL,	2500,	NULL,	NULL,	NULL,	NULL,	NULL,	NULL,	'3',	2,	200,	'1',	0,	1,	1,	0,	0,	NULL,	'null',	1,	'2022-07-25 14:31:01',	'2022-07-25 14:31:01'),
(309,	1,	1,	'Hotel Greenland-Kalam',	'This is a Hotel in Kalam',	'Ayesha Zahid',	'0123456789',	NULL,	3,	1,	0,	3,	NULL,	557,	'12:26 PM',	'1:26 PM',	'1',	'2',	'',	'pexels-donald-tong-189296-hotelMainImg-1658821095.jpg',	'allscreen-1658821095.pdf',	'This is our policy',	2,	0,	'liberty',	NULL,	NULL,	'lahore',	'liberty choke',	'162',	NULL,	NULL,	NULL,	NULL,	2500,	NULL,	NULL,	NULL,	NULL,	NULL,	NULL,	'3',	0,	NULL,	'0',	0,	0,	0,	1,	0,	NULL,	'[\"4\"]',	1,	'2022-07-26 07:38:15',	'2022-07-26 07:38:15'),
(311,	1,	1,	'Hotel Greenland',	'This is the best place to enjoy your vacations',	'Ayesha Zahid',	'0123456789',	NULL,	3,	0,	0,	3,	NULL,	557,	'1:40 PM',	'10:40 PM',	'1',	'2',	'',	'pexels-pixabay-258154-hotelMainImg-1658825446.jpg',	'allscreen-1658825446.pdf',	'This is our policy',	1,	0,	'Liberty Market Gulberg III, Lahore, Pakistan',	'31.5105829',	'74.34445079999999',	'Lahore',	'Gulberg III',	'162',	'Minar e Pakistan',	'Historical Place',	NULL,	NULL,	2500,	NULL,	NULL,	NULL,	NULL,	NULL,	NULL,	'3',	2,	200,	'0',	0,	0,	1,	1,	0,	NULL,	'[\"4\"]',	1,	'2022-07-26 08:50:46',	'2022-07-26 08:50:46'),
(320,	934,	3,	'Zone_hotel',	'this is a test property',	'Ayesha',	'0123456789',	NULL,	NULL,	0,	1,	4,	NULL,	557,	'7:16 PM',	'11:55 AM',	'1',	'2',	'Video Of Hotel Lounge-1658845465.mp4',	'pexels-pixabay-271624-hotelMainImg-1658845465.jpg',	'allscreen-1658845465.pdf',	'notes for the hotel',	1,	2,	'Liberty Market Gulberg III, Lahore, Pakistan',	'31.5105829',	'74.34445079999999',	'Lahore',	'Gulberg III',	'162',	NULL,	NULL,	NULL,	NULL,	1500,	NULL,	NULL,	NULL,	NULL,	NULL,	NULL,	'4',	2,	200,	'1',	1,	1,	1,	1,	0,	NULL,	'null',	1,	'2022-07-26 14:24:25',	'2022-07-26 14:24:25'),
(321,	1,	1,	'land_hotel',	'this is the test property',	'Ayesha Zahid',	'0789456123',	NULL,	NULL,	0,	1,	4,	NULL,	557,	'11:36 PM',	'1:36 AM',	'1',	'3',	'',	'pexels-pixabay-164595-hotelMainImg-1658853685.jpg',	'',	'this is policy of our hotel',	1,	0,	'Liberty Chowk, Commercial Area Gulberg III, Lahore, Pakistan',	'31.5106497',	'74.34073769999999',	'Lahore',	'Gulberg III',	'162',	NULL,	NULL,	NULL,	NULL,	1500,	NULL,	NULL,	NULL,	NULL,	NULL,	NULL,	'4',	2,	200,	'0',	0,	1,	1,	1,	0,	NULL,	'null',	1,	'2022-07-26 16:41:25',	'2022-07-27 06:52:52'),
(330,	1,	1,	'testing_hotel',	'testing the property',	'Ayesha',	'05214788632',	NULL,	NULL,	1,	1,	4,	NULL,	557,	'8:38 PM',	'11:38 AM',	'1',	'2',	'',	'pexels-pixabay-164595-hotelMainImg-1658915202.jpg',	'',	'this is our policy',	1,	2,	'Liberty Chowk, Commercial Area Gulberg III, Lahore, Pakistan',	'31.5106497',	'74.34073769999999',	'Lahore',	'Gulberg III',	'162',	NULL,	NULL,	NULL,	NULL,	1500,	NULL,	NULL,	NULL,	NULL,	NULL,	NULL,	'92',	0,	NULL,	'0',	0,	0,	0,	0,	0,	NULL,	'null',	1,	'2022-07-27 09:46:42',	'2022-07-28 11:29:10'),
(331,	934,	3,	'kalam_hotel',	'this is a test property',	'Ayesha',	'02158649826',	NULL,	NULL,	1,	1,	4,	NULL,	557,	'3:03 PM',	'11:03 AM',	'1',	'2',	'',	'pexels-pixabay-258154-hotelMainImg-1658916468.jpg',	'',	'consider our notes please',	1,	2,	'Minar-e-Pakistan, Circular Road, Walled City of Lahore, Lahore, Pakistan',	'31.5925148',	'74.309485',	'Lahore',	'Walled City of Lahore',	'162',	NULL,	NULL,	NULL,	NULL,	2000,	NULL,	NULL,	NULL,	NULL,	NULL,	NULL,	'92',	0,	NULL,	'0',	0,	0,	0,	0,	0,	NULL,	'null',	1,	'2022-07-27 10:07:48',	'2022-07-28 10:53:18');

DROP TABLE IF EXISTS `hotel_amenities`;
CREATE TABLE `hotel_amenities` (
  `id` int(11) NOT NULL AUTO_INCREMENT,
  `hotel_id` int(11) NOT NULL,
  `amenity_id` int(11) NOT NULL,
  `status` int(11) NOT NULL,
  `created_at` datetime NOT NULL,
  `updated_at` timestamp NOT NULL DEFAULT CURRENT_TIMESTAMP ON UPDATE CURRENT_TIMESTAMP,
  PRIMARY KEY (`id`)
) ENGINE=InnoDB DEFAULT CHARSET=utf8 COLLATE=utf8_unicode_ci;

INSERT INTO `hotel_amenities` (`id`, `hotel_id`, `amenity_id`, `status`, `created_at`, `updated_at`) VALUES
(1349,	118,	37,	1,	'2022-07-02 10:46:15',	'2022-07-02 10:46:15'),
(1350,	118,	32,	1,	'2022-07-02 10:46:15',	'2022-07-02 10:46:15'),
(1351,	118,	65,	1,	'2022-07-02 10:46:15',	'2022-07-02 10:46:15'),
(1352,	118,	26,	1,	'2022-07-02 10:46:15',	'2022-07-02 10:46:15'),
(1353,	118,	10,	1,	'2022-07-02 10:46:15',	'2022-07-02 10:46:15'),
(1354,	118,	11,	1,	'2022-07-02 10:46:15',	'2022-07-02 10:46:15'),
(1355,	118,	105,	1,	'2022-07-02 10:46:15',	'2022-07-02 10:46:15'),
(1356,	118,	122,	1,	'2022-07-02 10:46:15',	'2022-07-02 10:46:15'),
(1357,	118,	15,	1,	'2022-07-02 10:46:15',	'2022-07-02 10:46:15'),
(1358,	118,	17,	1,	'2022-07-02 10:46:15',	'2022-07-02 10:46:15'),
(1359,	118,	19,	1,	'2022-07-02 10:46:15',	'2022-07-02 10:46:15'),
(1360,	118,	151,	1,	'2022-07-02 10:46:15',	'2022-07-02 10:46:15'),
(1364,	108,	28,	1,	'2022-07-02 10:53:40',	'2022-07-02 10:53:40'),
(1365,	108,	23,	1,	'2022-07-02 10:53:40',	'2022-07-02 10:53:40'),
(1366,	108,	26,	1,	'2022-07-02 10:53:40',	'2022-07-02 10:53:40'),
(1367,	108,	105,	1,	'2022-07-02 10:53:40',	'2022-07-02 10:53:40'),
(1368,	108,	123,	1,	'2022-07-02 10:53:40',	'2022-07-02 10:53:40'),
(1369,	108,	15,	1,	'2022-07-02 10:53:40',	'2022-07-02 10:53:40'),
(1370,	108,	17,	1,	'2022-07-02 10:53:40',	'2022-07-02 10:53:40'),
(1371,	108,	30,	1,	'2022-07-02 10:53:40',	'2022-07-02 10:53:40'),
(1372,	108,	151,	1,	'2022-07-02 10:53:40',	'2022-07-02 10:53:40'),
(1373,	100,	36,	1,	'2022-07-02 10:55:10',	'2022-07-02 10:55:10'),
(1374,	100,	63,	1,	'2022-07-02 10:55:10',	'2022-07-02 10:55:10'),
(1375,	100,	83,	1,	'2022-07-02 10:55:10',	'2022-07-02 10:55:10'),
(1376,	100,	108,	1,	'2022-07-02 10:55:10',	'2022-07-02 10:55:10'),
(1377,	100,	123,	1,	'2022-07-02 10:55:10',	'2022-07-02 10:55:10'),
(1378,	100,	132,	1,	'2022-07-02 10:55:10',	'2022-07-02 10:55:10'),
(1379,	100,	75,	1,	'2022-07-02 10:55:10',	'2022-07-02 10:55:10'),
(1380,	100,	78,	1,	'2022-07-02 10:55:10',	'2022-07-02 10:55:10'),
(2664,	228,	36,	1,	'2022-07-22 12:50:45',	'2022-07-22 12:50:45'),
(2665,	228,	62,	1,	'2022-07-22 12:50:45',	'2022-07-22 12:50:45'),
(2666,	228,	144,	1,	'2022-07-22 12:50:45',	'2022-07-22 12:50:45'),
(2667,	228,	23,	1,	'2022-07-22 12:50:45',	'2022-07-22 12:50:45'),
(2668,	228,	74,	1,	'2022-07-22 12:50:45',	'2022-07-22 12:50:45'),
(2669,	228,	105,	1,	'2022-07-22 12:50:45',	'2022-07-22 12:50:45'),
(2670,	228,	119,	1,	'2022-07-22 12:50:45',	'2022-07-22 12:50:45'),
(2671,	228,	121,	1,	'2022-07-22 12:50:45',	'2022-07-22 12:50:45'),
(2672,	228,	127,	1,	'2022-07-22 12:50:45',	'2022-07-22 12:50:45'),
(2673,	228,	15,	1,	'2022-07-22 12:50:45',	'2022-07-22 12:50:45'),
(2674,	228,	133,	1,	'2022-07-22 12:50:45',	'2022-07-22 12:50:45'),
(2675,	228,	17,	1,	'2022-07-22 12:50:45',	'2022-07-22 12:50:45'),
(2676,	228,	19,	1,	'2022-07-22 12:50:45',	'2022-07-22 12:50:45'),
(2677,	117,	28,	1,	'2022-07-22 12:50:59',	'2022-07-22 12:50:59'),
(2678,	117,	23,	1,	'2022-07-22 12:50:59',	'2022-07-22 12:50:59'),
(2679,	117,	26,	1,	'2022-07-22 12:50:59',	'2022-07-22 12:50:59'),
(2680,	117,	27,	1,	'2022-07-22 12:50:59',	'2022-07-22 12:50:59'),
(2681,	117,	13,	1,	'2022-07-22 12:50:59',	'2022-07-22 12:50:59'),
(2682,	117,	133,	1,	'2022-07-22 12:50:59',	'2022-07-22 12:50:59'),
(2683,	117,	21,	1,	'2022-07-22 12:50:59',	'2022-07-22 12:50:59'),
(2684,	117,	77,	1,	'2022-07-22 12:50:59',	'2022-07-22 12:50:59'),
(2811,	306,	36,	1,	'2022-07-25 14:31:01',	'2022-07-25 14:31:01'),
(2812,	306,	60,	1,	'2022-07-25 14:31:01',	'2022-07-25 14:31:01'),
(2813,	306,	62,	1,	'2022-07-25 14:31:01',	'2022-07-25 14:31:01'),
(2814,	306,	144,	1,	'2022-07-25 14:31:01',	'2022-07-25 14:31:01'),
(2815,	306,	61,	1,	'2022-07-25 14:31:01',	'2022-07-25 14:31:01'),
(2816,	306,	23,	1,	'2022-07-25 14:31:01',	'2022-07-25 14:31:01'),
(2817,	306,	32,	1,	'2022-07-25 14:31:01',	'2022-07-25 14:31:01'),
(2818,	306,	66,	1,	'2022-07-25 14:31:01',	'2022-07-25 14:31:01'),
(2819,	306,	71,	1,	'2022-07-25 14:31:01',	'2022-07-25 14:31:01'),
(2820,	306,	74,	1,	'2022-07-25 14:31:01',	'2022-07-25 14:31:01'),
(2821,	306,	68,	1,	'2022-07-25 14:31:01',	'2022-07-25 14:31:01'),
(2822,	306,	26,	1,	'2022-07-25 14:31:01',	'2022-07-25 14:31:01'),
(2823,	306,	24,	1,	'2022-07-25 14:31:01',	'2022-07-25 14:31:01'),
(2824,	306,	103,	1,	'2022-07-25 14:31:01',	'2022-07-25 14:31:01'),
(2825,	306,	100,	1,	'2022-07-25 14:31:01',	'2022-07-25 14:31:01'),
(2826,	306,	11,	1,	'2022-07-25 14:31:01',	'2022-07-25 14:31:01'),
(2827,	306,	115,	1,	'2022-07-25 14:31:01',	'2022-07-25 14:31:01'),
(2828,	306,	116,	1,	'2022-07-25 14:31:01',	'2022-07-25 14:31:01'),
(2829,	306,	117,	1,	'2022-07-25 14:31:01',	'2022-07-25 14:31:01'),
(2830,	306,	108,	1,	'2022-07-25 14:31:01',	'2022-07-25 14:31:01'),
(2831,	306,	27,	1,	'2022-07-25 14:31:01',	'2022-07-25 14:31:01'),
(2832,	306,	121,	1,	'2022-07-25 14:31:01',	'2022-07-25 14:31:01'),
(2833,	306,	14,	1,	'2022-07-25 14:31:01',	'2022-07-25 14:31:01'),
(2834,	306,	21,	1,	'2022-07-25 14:31:01',	'2022-07-25 14:31:01'),
(2835,	306,	80,	1,	'2022-07-25 14:31:01',	'2022-07-25 14:31:01'),
(2836,	306,	81,	1,	'2022-07-25 14:31:01',	'2022-07-25 14:31:01'),
(2837,	306,	19,	1,	'2022-07-25 14:31:01',	'2022-07-25 14:31:01'),
(2854,	309,	36,	1,	'2022-07-26 07:38:15',	'2022-07-26 07:38:15'),
(2855,	309,	61,	1,	'2022-07-26 07:38:15',	'2022-07-26 07:38:15'),
(2856,	309,	144,	1,	'2022-07-26 07:38:15',	'2022-07-26 07:38:15'),
(2857,	309,	32,	1,	'2022-07-26 07:38:15',	'2022-07-26 07:38:15'),
(2858,	309,	70,	1,	'2022-07-26 07:38:15',	'2022-07-26 07:38:15'),
(2859,	309,	73,	1,	'2022-07-26 07:38:15',	'2022-07-26 07:38:15'),
(2860,	309,	24,	1,	'2022-07-26 07:38:15',	'2022-07-26 07:38:15'),
(2861,	309,	102,	1,	'2022-07-26 07:38:15',	'2022-07-26 07:38:15'),
(2862,	309,	104,	1,	'2022-07-26 07:38:15',	'2022-07-26 07:38:15'),
(2863,	309,	27,	1,	'2022-07-26 07:38:15',	'2022-07-26 07:38:15'),
(2864,	309,	131,	1,	'2022-07-26 07:38:15',	'2022-07-26 07:38:15'),
(2865,	309,	12,	1,	'2022-07-26 07:38:15',	'2022-07-26 07:38:15'),
(2866,	309,	127,	1,	'2022-07-26 07:38:15',	'2022-07-26 07:38:15'),
(2867,	309,	15,	1,	'2022-07-26 07:38:15',	'2022-07-26 07:38:15'),
(2868,	309,	17,	1,	'2022-07-26 07:38:15',	'2022-07-26 07:38:15'),
(2869,	309,	75,	1,	'2022-07-26 07:38:15',	'2022-07-26 07:38:15'),
(2870,	309,	79,	1,	'2022-07-26 07:38:15',	'2022-07-26 07:38:15'),
(2871,	309,	77,	1,	'2022-07-26 07:38:15',	'2022-07-26 07:38:15'),
(2888,	311,	37,	1,	'2022-07-26 08:50:47',	'2022-07-26 08:50:47'),
(2889,	311,	147,	1,	'2022-07-26 08:50:47',	'2022-07-26 08:50:47'),
(2890,	311,	65,	1,	'2022-07-26 08:50:47',	'2022-07-26 08:50:47'),
(2891,	311,	70,	1,	'2022-07-26 08:50:47',	'2022-07-26 08:50:47'),
(2892,	311,	85,	1,	'2022-07-26 08:50:47',	'2022-07-26 08:50:47'),
(2893,	311,	102,	1,	'2022-07-26 08:50:47',	'2022-07-26 08:50:47'),
(2894,	311,	108,	1,	'2022-07-26 08:50:47',	'2022-07-26 08:50:47'),
(2895,	311,	118,	1,	'2022-07-26 08:50:47',	'2022-07-26 08:50:47'),
(2896,	311,	122,	1,	'2022-07-26 08:50:47',	'2022-07-26 08:50:47'),
(2897,	311,	128,	1,	'2022-07-26 08:50:47',	'2022-07-26 08:50:47'),
(2898,	311,	133,	1,	'2022-07-26 08:50:47',	'2022-07-26 08:50:47'),
(2899,	311,	16,	1,	'2022-07-26 08:50:47',	'2022-07-26 08:50:47'),
(2900,	311,	76,	1,	'2022-07-26 08:50:47',	'2022-07-26 08:50:47'),
(2901,	311,	78,	1,	'2022-07-26 08:50:47',	'2022-07-26 08:50:47'),
(2902,	311,	77,	1,	'2022-07-26 08:50:47',	'2022-07-26 08:50:47'),
(2943,	320,	36,	1,	'2022-07-26 14:24:25',	'2022-07-26 14:24:25'),
(2944,	320,	62,	1,	'2022-07-26 14:24:25',	'2022-07-26 14:24:25'),
(2945,	320,	61,	1,	'2022-07-26 14:24:25',	'2022-07-26 14:24:25'),
(2946,	320,	63,	1,	'2022-07-26 14:24:25',	'2022-07-26 14:24:25'),
(2947,	320,	71,	1,	'2022-07-26 14:24:25',	'2022-07-26 14:24:25'),
(2948,	320,	70,	1,	'2022-07-26 14:24:25',	'2022-07-26 14:24:25'),
(2949,	320,	82,	1,	'2022-07-26 14:24:25',	'2022-07-26 14:24:25'),
(2950,	320,	24,	1,	'2022-07-26 14:24:25',	'2022-07-26 14:24:25'),
(2951,	320,	102,	1,	'2022-07-26 14:24:25',	'2022-07-26 14:24:25'),
(2952,	320,	105,	1,	'2022-07-26 14:24:25',	'2022-07-26 14:24:25'),
(2953,	320,	117,	1,	'2022-07-26 14:24:25',	'2022-07-26 14:24:25'),
(2954,	320,	118,	1,	'2022-07-26 14:24:25',	'2022-07-26 14:24:25'),
(2955,	320,	122,	1,	'2022-07-26 14:24:25',	'2022-07-26 14:24:25'),
(2956,	320,	130,	1,	'2022-07-26 14:24:25',	'2022-07-26 14:24:25'),
(2957,	320,	128,	1,	'2022-07-26 14:24:25',	'2022-07-26 14:24:25'),
(2958,	320,	15,	1,	'2022-07-26 14:24:25',	'2022-07-26 14:24:25'),
(2959,	320,	133,	1,	'2022-07-26 14:24:25',	'2022-07-26 14:24:25'),
(2960,	320,	21,	1,	'2022-07-26 14:24:25',	'2022-07-26 14:24:25'),
(2961,	320,	75,	1,	'2022-07-26 14:24:25',	'2022-07-26 14:24:25'),
(2962,	320,	17,	1,	'2022-07-26 14:24:25',	'2022-07-26 14:24:25'),
(2963,	320,	16,	1,	'2022-07-26 14:24:25',	'2022-07-26 14:24:25'),
(2964,	320,	79,	1,	'2022-07-26 14:24:25',	'2022-07-26 14:24:25'),
(2965,	320,	80,	1,	'2022-07-26 14:24:25',	'2022-07-26 14:24:25'),
(2966,	320,	78,	1,	'2022-07-26 14:24:25',	'2022-07-26 14:24:25'),
(2991,	321,	36,	1,	'2022-07-27 06:52:52',	'2022-07-27 06:52:52'),
(2992,	321,	60,	1,	'2022-07-27 06:52:52',	'2022-07-27 06:52:52'),
(2993,	321,	67,	1,	'2022-07-27 06:52:52',	'2022-07-27 06:52:52'),
(2994,	321,	71,	1,	'2022-07-27 06:52:52',	'2022-07-27 06:52:52'),
(2995,	321,	85,	1,	'2022-07-27 06:52:52',	'2022-07-27 06:52:52'),
(2996,	321,	102,	1,	'2022-07-27 06:52:52',	'2022-07-27 06:52:52'),
(2997,	321,	105,	1,	'2022-07-27 06:52:52',	'2022-07-27 06:52:52'),
(2998,	321,	131,	1,	'2022-07-27 06:52:52',	'2022-07-27 06:52:52'),
(2999,	321,	13,	1,	'2022-07-27 06:52:52',	'2022-07-27 06:52:52'),
(3000,	321,	129,	1,	'2022-07-27 06:52:52',	'2022-07-27 06:52:52'),
(3001,	321,	15,	1,	'2022-07-27 06:52:52',	'2022-07-27 06:52:52'),
(3002,	321,	133,	1,	'2022-07-27 06:52:52',	'2022-07-27 06:52:52'),
(3003,	321,	21,	1,	'2022-07-27 06:52:52',	'2022-07-27 06:52:52'),
(3004,	321,	76,	1,	'2022-07-27 06:52:52',	'2022-07-27 06:52:52'),
(3005,	321,	77,	1,	'2022-07-27 06:52:52',	'2022-07-27 06:52:52'),
(3006,	321,	78,	1,	'2022-07-27 06:52:52',	'2022-07-27 06:52:52'),
(3146,	331,	37,	1,	'2022-07-28 10:53:18',	'2022-07-28 10:53:18'),
(3147,	331,	67,	1,	'2022-07-28 10:53:18',	'2022-07-28 10:53:18'),
(3148,	331,	86,	1,	'2022-07-28 10:53:18',	'2022-07-28 10:53:18'),
(3149,	331,	109,	1,	'2022-07-28 10:53:18',	'2022-07-28 10:53:18'),
(3150,	331,	122,	1,	'2022-07-28 10:53:18',	'2022-07-28 10:53:18'),
(3151,	331,	133,	1,	'2022-07-28 10:53:18',	'2022-07-28 10:53:18'),
(3152,	331,	17,	1,	'2022-07-28 10:53:18',	'2022-07-28 10:53:18'),
(3153,	331,	80,	1,	'2022-07-28 10:53:18',	'2022-07-28 10:53:18'),
(3154,	330,	36,	1,	'2022-07-28 11:29:10',	'2022-07-28 11:29:10'),
(3155,	330,	32,	1,	'2022-07-28 11:29:10',	'2022-07-28 11:29:10'),
(3156,	330,	82,	1,	'2022-07-28 11:29:10',	'2022-07-28 11:29:10'),
(3157,	330,	105,	1,	'2022-07-28 11:29:10',	'2022-07-28 11:29:10'),
(3158,	330,	121,	1,	'2022-07-28 11:29:10',	'2022-07-28 11:29:10'),
(3159,	330,	132,	1,	'2022-07-28 11:29:10',	'2022-07-28 11:29:10'),
(3160,	330,	16,	1,	'2022-07-28 11:29:10',	'2022-07-28 11:29:10'),
(3161,	330,	80,	1,	'2022-07-28 11:29:10',	'2022-07-28 11:29:10'),
(3202,	95,	36,	1,	'2022-07-29 07:24:09',	'2022-07-29 07:24:09'),
(3203,	95,	38,	1,	'2022-07-29 07:24:09',	'2022-07-29 07:24:09'),
(3204,	95,	32,	1,	'2022-07-29 07:24:09',	'2022-07-29 07:24:09');

DROP TABLE IF EXISTS `hotel_attraction`;
CREATE TABLE `hotel_attraction` (
  `attraction_id` int(11) NOT NULL AUTO_INCREMENT,
  `attraction_name` varchar(255) CHARACTER SET utf8 NOT NULL,
  `attraction_content` tinytext CHARACTER SET utf8 NOT NULL,
  `attraction_distance` varchar(255) CHARACTER SET utf8 NOT NULL,
  `attraction_type` varchar(255) CHARACTER SET utf8 NOT NULL,
  `attraction_hotel_id` int(11) NOT NULL,
  `attraction_status` tinyint(2) NOT NULL DEFAULT '1',
  `created_at` datetime NOT NULL DEFAULT CURRENT_TIMESTAMP,
  `updated_at` timestamp NOT NULL DEFAULT CURRENT_TIMESTAMP,
  PRIMARY KEY (`attraction_id`)
) ENGINE=InnoDB DEFAULT CHARSET=utf8 COLLATE=utf8_unicode_ci;

INSERT INTO `hotel_attraction` (`attraction_id`, `attraction_name`, `attraction_content`, `attraction_distance`, `attraction_type`, `attraction_hotel_id`, `attraction_status`, `created_at`, `updated_at`) VALUES
(21,	'name 1',	'content 1',	'distance 1',	'type 1',	336,	1,	'2022-07-28 09:54:42',	'2022-07-28 09:54:42'),
(22,	'name 2',	'content 2',	'distance 2',	'type 2',	336,	1,	'2022-07-28 09:54:42',	'2022-07-28 09:54:42'),
(23,	'name 3',	'content 3',	'distance 3',	'type 3',	336,	1,	'2022-07-28 09:54:42',	'2022-07-28 09:54:42'),
(24,	'name 4',	'content 4',	'distance 4',	'type 4',	336,	1,	'2022-07-28 09:54:42',	'2022-07-28 09:54:42'),
(28,	'name 1',	'content 1',	'distance 1',	'type 1',	339,	1,	'2022-07-28 09:58:09',	'2022-07-28 09:58:09'),
(29,	'name 2',	'content 2',	'distance 2',	'type 2',	339,	1,	'2022-07-28 09:58:09',	'2022-07-28 09:58:09'),
(30,	'name 3',	'content 3',	'distance 3',	'type 3',	339,	1,	'2022-07-28 09:58:09',	'2022-07-28 09:58:09');

DROP TABLE IF EXISTS `hotel_extra_price`;
CREATE TABLE `hotel_extra_price` (
  `id` int(11) NOT NULL AUTO_INCREMENT,
  `ext_opt_name` varchar(255) CHARACTER SET utf8 NOT NULL,
  `ext_opt_price` int(11) NOT NULL,
  `ext_opt_type` varchar(255) CHARACTER SET utf8 NOT NULL,
  `hotel_id` int(11) NOT NULL,
  `status` tinyint(2) NOT NULL DEFAULT '1',
  `created_at` datetime NOT NULL DEFAULT CURRENT_TIMESTAMP,
  `updated_at` timestamp NOT NULL DEFAULT CURRENT_TIMESTAMP,
  PRIMARY KEY (`id`)
) ENGINE=InnoDB DEFAULT CHARSET=utf8 COLLATE=utf8_unicode_ci;

INSERT INTO `hotel_extra_price` (`id`, `ext_opt_name`, `ext_opt_price`, `ext_opt_type`, `hotel_id`, `status`, `created_at`, `updated_at`) VALUES
(1,	'airport pickup',	100,	'single_fee',	105,	1,	'2022-06-21 12:59:28',	'2022-06-21 12:59:28'),
(2,	'laundary',	101,	'single_fee',	105,	1,	'2022-06-21 12:59:28',	'2022-06-21 12:59:28'),
(3,	'sports',	1000,	'single_fee',	105,	1,	'2022-06-21 12:59:28',	'2022-06-21 12:59:28'),
(6,	'name1',	100,	'single_fee',	107,	1,	'2022-06-22 04:57:43',	'2022-06-22 04:57:43'),
(7,	'name2',	101,	'single_fee',	107,	1,	'2022-06-22 04:57:43',	'2022-06-22 04:57:43'),
(10,	'4003_wxtra',	10,	'single_fee',	106,	1,	'2022-06-24 13:32:35',	'2022-06-24 13:32:35'),
(11,	'name1',	100,	'single_fee',	135,	1,	'2022-06-27 09:34:25',	'2022-06-27 09:34:25'),
(12,	'name2',	101,	'single_fee',	135,	1,	'2022-06-27 09:34:25',	'2022-06-27 09:34:25'),
(14,	'name1',	100,	'single_fee',	137,	1,	'2022-06-27 09:54:11',	'2022-06-27 09:54:11'),
(15,	'name1',	100,	'single_fee',	147,	1,	'2022-06-29 06:44:34',	'2022-06-29 06:44:34'),
(16,	'room ext opt 12',	101,	'per_night',	147,	1,	'2022-06-29 06:44:34',	'2022-06-29 06:44:34'),
(34,	'extra beds',	500,	'single_fee',	309,	1,	'2022-07-26 07:38:15',	'2022-07-26 07:38:15'),
(35,	'extra beds',	500,	'per_night',	311,	1,	'2022-07-26 08:50:47',	'2022-07-26 08:50:47'),
(36,	'extra beds',	500,	'single_fee',	320,	1,	'2022-07-26 14:24:25',	'2022-07-26 14:24:25'),
(38,	'extra bed',	500,	'per_night',	321,	1,	'2022-07-27 06:52:52',	'2022-07-27 06:52:52'),
(44,	'room service',	200,	'single_fee',	331,	1,	'2022-07-28 10:53:18',	'2022-07-28 10:53:18'),
(45,	'etxtra bed',	500,	'single_fee',	330,	1,	'2022-07-28 11:29:10',	'2022-07-28 11:29:10');

DROP TABLE IF EXISTS `hotel_gallery`;
CREATE TABLE `hotel_gallery` (
  `id` int(11) NOT NULL AUTO_INCREMENT,
  `hotel_id` bigint(11) NOT NULL,
  `image` varchar(255) COLLATE utf8_unicode_ci NOT NULL,
  `is_featured` tinyint(2) NOT NULL DEFAULT '0' COMMENT '1=is_featured',
  `status` int(11) NOT NULL,
  `created_at` datetime NOT NULL,
  `updated_at` timestamp NOT NULL DEFAULT CURRENT_TIMESTAMP ON UPDATE CURRENT_TIMESTAMP,
  PRIMARY KEY (`id`)
) ENGINE=InnoDB DEFAULT CHARSET=utf8 COLLATE=utf8_unicode_ci;

INSERT INTO `hotel_gallery` (`id`, `hotel_id`, `image`, `is_featured`, `status`, `created_at`, `updated_at`) VALUES
(238,	118,	'1656758775_1655715971_images-min.jpg',	0,	1,	'2022-07-02 10:46:15',	'2022-07-02 10:46:15'),
(239,	118,	'1656758775_1655715971_indian-hotels.jpg',	0,	1,	'2022-07-02 10:46:15',	'2022-07-02 10:46:15'),
(240,	118,	'1656758775_1655715971_istockphoto-157591094-612x612-compressed.jpg',	0,	1,	'2022-07-02 10:46:15',	'2022-07-02 10:46:15'),
(241,	118,	'1656758775_1655720047_hotel-presidente-4s.jpg',	0,	1,	'2022-07-02 10:46:15',	'2022-07-02 10:46:15'),
(242,	148,	'1656758833_1655183064_image4.jpg',	0,	1,	'2022-07-02 10:47:13',	'2022-07-02 10:47:13'),
(243,	148,	'1656758833_1655197013_photo2.png',	0,	1,	'2022-07-02 10:47:13',	'2022-07-02 10:47:13'),
(244,	148,	'1656758833_1655197230_a3-1654606197.png',	0,	1,	'2022-07-02 10:47:13',	'2022-07-02 10:47:13'),
(245,	148,	'1656758833_1655208504_1655095862_monte2.png',	0,	1,	'2022-07-02 10:47:13',	'2022-07-02 10:47:13'),
(246,	80,	'1656758925_1655703269_pexels-jay-949406.jpg',	0,	1,	'2022-07-02 10:48:45',	'2022-07-02 10:48:45'),
(247,	80,	'1656758925_1655715971_images-min.jpg',	0,	1,	'2022-07-02 10:48:45',	'2022-07-02 10:48:45'),
(248,	80,	'1656758925_1655715971_indian-hotels.jpg',	0,	1,	'2022-07-02 10:48:45',	'2022-07-02 10:48:45'),
(249,	80,	'1656758925_1655715971_istockphoto-157591094-612x612-compressed.jpg',	0,	1,	'2022-07-02 10:48:45',	'2022-07-02 10:48:45'),
(254,	92,	'1656759085_1656146685_pexels-naim-benjelloun-2029722.jpg',	0,	1,	'2022-07-02 10:51:25',	'2022-07-02 10:51:25'),
(255,	92,	'1656759085_1656151037_pexels-naim-benjelloun-2029722.jpg',	0,	1,	'2022-07-02 10:51:25',	'2022-07-02 10:51:25'),
(256,	92,	'1656759085_1656305037_pexels-pixabay-262048.jpg',	0,	1,	'2022-07-02 10:51:25',	'2022-07-02 10:51:25'),
(257,	92,	'1656759085_1656305037_pexels-pixabay-271619.jpg',	0,	1,	'2022-07-02 10:51:25',	'2022-07-02 10:51:25'),
(258,	92,	'1656759085_1656322255_a2.png',	0,	1,	'2022-07-02 10:51:25',	'2022-07-02 10:51:25'),
(259,	95,	'1656759163_pexels-malidate-van-833045-hotelMainImg-1656594475.jpg',	0,	1,	'2022-07-02 10:52:43',	'2022-07-02 10:52:43'),
(260,	95,	'1656759163_pexels-pixabay-261395-hotelMainImg-1656660141.jpg',	0,	1,	'2022-07-02 10:52:43',	'2022-07-02 10:52:43'),
(261,	95,	'1656759163_Pi7compressedpexels-aleksandar-pasaric-2041556-1655382349.jpg',	0,	1,	'2022-07-02 10:52:43',	'2022-07-02 10:52:43'),
(262,	95,	'1656759163_Praia-hotelMainImg-1656681014.png',	0,	1,	'2022-07-02 10:52:43',	'2022-07-02 10:52:43'),
(263,	108,	'1656759220_prize1-1654777607.jpg',	0,	1,	'2022-07-02 10:53:40',	'2022-07-02 10:53:40'),
(264,	108,	'1656759220_prize1-1654839912.jpg',	0,	1,	'2022-07-02 10:53:40',	'2022-07-02 10:53:40'),
(265,	108,	'1656759220_prize1-1654841255.jpg',	0,	1,	'2022-07-02 10:53:40',	'2022-07-02 10:53:40'),
(266,	108,	'1656759220_prize1-1654854392.jpg',	0,	1,	'2022-07-02 10:53:40',	'2022-07-02 10:53:40'),
(267,	108,	'1656759220_prize1-1654857201.jpg',	0,	1,	'2022-07-02 10:53:40',	'2022-07-02 10:53:40'),
(268,	104,	'1656759268_pexels-pixabay-261395-hotelMainImg-1656678387.jpg',	0,	1,	'2022-07-02 10:54:28',	'2022-07-02 10:54:28'),
(269,	104,	'1656759268_pexels-pixabay-261395-hotelMainImg-1656681870.jpg',	0,	1,	'2022-07-02 10:54:28',	'2022-07-02 10:54:28'),
(270,	104,	'1656759268_pexels-pixabay-261395-hotelMainImg-1656737101.jpg',	0,	1,	'2022-07-02 10:54:28',	'2022-07-02 10:54:28'),
(271,	104,	'1656759268_pexels-pixabay-261395-hotelMainImg-1656738558.jpg',	0,	1,	'2022-07-02 10:54:28',	'2022-07-02 10:54:28'),
(272,	104,	'1656759268_pexels-pixabay-261395-hotelMainImg-1656739532.jpg',	0,	1,	'2022-07-02 10:54:28',	'2022-07-02 10:54:28'),
(273,	100,	'1656759310_1655987272_pexels-naim-benjelloun-2029722.jpg',	0,	1,	'2022-07-02 10:55:10',	'2022-07-02 10:55:10'),
(274,	100,	'1656759310_1656045604_pexels-naim-benjelloun-2029722.jpg',	0,	1,	'2022-07-02 10:55:10',	'2022-07-02 10:55:10'),
(275,	100,	'1656759310_1656049207_istockphoto-157591094-612x612-compressed.jpg',	0,	1,	'2022-07-02 10:55:10',	'2022-07-02 10:55:10'),
(276,	100,	'1656759310_1656068296_pexels-kaique-rocha-97904.jpg',	0,	1,	'2022-07-02 10:55:10',	'2022-07-02 10:55:10'),
(277,	100,	'1656759310_1656485074_3.png',	0,	1,	'2022-07-02 10:55:10',	'2022-07-02 10:55:10'),
(278,	117,	'1656759441_1655985860_pexels-jovydas-pinkevicius-2462015.jpg',	0,	1,	'2022-07-02 10:57:21',	'2022-07-02 10:57:21'),
(279,	117,	'1656759441_1655987272_pexels-naim-benjelloun-2029722.jpg',	0,	1,	'2022-07-02 10:57:21',	'2022-07-02 10:57:21'),
(280,	117,	'1656759441_1656045604_pexels-naim-benjelloun-2029722.jpg',	0,	1,	'2022-07-02 10:57:21',	'2022-07-02 10:57:21'),
(281,	117,	'1656759441_1656051599_3.png',	0,	1,	'2022-07-02 10:57:21',	'2022-07-02 10:57:21'),
(282,	117,	'1656759441_1656052129_1.png',	0,	1,	'2022-07-02 10:57:21',	'2022-07-02 10:57:21'),
(283,	117,	'1656759441_1656052129_2.png',	0,	1,	'2022-07-02 10:57:21',	'2022-07-02 10:57:21'),
(284,	93,	'1656759474_1656573132_pexels-kaique-rocha-97904 (1).jpg',	0,	1,	'2022-07-02 10:57:54',	'2022-07-02 10:57:54'),
(285,	93,	'1656759474_a1-1654349974.png',	0,	1,	'2022-07-02 10:57:54',	'2022-07-02 10:57:54'),
(286,	93,	'1656759474_a2-1654766127.png',	0,	1,	'2022-07-02 10:57:54',	'2022-07-02 10:57:54'),
(287,	93,	'1656759474_a2-1654781246.png',	0,	1,	'2022-07-02 10:57:54',	'2022-07-02 10:57:54'),
(288,	90,	'1656759569_a1-1654350088.png',	0,	1,	'2022-07-02 10:59:29',	'2022-07-02 10:59:29'),
(289,	90,	'1656759569_a2-1654782131.png',	0,	1,	'2022-07-02 10:59:29',	'2022-07-02 10:59:29'),
(290,	90,	'1656759569_a3-hotelMainImg-1656586178.png',	0,	1,	'2022-07-02 10:59:29',	'2022-07-02 10:59:29'),
(291,	90,	'1656759569_cir1-hotelMainImg-1656680971.jpg',	0,	1,	'2022-07-02 10:59:29',	'2022-07-02 10:59:29'),
(292,	78,	'1656759613_istockphoto-903417402-612x612-hotelMainImg-1656573132.jpg',	0,	1,	'2022-07-02 11:00:13',	'2022-07-02 11:00:13'),
(293,	78,	'1656759613_london1-hotelMainImg-1656681061.jpg',	0,	1,	'2022-07-02 11:00:13',	'2022-07-02 11:00:13'),
(294,	78,	'1656759613_pany-hotelMainImg-1656681038.png',	0,	1,	'2022-07-02 11:00:13',	'2022-07-02 11:00:13'),
(295,	78,	'1656759613_pexels-amar-saleem-70441-hotelMainImg-1656745500.jpg',	0,	1,	'2022-07-02 11:00:13',	'2022-07-02 11:00:13'),
(399,	226,	'1657521476_pexels-amar-saleem-70441.jpg',	0,	1,	'2022-07-11 06:37:56',	'2022-07-11 06:37:56'),
(400,	226,	'1657521476_pexels-pixabay-261395.jpg',	0,	1,	'2022-07-11 06:37:56',	'2022-07-11 06:37:56'),
(403,	228,	'1657524164_1655197013_photo4.jpg',	0,	1,	'2022-07-11 07:22:44',	'2022-07-11 07:22:44'),
(404,	228,	'1657524164_1655197071_1-1654321705.png',	0,	1,	'2022-07-11 07:22:44',	'2022-07-11 07:22:44'),
(405,	228,	'1657524164_1655197140_1655095862_monte2.png',	0,	1,	'2022-07-11 07:22:44',	'2022-07-11 07:22:44'),
(406,	228,	'1657524164_1655197167_1655114518_destinations_garzon.jpg',	0,	1,	'2022-07-11 07:22:44',	'2022-07-11 07:22:44'),
(525,	281,	'1657963923_pexels-amar-saleem-70441.jpg',	0,	1,	'2022-07-16 09:32:03',	'2022-07-16 09:32:03'),
(526,	281,	'1657963923_pexels-deno-wang-11671086.jpg',	0,	1,	'2022-07-16 09:32:03',	'2022-07-16 09:32:03'),
(527,	281,	'1657963923_pexels-elina-sazonova-1838554.jpg',	0,	1,	'2022-07-16 09:32:03',	'2022-07-16 09:32:03'),
(528,	281,	'1657963923_pexels-pixabay-261395.jpg',	0,	1,	'2022-07-16 09:32:03',	'2022-07-16 09:32:03'),
(534,	284,	'1658212623_pexels-amar-saleem-70441.jpg',	0,	1,	'2022-07-19 06:37:03',	'2022-07-19 06:37:03'),
(535,	284,	'1658212623_pexels-deno-wang-11671086.jpg',	0,	1,	'2022-07-19 06:37:03',	'2022-07-19 06:37:03'),
(536,	284,	'1658212623_pexels-elina-sazonova-1838554.jpg',	0,	1,	'2022-07-19 06:37:03',	'2022-07-19 06:37:03'),
(600,	306,	'1658759461_pexels-donald-tong-189296.jpg',	0,	1,	'2022-07-25 14:31:01',	'2022-07-25 14:31:01'),
(601,	306,	'1658759461_pexels-pixabay-164595.jpg',	0,	1,	'2022-07-25 14:31:01',	'2022-07-25 14:31:01'),
(602,	306,	'1658759461_pexels-pixabay-258154.jpg',	0,	1,	'2022-07-25 14:31:01',	'2022-07-25 14:31:01'),
(603,	306,	'1658759461_pexels-pixabay-271624.jpg',	0,	1,	'2022-07-25 14:31:01',	'2022-07-25 14:31:01'),
(604,	306,	'1658759461_pexels-pixabay-271639.jpg',	0,	1,	'2022-07-25 14:31:01',	'2022-07-25 14:31:01'),
(613,	309,	'1658821095_pexels-donald-tong-189296.jpg',	0,	1,	'2022-07-26 07:38:15',	'2022-07-26 07:38:15'),
(614,	309,	'1658821095_pexels-pixabay-164595.jpg',	0,	1,	'2022-07-26 07:38:15',	'2022-07-26 07:38:15'),
(615,	309,	'1658821095_pexels-pixabay-258154.jpg',	0,	1,	'2022-07-26 07:38:15',	'2022-07-26 07:38:15'),
(616,	309,	'1658821095_pexels-pixabay-271624.jpg',	0,	1,	'2022-07-26 07:38:15',	'2022-07-26 07:38:15'),
(617,	309,	'1658821095_pexels-pixabay-271639.jpg',	0,	1,	'2022-07-26 07:38:15',	'2022-07-26 07:38:15'),
(620,	311,	'1658825447_pexels-pixabay-164595.jpg',	0,	1,	'2022-07-26 08:50:47',	'2022-07-26 08:50:47'),
(621,	311,	'1658825447_pexels-pixabay-258154.jpg',	0,	1,	'2022-07-26 08:50:47',	'2022-07-26 08:50:47'),
(622,	311,	'1658825447_pexels-pixabay-271624.jpg',	0,	1,	'2022-07-26 08:50:47',	'2022-07-26 08:50:47'),
(623,	311,	'1658825447_pexels-pixabay-271639.jpg',	0,	1,	'2022-07-26 08:50:47',	'2022-07-26 08:50:47'),
(638,	320,	'1658845465_pexels-donald-tong-189296.jpg',	0,	1,	'2022-07-26 14:24:25',	'2022-07-26 14:24:25'),
(639,	320,	'1658845465_pexels-pixabay-164595.jpg',	0,	1,	'2022-07-26 14:24:25',	'2022-07-26 14:24:25'),
(640,	320,	'1658845465_pexels-pixabay-258154.jpg',	0,	1,	'2022-07-26 14:24:25',	'2022-07-26 14:24:25'),
(641,	320,	'1658845465_pexels-pixabay-271624.jpg',	0,	1,	'2022-07-26 14:24:25',	'2022-07-26 14:24:25'),
(642,	320,	'1658845465_pexels-pixabay-271639.jpg',	0,	1,	'2022-07-26 14:24:25',	'2022-07-26 14:24:25'),
(643,	321,	'1658853685_pexels-donald-tong-189296.jpg',	0,	1,	'2022-07-26 16:41:25',	'2022-07-26 16:41:25'),
(644,	321,	'1658853685_pexels-pixabay-164595.jpg',	0,	1,	'2022-07-26 16:41:25',	'2022-07-26 16:41:25'),
(645,	321,	'1658853685_pexels-pixabay-258154.jpg',	0,	1,	'2022-07-26 16:41:25',	'2022-07-26 16:41:25'),
(646,	321,	'1658853685_pexels-pixabay-271624.jpg',	0,	1,	'2022-07-26 16:41:25',	'2022-07-26 16:41:25'),
(647,	321,	'1658853685_pexels-pixabay-271639.jpg',	0,	1,	'2022-07-26 16:41:25',	'2022-07-26 16:41:25'),
(667,	330,	'1658915202_pexels-donald-tong-189296.jpg',	0,	1,	'2022-07-27 09:46:42',	'2022-07-27 09:46:42'),
(668,	330,	'1658915202_pexels-pixabay-164595.jpg',	0,	1,	'2022-07-27 09:46:42',	'2022-07-27 09:46:42'),
(669,	330,	'1658915202_pexels-pixabay-258154.jpg',	0,	1,	'2022-07-27 09:46:42',	'2022-07-27 09:46:42'),
(670,	330,	'1658915202_pexels-pixabay-271624.jpg',	0,	1,	'2022-07-27 09:46:42',	'2022-07-27 09:46:42'),
(671,	330,	'1658915202_pexels-pixabay-271639.jpg',	0,	1,	'2022-07-27 09:46:42',	'2022-07-27 09:46:42'),
(672,	331,	'1658916468_pexels-pixabay-164595.jpg',	0,	1,	'2022-07-27 10:07:48',	'2022-07-27 10:07:48'),
(673,	331,	'1658916468_pexels-pixabay-258154.jpg',	0,	1,	'2022-07-27 10:07:48',	'2022-07-27 10:07:48'),
(674,	331,	'1658916468_pexels-pixabay-271624.jpg',	0,	1,	'2022-07-27 10:07:48',	'2022-07-27 10:07:48'),
(675,	331,	'1658916468_pexels-pixabay-271639.jpg',	0,	1,	'2022-07-27 10:07:48',	'2022-07-27 10:07:48');

DROP TABLE IF EXISTS `hotel_services`;
CREATE TABLE `hotel_services` (
  `id` int(11) NOT NULL AUTO_INCREMENT,
  `hotel_id` int(11) NOT NULL,
  `hotel_service_id` int(11) NOT NULL,
  `status` int(11) NOT NULL,
  `created_at` datetime NOT NULL,
  `updated_at` timestamp NOT NULL DEFAULT CURRENT_TIMESTAMP ON UPDATE CURRENT_TIMESTAMP,
  PRIMARY KEY (`id`)
) ENGINE=InnoDB DEFAULT CHARSET=utf8 COLLATE=utf8_unicode_ci;

INSERT INTO `hotel_services` (`id`, `hotel_id`, `hotel_service_id`, `status`, `created_at`, `updated_at`) VALUES
(279,	118,	1,	1,	'2022-07-02 10:46:15',	'2022-07-02 10:46:15'),
(280,	118,	7,	1,	'2022-07-02 10:46:15',	'2022-07-02 10:46:15'),
(281,	108,	3,	1,	'2022-07-02 10:53:40',	'2022-07-02 10:53:40'),
(282,	108,	6,	1,	'2022-07-02 10:53:40',	'2022-07-02 10:53:40'),
(283,	100,	2,	1,	'2022-07-02 10:55:10',	'2022-07-02 10:55:10'),
(284,	100,	8,	1,	'2022-07-02 10:55:10',	'2022-07-02 10:55:10'),
(565,	228,	1,	1,	'2022-07-22 12:50:45',	'2022-07-22 12:50:45'),
(566,	228,	10,	1,	'2022-07-22 12:50:45',	'2022-07-22 12:50:45'),
(567,	117,	2,	1,	'2022-07-22 12:50:59',	'2022-07-22 12:50:59'),
(568,	117,	6,	1,	'2022-07-22 12:50:59',	'2022-07-22 12:50:59'),
(599,	306,	2,	1,	'2022-07-25 14:31:01',	'2022-07-25 14:31:01'),
(600,	306,	4,	1,	'2022-07-25 14:31:01',	'2022-07-25 14:31:01'),
(601,	306,	7,	1,	'2022-07-25 14:31:01',	'2022-07-25 14:31:01'),
(606,	309,	2,	1,	'2022-07-26 07:38:15',	'2022-07-26 07:38:15'),
(607,	309,	4,	1,	'2022-07-26 07:38:15',	'2022-07-26 07:38:15'),
(608,	309,	6,	1,	'2022-07-26 07:38:15',	'2022-07-26 07:38:15'),
(609,	309,	8,	1,	'2022-07-26 07:38:15',	'2022-07-26 07:38:15'),
(614,	311,	3,	1,	'2022-07-26 08:50:47',	'2022-07-26 08:50:47'),
(615,	311,	8,	1,	'2022-07-26 08:50:47',	'2022-07-26 08:50:47'),
(626,	320,	2,	1,	'2022-07-26 14:24:25',	'2022-07-26 14:24:25'),
(627,	320,	8,	1,	'2022-07-26 14:24:25',	'2022-07-26 14:24:25'),
(628,	320,	6,	1,	'2022-07-26 14:24:25',	'2022-07-26 14:24:25'),
(635,	321,	2,	1,	'2022-07-27 06:52:52',	'2022-07-27 06:52:52'),
(636,	321,	4,	1,	'2022-07-27 06:52:52',	'2022-07-27 06:52:52'),
(637,	321,	7,	1,	'2022-07-27 06:52:52',	'2022-07-27 06:52:52'),
(638,	321,	9,	1,	'2022-07-27 06:52:52',	'2022-07-27 06:52:52'),
(673,	331,	2,	1,	'2022-07-28 10:53:18',	'2022-07-28 10:53:18'),
(674,	331,	9,	1,	'2022-07-28 10:53:18',	'2022-07-28 10:53:18'),
(675,	330,	2,	1,	'2022-07-28 11:29:10',	'2022-07-28 11:29:10'),
(676,	330,	8,	1,	'2022-07-28 11:29:10',	'2022-07-28 11:29:10');

DROP TABLE IF EXISTS `hotel_service_fee`;
CREATE TABLE `hotel_service_fee` (
  `id` int(11) NOT NULL AUTO_INCREMENT,
  `serv_fee_name` varchar(255) CHARACTER SET utf8 NOT NULL,
  `serv_fee_price` int(11) NOT NULL,
  `serv_fee_type` varchar(255) CHARACTER SET utf8 NOT NULL,
  `hotel_id` int(11) NOT NULL,
  `status` tinyint(2) NOT NULL DEFAULT '1',
  `created_at` datetime NOT NULL DEFAULT CURRENT_TIMESTAMP,
  `updated_at` timestamp NOT NULL DEFAULT CURRENT_TIMESTAMP,
  PRIMARY KEY (`id`)
) ENGINE=InnoDB DEFAULT CHARSET=utf8 COLLATE=utf8_unicode_ci;

INSERT INTO `hotel_service_fee` (`id`, `serv_fee_name`, `serv_fee_price`, `serv_fee_type`, `hotel_id`, `status`, `created_at`, `updated_at`) VALUES
(1,	'service1',	100,	'single_fee',	105,	1,	'2022-06-21 12:59:28',	'2022-06-21 12:59:28'),
(2,	'service2',	200,	'single_fee',	105,	1,	'2022-06-21 12:59:28',	'2022-06-21 12:59:28'),
(3,	'service3',	200,	'single_fee',	105,	1,	'2022-06-21 12:59:28',	'2022-06-21 12:59:28'),
(6,	'serv1',	100,	'single_fee',	107,	1,	'2022-06-22 04:57:43',	'2022-06-22 04:57:43'),
(7,	'serv2',	100,	'single_fee',	107,	1,	'2022-06-22 04:57:43',	'2022-06-22 04:57:43'),
(9,	'4003_serv',	10,	'single_fee',	106,	1,	'2022-06-24 13:32:35',	'2022-06-24 13:32:35'),
(10,	'serv1',	100,	'single_fee',	135,	1,	'2022-06-27 09:34:25',	'2022-06-27 09:34:25'),
(11,	'serv2',	100,	'single_fee',	135,	1,	'2022-06-27 09:34:25',	'2022-06-27 09:34:25'),
(13,	'serv1',	100,	'single_fee',	137,	1,	'2022-06-27 09:54:11',	'2022-06-27 09:54:11'),
(14,	'serv1',	100,	'per_guest',	147,	1,	'2022-06-29 06:44:34',	'2022-06-29 06:44:34'),
(15,	'serv2',	100,	'per_night_per_guest',	147,	1,	'2022-06-29 06:44:34',	'2022-06-29 06:44:34'),
(24,	'room service',	1000,	'single_fee',	306,	1,	'2022-07-25 14:31:01',	'2022-07-25 14:31:01'),
(25,	'bathroom cleaning',	1200,	'single_fee',	306,	1,	'2022-07-25 14:31:01',	'2022-07-25 14:31:01'),
(26,	'massage',	1500,	'single_fee',	306,	1,	'2022-07-25 14:31:01',	'2022-07-25 14:31:01'),
(27,	'room service',	1000,	'single_fee',	309,	1,	'2022-07-26 07:38:15',	'2022-07-26 07:38:15'),
(28,	'room service',	1000,	'single_fee',	311,	1,	'2022-07-26 08:50:47',	'2022-07-26 08:50:47'),
(29,	'parking',	500,	'per_night',	320,	1,	'2022-07-26 14:24:25',	'2022-07-26 14:24:25'),
(30,	'playground',	500,	'per_night',	320,	1,	'2022-07-26 14:24:25',	'2022-07-26 14:24:25'),
(32,	'playground',	200,	'per_night',	321,	1,	'2022-07-27 06:52:52',	'2022-07-27 06:52:52'),
(38,	'wakeup',	500,	'per_night',	331,	1,	'2022-07-28 10:53:18',	'2022-07-28 10:53:18'),
(39,	'parking',	200,	'per_night',	330,	1,	'2022-07-28 11:29:10',	'2022-07-28 11:29:10');

DROP TABLE IF EXISTS `migrations`;
CREATE TABLE `migrations` (
  `id` int(10) unsigned NOT NULL AUTO_INCREMENT,
  `migration` varchar(255) COLLATE utf8mb4_unicode_ci NOT NULL,
  `batch` int(11) NOT NULL,
  PRIMARY KEY (`id`)
) ENGINE=InnoDB DEFAULT CHARSET=utf8mb4 COLLATE=utf8mb4_unicode_ci;

INSERT INTO `migrations` (`id`, `migration`, `batch`) VALUES
(1,	'2014_10_12_000000_create_users_table',	1),
(2,	'2014_10_12_100000_create_password_resets_table',	1),
(3,	'2019_08_19_000000_create_failed_jobs_table',	1),
(4,	'2022_05_19_070355_create_admin_table',	2);

DROP TABLE IF EXISTS `password_resets`;
CREATE TABLE `password_resets` (
  `email` varchar(255) COLLATE utf8mb4_unicode_ci NOT NULL,
  `token` varchar(255) COLLATE utf8mb4_unicode_ci NOT NULL,
  `created_at` timestamp NULL DEFAULT NULL,
  KEY `password_resets_email_index` (`email`)
) ENGINE=InnoDB DEFAULT CHARSET=utf8mb4 COLLATE=utf8mb4_unicode_ci;

INSERT INTO `password_resets` (`email`, `token`, `created_at`) VALUES
('votivephp.rahulraj@gmail.com',	'1EcMgOqwgzPnKoo4ZArvXdIQRx2ZvXtSsB8oP6jm5rNFCjl899wVDLYvhuyj95VA',	'2022-05-31 08:41:23'),
('votivephp.rahulraj@gmail.com',	'Q6TI0pd7D83cWRgpYHtiRsG5tysXSXwFmQ5bbGn8Zsl2rrYHCK87TYywTFlO8ZCU',	'2022-05-31 08:57:41'),
('votivetester.saurabh@gmail.com',	'SlwW3sVHoMfwIdGbN5MCKi0gs5kxUmK2nTDNGyi28LiHZv48Uf4NawBK7RxUvBMd',	'2022-05-31 09:08:41'),
('votivetester.saurabh@gmail.com',	'QyVqwOTAvzhMkIQwT35hPS6umuHTBpTCsYYCSJJJIiSqtIxC4fiYhxR6SmLPjH9Y',	'2022-05-31 09:09:13'),
('votivephp.rahulraj@gmail.com',	'mpwbcHC5wxQiSiWBoI9nTZq1rPWah0gIlv45GGvVx6WIwxQpZ6iBibNbCyWayyQw',	'2022-05-31 09:10:42'),
('votivephp.rahulraj@gmail.com',	'RFkPiqg4RoMsvX2HK7QrbwDwCNz5vCzvzY8oQUk4vhV3lz3uNiGG9VD7pL0fBDgp',	'2022-05-31 09:14:12'),
('votivephp.rahulraj@gmail.com',	'pwZ3howqDlhqu0c6S9YfPN0ZalIU0LDA4TBEAqixk285R5rV540tha2lL3KhgBsy',	'2022-05-31 09:32:44'),
('votivephp.rahulraj@gmail.com',	'bVz7jdCHM92kAQitC72QDAyM9NbcfgK18DOECcV7Ts162FhjiUstnceAQCTQfFAu',	'2022-05-31 12:02:17'),
('votivetester.saurabh@gmail.com',	'1d3e7OqdZ5AgzpJKRvojKJxoBBxMrBfLO4VspPRcBki40VpeLvQLaqi94NG43D15',	'2022-05-31 12:12:10'),
('votivephp.rahulraj@gmail.com',	'ZRyQPdKU3WYPW3Izzs7FfWBUxLmdQbSiFXh91c8gnl60rcM0jqVCWaImCub75CK4',	'2022-05-31 12:12:27'),
('votivetester.saurabh@gmail.com',	'OKE906Z0vE6IjlSwKfe1HB9NuuHFTgYK2mMtqA1Y7VIig0ZcDxkMWX1pAM3ddbRX',	'2022-05-31 12:15:51'),
('votivephp.rahulraj@gmail.com',	'NO3DTk1kfj8GrATHWjbzH9djyNLhrfv1Gnvr9NcZxeynGwShdlPomiblLCEROoEa',	'2022-05-31 12:39:12'),
('votivetester.saurabh@gmail.com',	'Szer54mXK2DjQOveGuGB1hj2IcXjlYc5IkaG2AJLGwEFYwLMm4S2PS3c5YgL6nQd',	'2022-05-31 12:47:37'),
('votivephp.rahulraj@gmail.com',	'VIGS1hU5x1DNZ9MMGJMqdrquEz5iQSWYQAsHoUmyIMRJ4fgrIdyIexDAf1DgEph9',	'2022-05-31 13:01:23'),
('votivetester.saurabh@gmail.com',	'1L0HZ355F3JKT0XfjBncZPj8wptiBLUHv9LD0A7SWubLfwPIRglCsiYMoJhwZfzq',	'2022-05-31 13:15:48'),
('votivetester.saurabh@gmail.com',	'8ZKfEhu6uBwyHonjNI1qi31xwUkyYuntDqUywsHPmLA35XtGOC8rOx5ERBlMd3Vg',	'2022-05-31 13:21:16'),
('votivephp.rahulraj@gmail.com',	'nnnSTiKt2tVl3AYhQZQeOtMS5zCrD7ySAoEBYdRd8NzSD94YQigve8M3aYY6RDo0',	'2022-06-01 05:06:17'),
('votivetester.saurabh@gmail.com',	'skZuHQKVI8W8Cj28qdZzBZgqbBRvlXvFEXxzMSx7Ys6aLwdae6TkzV2ADbEUBAKp',	'2022-06-01 05:08:01'),
('votivetester.saurabh@gmail.com',	'UAEy8VhRmlpPOIKkXmshE5zprJwmjedeb902OEnOv1ofDZduh7Qvy8ackV7WT3LX',	'2022-06-01 05:10:37'),
('votivetester.saurabh@gmail.com',	'c5usU9RAf4aj3pbCt3RLkCqGY0surHupwg99P9CbvMdHLNWGk89ikzsbg97GbnEx',	'2022-06-01 05:11:39'),
('votivetester.saurabh@gmail.com',	'XRW9KivI862P53gWscXCDiXxCAB8NviBQZEpnAt3at6LyZvd5yVoduuBNy9pTFd8',	'2022-06-01 05:13:57'),
('votivetester.saurabh@gmail.com',	'BpyyNEdp6G7uVf5VGmVlMahgBWWJRFB2MIZCWKLHk8fZv0RMe430jAdLJlhn3Pcm',	'2022-06-01 06:44:19'),
('votivetester.saurabh@gmail.com',	'sXDXAgdL7LtIPf1tNdI7omdhvC1v2ne2ODMDCqIPVlJZ3D8gEvQFo068c8T4kTI1',	'2022-06-01 06:44:19'),
('votivetester.saurabh@gmail.com',	'j6d5vbMNKN48dtH9hvnAjGEaubNyEqmCeQ7bK6IK1nCX4iAU30ri1IdrgiMFkee4',	'2022-06-01 06:45:10'),
('votivetester.saurabh@gmail.com',	'4orwAqOydrjnqFSVoIBYwxwJ0owEfAgPNdPNuBNe0f6xw8sidO3hy4aNl2yiqhnP',	'2022-06-01 06:50:29'),
('votivetester.saurabh@gmail.com',	'kkhhWInDBtWHLGYzhAy7T9tuFbbVAw8J724OlnFKfW8mZX5ZKBtQPrBGp85sT6YJ',	'2022-06-01 06:53:16'),
('votivetester.saurabh@gmail.com',	'knDhSIwJXH4uQeGcqBCzG5Zi8RW4VWFrefRu6vc24MQQenvTmEWxyWXBJ3wic82r',	'2022-06-01 06:53:53'),
('votivetester.saurabh@gmail.com',	'rlKS88Y6b0Dl3JAYyMlOiKqK2WAhooIFId95lWtSlkvZZ7e6cEOHlQ3va6eMTcAG',	'2022-06-01 08:53:33'),
('votivetester.saurabh@gmail.com',	'03NZC9kOxITtgnOydwQ50vrZwVzHtIVulsiGJfGw9LAfF754thA1LJgSoXX1W3Vm',	'2022-06-01 08:53:34'),
('votivetester.saurabh@gmail.com',	'lVLwWDAVRD9yPANcct3BdbBbFOYTmqswuSGDPrawDRLrvhirzc4ALeibRsWjWaAf',	'2022-06-01 08:57:12'),
('votivetester.saurabh@gmail.com',	'xnBlPis4bvgWUG2hOacfFMzFH3gomlM9edtMEzpCWqEHauYgWNCfhDoOyVQIAhLy',	'2022-06-01 08:57:12'),
('votivetester.saurabh@gmail.com',	'cbi0W3m1IhIoQGJao7S4oyuHIxkavgsIsWtKifNaP0hvYY1mOjANUBERjgdJUMSd',	'2022-06-01 09:39:07'),
('votivetester.saurabh@gmail.com',	'ok05FxLSMQetC2P526de9wd9SWamsDvLBfDLrLSVdp0B4twmhVgK5FpCTad079WU',	'2022-06-02 11:06:04'),
('votivetester.saurabh@gmail.com',	'6lEalQQBxTxQzh47DphyIU754JRT2MR2dBDFKb0sidx7ykNg4EYptlDqcIcWugFP',	'2022-06-02 11:09:16'),
('votivetester.saurabh@gmail.com',	'Uz7roifgvNx9EIU1uENUM1iFHmAIlxhjwoTEZL7u2g7hJPH759xx3rno3Z7FaeUk',	'2022-06-03 06:26:02'),
('votivetester.saurabh@gmail.com',	'tJG8ZUJwnTa1Bl3TdhxkkD61W89ikaX8lzW64MtLITP3HauSj4FSoNMrLShSXYlS',	'2022-06-03 08:38:43'),
('votivetester.saurabh@gmail.com',	'PVJX3aLk7auY1BSzY1W4EN2jFBpRjbDa9fQnpqKpBga6b1MEbACUKgQWl8iFZvyd',	'2022-06-03 08:44:24'),
('votivetester.saurabh@gmail.com',	'LiIBm8dA4LY8yeTnLBbhAJ5vhKRXktQxmXWeWOrksRbV0iJZWcakcuI5fVUzoGzS',	'2022-06-03 10:17:44'),
('votivetester.saurabh@gmail.com',	'MqQP2SZvCxg5eA2DIO2tv2W40zrYmDmdioJ9t9WoRIgWoxTvE7XQNgNMMXDmIlT6',	'2022-06-03 10:19:36'),
('snothinginlife@gmail.com',	'gFrsR5HbMOBuxc9KpibLH4k8Z7SFL8MOP5j3Zv7cuxezwpv9jjEIrHAYGZEVgl5N',	'2022-06-03 10:27:38'),
('snothinginlife@gmail.com',	'WPrj5VnRGtFOrCOOOQOtyWx6FobA2weArNTFlGbyJoi87S0kIyx9jfOGQIbZz4qq',	'2022-06-03 10:28:05'),
('snothinginlife@gmail.com',	'9FSaJIJ4pEm413m3e1lLhydRW4wFOaVsw80ufv5jh7cEc0MU6mbjKg7IXnpuCnV8',	'2022-06-03 10:28:39'),
('votivetester.saurabh@gmail.com',	'KpDbRQk4EAlvIReHSV9px7Wwd3NJp0bnz54NSQX7eT2okLIRl8uQbnzmjBUH54t0',	'2022-06-03 11:06:41'),
('votivetester.saurabh@gmail.com',	'CQhlJKANRLILDd3l6ineiK5dpbaV1fPBLkW6GFUdfTmPFot7rX9aeCuiTxXXIdpm',	'2022-06-03 11:06:42'),
('snothinginlife@gmail.com',	'Aj2Tc7EdJIcV2eAVf9WSjqDwn2PfhXXkk6M3eNvPdJj3ZXuu32jW9ZamWqSyaHkJ',	'2022-06-03 11:06:48'),
('votivetester.saurabh@gmail.com',	'D8XRIcuJEczrsu93n5Cj480yteDwBhB4PIYVtJnovbhqC0jOSQzv0Q8NutJE3Chz',	'2022-06-03 12:09:53'),
('votivetester.saurabh@gmail.com',	'movshShSvGSsvEUhpbPZkGCtzHnEm1O8IN9rnMiE2PTUad6XlB6ataYRWJqKvwY1',	'2022-06-04 06:15:19'),
('votivetester.saurabh@gmail.com',	'ler5mlauZ7I6txN8PQXeip7DqvApAP5NSipzowb4bG8RaSwxVwUS4xgJ3uAuxz5T',	'2022-06-04 07:22:49'),
('votivetester.saurabh@gmail.com',	'828NsJvWZNIzsy3bRiFp7re62ETX3uaVU6rJCwS73qUE6SGbHJLcdNahtxONeoRW',	'2022-06-04 11:08:39'),
('votivetester.saurabh@gmail.com',	'At5I3Rmq1LWxxzMoeU4RGmAMvjIrIxwDqJXsNLPHTPfmPowcpBefOEM7fLGb0vKJ',	'2022-06-04 11:08:39'),
('votivetester.saurabh@gmail.com',	'QlCUds9f9BGXh3aktljaSSuzwue7LlPRB2CKPtb2HUG60K8ty3sJQxA8JhLa0eQB',	'2022-06-04 11:37:55'),
('votivetester.saurabh@gmail.com',	'sLrrTyUZV11Lw7Vd47VXDvfQj0npAWCgMk9dbkQUBP4fzHE0ox2mXNfcOOb3y5Oy',	'2022-06-06 05:30:40'),
('votivetester.saurabh@gmail.com',	'briwQ7TxIGhaBAaku0wbkaahyFWBqZjqaYCclNq2Az1TtA9CTG2Z31Tfm9m6sXFm',	'2022-06-06 05:31:26'),
('votivetester.saurabh@gmail.com',	'5pqisk8siMoI60msirCvPMnbYB6sMgHqozkrbeN1F5H0fatLv30YRF5yrMn6MV1X',	'2022-06-06 05:31:48'),
('votivetester.saurabh@gmail.com',	'Fn7ljK470VnqEZd5UwH11P87hwVCjrHasahs5e1tYdgG8YE4dMMuj8sRzJGOUMkY',	'2022-06-06 09:09:41'),
('votivetester.saurabh@gmail.com',	'hsUdmxpzZIRMJcaneMq8DKgRAWzOo4W0MLjNKqa5FyVP9kzhCS0uYUnYdTzbCWNQ',	'2022-06-08 04:53:51'),
('votivetester.saurabh@gmail.com',	'FkNX7j8FyWqKVvC25eeTq4bMJyffjmjeHSxrDnzpYltTnWhvTLOzTjfEPQr8eXR7',	'2022-06-08 04:57:43'),
('votivetester.saurabh@gmail.com',	'c7Db9YEmJpuO4rSSMzhqy1wuIPjJEzIQnJf5nQi1TMsUHyTBvHL6R4gSyM0CHSyy',	'2022-06-08 05:15:12'),
('votivetester.saurabh@gmail.com',	'PKPj5XCF2z6wJZom6ADmjktlF3wDxMkFnCSNPpPN8wuitdZ1Nf8NnMaw1PyXkfsC',	'2022-06-08 05:17:26'),
('votivetester.saurabh@gmail.com',	'kekRXCzpsUJIqr52xRRPiFFvVHh63IDTmV98q7wA2MmlUMfU3H1g2f8rqb8V1gWu',	'2022-06-09 09:13:00'),
('votivetester.saurabh@gmail.com',	'0KDapCCBfUt69q4HR4xA0CQVkbxRd8gX9zQRI2MjYQlDZ0cLjfbYhXRhvnE10wr2',	'2022-06-09 09:14:39'),
('votivetester.saurabh@gmail.com',	'IFPsgNoN4niALf0aYejvNPnXfwU1jWHPu6d8u7rsBQH7LVpTxlMtSdkGwEby5UAV',	'2022-06-09 09:58:40'),
('votivetester.saurabh@gmail.com',	'8fDqTQMtathurE4pLaQn8af5SbiYIrlkJcfAoS9YXe8WpJVYMFgxBw1hzPVVJ26N',	'2022-06-09 10:01:35'),
('votivetester.saurabh@gmail.com',	'4iK6s6uR2i9FhSHKTId8FoGPQreZpnScBD9eDUoDNXbGCaNy9OiewkkhZQBA25OA',	'2022-06-10 11:30:23'),
('votivetester.saurabh@gmail.com',	'ZGSz0lfQ3Hh2KTTMG61Ta1FvGplyDH06pJmKmzoOYDaeoKiF4SuTK69jMdGMkyAw',	'2022-06-10 13:18:42'),
('votivetester.saurabh@gmail.com',	'ywu2fTSiX8tAqkMTgO0fw71AmGOOPOMa8XrXKdNWA3Eg4DDgyO9lStaXfMaQWL1P',	'2022-06-10 13:19:02'),
('votivetester.saurabh@gmail.com',	'pF9gaZ9Kd92VmKERUSge87vu2QAMqp9P8FFZj1w0rvFRqlpLu8P1fGLl0RoesFnT',	'2022-06-13 05:19:13'),
('votivetester.saurabh@gmail.com',	'Lc4eh4oT9s7noSaqYnkYuv2Xb1frzizrOTQ1Ed51wmBVLWt0MtK5NT0vHuqN5cmx',	'2022-06-13 07:01:25'),
('votivetester.saurabh@gmail.com',	'vThLLZ9xSL6JfqP0ddvrxYkIXfyjozwysE9ACtPfdr6hDKjyCMQJaTC0VZu9UZcD',	'2022-06-13 09:03:26'),
('votivetester.saurabh@gmail.com',	'4ZjatnI2roHNeM7rh8ZGtrRF9U5nfCWgwbIxdk2oBTGLsAGlYKlVXdUti4R8ApNe',	'2022-06-13 09:45:18'),
('votivetester.saurabh@gmail.com',	'5CwfiZ6zDbQyOrLN2ev5nJIdFU2puDW30yncZagTIg5z0uj46FLOWiGVLnXDikai',	'2022-06-13 09:50:51'),
('votivetester.saurabh@gmail.com',	'aKcf8NeT1g27dQXNHQeJeMlavtVlV81pMY8CS8Hi9MtnGT6sfNo66QbXoJR0g4Jz',	'2022-06-13 10:14:05'),
('votivetester.saurabh@gmail.com',	'Bn803H5mhSkrCZJcPZdgK24Oxj9e7bpunRnT9cUOn8kWhGbOJROfzoHJLilEscUB',	'2022-06-13 11:06:14'),
('votivetester.saurabh@gmail.com',	'CNKzKP3SBj5C05Ms6ef3DL9Yklr8CF6PW99p4bSQY0mzL8NY3sKppnRapvChgMuZ',	'2022-06-14 05:29:41'),
('votivetester.saurabh@gmail.com',	'GVbI8WReDKXLknGZe9UTJD8Fwp0vTBerjt0oOvboZCj4rK7lbfHF4BP33DGdUq4b',	'2022-06-15 10:43:48'),
('votivetester.saurabh@gmail.com',	'L9Q3oHiSAsVC4RAYufTr7YHAzR9DdryVpBX37nm6HMkNPhhu4xiXpvOOm2BDierH',	'2022-06-15 11:34:15'),
('votivetester.saurabh@gmail.com',	'6gjqHK7RAG5YC4OiE4snTxfpeDgWU3N3XiInRIccQBpA0AANFLFuZjsOQjY3oeRd',	'2022-06-15 11:37:30'),
('votivetester.saurabh@gmail.com',	'HEAazf0XZiJqyIfjaja2Y4QOPfHaizejMxTcc3ifqX3GurmAAly60cFKruySAQV4',	'2022-06-15 11:53:59'),
('votivetester.saurabh@gmail.com',	'tyWnPioDeRMxgl6z1hEcLHlNGnRnvdkt8FwUtdlWUkXpd9BjDk5xG7O3DBPQkMIG',	'2022-06-15 12:46:16'),
('votivetester.saurabh@gmail.com',	'Jadp8l4vvnLXr0BQRAax6oGt0Of0KXYR6BARQlvJjpsSfV4gOoDg9bi3zby7D9uD',	'2022-06-15 12:51:51'),
('votivetester.saurabh@gmail.com',	'J4XYHl1mo1szFCNvMTl7wAThLMB3Fx2MRgYJC7lQdqCP69xX4lFnMdyic30HvU7H',	'2022-06-17 08:25:08'),
('votivetester.saurabh@gmail.com',	'nLQzbJ6VjwSNIRw7mML7fAAqfbRjKqZ54axYuDKx1UqPWxPhx6hu7F0uq6jllzBs',	'2022-06-17 11:56:00'),
('votivetester.saurabh@gmail.com',	't2b1coZp8gpFSy1ci0T3bY6TgvqWBihMsNAzXdYBqyYqCqrqOYUZMcbG6lSLVD4Y',	'2022-06-17 12:30:27'),
('votivetester.saurabh@gmail.com',	'O8BxcorS5CxRrUU7KYKP4akLEBnaUzTQo74oPyJuRBxp5gk3tC8GB9C2mJWlmety',	'2022-06-17 12:31:52'),
('votivetester.saurabh@gmail.com',	'o3GPQWgYTgV9jO7YrMLox3lua5qAeOh5n6gBeEeDIBO0gl1BGEM9ngGyQVmvRInL',	'2022-06-17 12:53:05'),
('votivetester.saurabh@gmail.com',	'Fju6VPlt1Ca0Iy06sd4H9NsdSjCuu5vhXhLfjGbO3GA2u7G7bBxA1Cx6yFDHGBjF',	'2022-06-20 07:19:41'),
('votivetester.saurabh@gmail.com',	'qRENkFF62BG4VYUxFQrNbpzg76MhxSFQngIb1ihtNHAwszzZul7rRDH16QZlTT0f',	'2022-06-20 13:02:09'),
('votivetester.saurabh@gmail.com',	'zhuBdwKy0Eic6AYW8lUHUSK0OQ1utrenRZPDwvEwpgHXY64pl1mGc6mLTNtHn7zi',	'2022-06-21 09:54:02'),
('votivetester.saurabh@gmail.com',	'67XFXKDSW0o388Uwl2fW0Fbb6Wf5FhRHRWJfHM516gGLUmMJoicUqZ4Ab9gaQGMo',	'2022-06-23 07:06:19'),
('b@a',	'whlExbHA54hZdtw6u7nLikHeiHtdkjDvYxqdIuu8VBRKAvS1OFnO9m72oJeNIwrn',	'2022-06-23 07:09:13'),
('votivetester.saurabh@gmail.com',	'3A84NomxoKPoTolMiuu3j64PMHKhzp2YTnx5kJnyqdN7jPAIS4t2NngFUXkUtBf3',	'2022-06-23 11:46:33'),
('votivetester.saurabh@gmail.com',	'zHSQd5H1zGt6qDNguSOZQkndDiwVVUQsxFyjyNME6Chc6oX890gfhAaX0EJakFks',	'2022-06-24 06:48:20'),
('votivetester.saurabh@gmail.com',	'U2hZ83sVFALYqVL9AmNvsHMXkALL37m7VW1fMjdl5cVHi37vbBDL3s9CtZGEE9xR',	'2022-06-24 10:18:44'),
('votivetester.saurabh@gmail.com',	'cuK1zzFaKXf3nDyS53EKrm1OeROmUGYK4p1KxyGkSNrsLTltBUr7FPJYbXBL49tE',	'2022-06-24 10:41:03'),
('votivetester.saurabh@gmail.com',	'Dtn4pQRjfBEJ6ZyuDP9AqEBgrhSEbkYN6KWUyiUFtVRjX1AU7n0unYrtrtU1XDnV',	'2022-06-24 11:35:46'),
('spr1@gmail.com',	'hJp0Ls1RpBlWxHEu5Ohj3NjRp2bAeSOWGR6zkLyrCdsxaOLXPWrbGsypbCrNe21j',	'2022-06-24 13:23:30'),
('spr1@gmail.com',	'YcEshSQvSKCV8nlwUxgOD7HnlJ9k01FK6GqC0GHSI6n5LqEfFMhm9Uh3ddYB09Q5',	'2022-06-24 13:24:24'),
('votivetester.saurabh@gmail.com',	'2c7GOtR0U8VMEIXe56tdrLFOagJSQuDSirtl2ddSaZBAKkVXpYHfFLuVbtkUCx7x',	'2022-06-24 13:25:58'),
('votivetester.saurabh@gmail.com',	'eAxwc3dGSu4bM4XH3tMwmTlgAOPUTQ7qztvWl7XKewtzmxJPRmWf6gu3NcH15gT3',	'2022-06-25 09:31:14'),
('votivetester.saurabh@gmail.com',	'Fl5LP1jS8LYa53uPNOKHYx1GqSf85gCibBu8rYDjoOAF02TxP0K5pSKlK8rc0fO0',	'2022-06-25 09:43:54'),
('votivetester.saurabh@gmail.com',	'28zqi9JH09GYKofR9lnGiNbgUrd02PWmIJn09su0uJBS87hyPXtTGqoDoLao8tIw',	'2022-06-25 09:48:16'),
('votivetester.saurabh@gmail.com',	'oIIhPt58MoNvmorjnMmPcrvqEknTNQxpIE19j10MLV3n0wNCq341nvNHKL4gbYIJ',	'2022-06-25 12:45:52'),
('votivetester.saurabh@gmail.com',	'RLXVVpakcei6A9NS6NqUjmZr19jr33F0sarv7oYBrdLiqLeCBiHCbmsNnBn3rZre',	'2022-06-28 05:25:09'),
('votivetester.saurabh@gmail.com',	'oBkWllFtGO1Lz9zA556NLTfzZu4Fmeu7kqtOEFoWptc4q6Dhn1pBQG9Ln9Lxl0qH',	'2022-06-28 06:03:11'),
('votivetester.saurabh@gmail.com',	'azk1mZHtzpxF6YXyPeRhs0dO46YfExaWnUhTgHK5cJeQh5zH0I2PNVatWLceeob8',	'2022-06-28 09:38:21'),
('votivetester.saurabh@gmail.com',	'NLAqVbvg1wJNmU8uJBOOdlZ9SC0x0dt5TKf7FjxEB6kUDAuzn3SvDGhKMtSB56lG',	'2022-06-28 12:17:32'),
('votivetester.saurabh@gmail.com',	'jsX2CZjt36QOpBJOPH3rJKnTJRLzIpwXAGk038RQnNtEopb0A8yDOhSoAB5LI6xn',	'2022-06-28 12:17:43'),
('votivetester.saurabh@gmail.com',	'77fLTGhRs4oc7bAn42oo8dZm0UIaNG2C04dxesSqXvpUrJXrDhyRg49YTfAscZcq',	'2022-06-28 12:21:25'),
('votivetester.saurabh@gmail.com',	'4nK68125kvwWKjP7lYeMnGjPtwV6mAsog9a0Ga73VTgMPYbnS9pMF5JuqMfjH8fR',	'2022-06-28 13:16:35'),
('votivetester.saurabh@gmail.com',	'ySTDRsZlpPVp96eUcQCwacyGDxS7wQAmvUbpkiXyxHVgMRUKr12XtPbZ5TneQKkC',	'2022-06-28 13:16:55'),
('votivetester.saurabh@gmail.com',	'F3grbOeShsIaNCHpOZNGdsu93RheJGheJ8i6Ka9kbjfD8FsaxZ2flptGM1FFHcrI',	'2022-06-30 06:19:18'),
('votivetester.saurabh@gmail.com',	'KtXI1aL3x5Q4eI243Bnn7H4MjVR7CcRFwbgOhRoQl3b1534ghK0bjHDbvqvXT39r',	'2022-06-30 06:24:53'),
('votivetester.saurabh@gmail.com',	'lpDTu80yLm7hU5lXAUaxMUbfSQCG6IWJHEotW71cDYHuxeOmZoIjUiblOKNRlFYC',	'2022-06-30 07:27:55'),
('votivetester.saurabh@gmail.com',	'xmz6ckw0XlmSv8bZWxWWSsH0qtEEKVL0F9pN8H47Qg6IfavmWGDrHouHGALZlzT2',	'2022-06-30 09:58:34'),
('votivetester.saurabh@gmail.com',	'8diL7uhILhROjDRePgrsWesSmNQFFikhIvg8QLhwlBYlijr3i7eaa7wwpgXHJjfO',	'2022-06-30 12:35:41'),
('votivetester.saurabh@gmail.com',	'H5LXSWNr5pVRwRExZCI9w7g417moLja6IS2WQP51PeAIFAZFgp4EzfmYG5ARID98',	'2022-06-30 12:46:50'),
('votivetester.saurabh@gmail.com',	'kNylYyZ1YbSKfhO5RYdc0juCxzjjQOkH65KBms3SPMFPtrI1RT4qWKuPsmFUBVwd',	'2022-07-01 07:12:18'),
('votivetester.saurabh@gmail.com',	'TwFjzGwlAyUFSgKhupwUhIIutHY1fHF43Qx1yuzhi1igJObFq5T0B0slOA4x2YWY',	'2022-07-01 07:12:20'),
('votivetester.saurabh@gmail.com',	'YB6RwAJ13QxvbA8vglM1JxGEVkD9oq0qeopiEgZ366UFZFkNrFNX3f0H9qlBKx02',	'2022-07-01 09:09:16'),
('votivetester.saurabh@gmail.com',	'GDPBZqIexHGtYuebeUjJkEDo0aIcePwEsFjal611ca9ZPAkaBo4yzZgz4NqmTiGD',	'2022-07-01 09:09:23'),
('votivetester.saurabh@gmail.com',	'g4o1bHhs5ERqWiumeoWFQTtHU4fOpKBZAPtXnshFPs1pSYGWqNFc5HD7OVBTH3oa',	'2022-07-01 09:09:29'),
('votivetester.saurabh@gmail.com',	'UXxn7PQffIyJLAXEDcnR1AX88zIwy1PjSogUrxSKdFWrAGj2VqgnzzutFnr4oQ3f',	'2022-07-01 09:09:29'),
('votivetester.saurabh@gmail.com',	'qQYbMuDQaheKZsTwKvzzudEHy9qCBEXjo85FwnQ8MxXNHghU6FsmQSYmub5OdBwF',	'2022-07-01 09:09:29'),
('votivetester.saurabh@gmail.com',	'itqkBcn9omuqLswo5rhJGHoOuYRbCNDbJGLFXF9Xj3l1UlO7rRytShipl2UJtFBa',	'2022-07-01 09:09:33'),
('votivetester.saurabh@gmail.com',	'T2aiN0WGHITlYToBotCSnW4GyFRRj3jkeVDJbDb01sPeyRfOoUqMArMrGz3LMdE2',	'2022-07-01 09:09:33'),
('votivetester.saurabh@gmail.com',	'Cd3fO93A4qSY0aaYqG7Nj1ZJtos0iNZTDaArFc1T9pnbUstLRgzUwW4JfHhkIF20',	'2022-07-01 09:09:34'),
('votivetester.saurabh@gmail.com',	'uj4O0L0ZQq4mmzq9Phdt7KTlBBhckLAJTsN0wjQE8dkH1QRnQ3DmRq6yCOXrpge3',	'2022-07-01 09:09:34'),
('votivetester.saurabh@gmail.com',	'8xypCvxgK7xOsyuNc1IkNk0BcC43EgbSIjlCgIPtrfyT1XbzIoNM3s5YEuQTwrE7',	'2022-07-01 09:10:54'),
('2@3',	'acGIgxPecoGziBfSruBdwr5Xi7QoWp3PkLl2HFCCAeXlzl8sFRuQPwmqEgsGThv3',	'2022-07-01 09:49:06'),
('votivetester.saurabh@gmail.com',	'k3ZCis1lzJ3lRkPzL2hh8hoNp9beeAvok5lMfHEb1IjTgXMlmVxmK7Rptqw9acUs',	'2022-07-01 11:02:31'),
('votivetester.saurabh@gmail.com',	'oZTKNr2cubJ9kXllhWlupAvaVn6scyg77EX9YGZg8Hxx2z7AA26VznAL2MfOpFfn',	'2022-07-01 11:02:41'),
('votivetester.saurabh@gmail.com',	'eq34SQn4Mpj1jdJY1qsjtkY0WbZumHSrJ2DVqtIUXZdhu1B2avKWdnqrleyxqgZ3',	'2022-07-01 11:02:42'),
('votivetester.saurabh@gmail.com',	'FA2S19OekytTMFecEvb5D7xXnacag6xFzrJRJP1AXuPPmqWtGubUhDRKbeug0rwF',	'2022-07-01 11:02:43'),
('votivetester.saurabh@gmail.com',	'7kShxSEOV4EiIhMvGeqENHqPtamIX31RPzU2y5UtbgRoJ20T4LY4ycdX6b9bmjRZ',	'2022-07-01 11:02:44'),
('votivetester.saurabh@gmail.com',	'eNBmenx8EwRS9EhBwtXuTiujrbyjvDKU3cI95cMaLFn3udPvLEjirUSBdbqFmJfp',	'2022-07-02 06:16:11'),
('votivetester.saurabh@gmail.com',	'vymu6sCLPUdgQPRahu00mkWuOT1Lc2E5x7VnjHdBcutP6CTyzoEiZwBhjP6UBIns',	'2022-07-02 06:55:04'),
('votivetester.saurabh@gmail.com',	'7JBkmw2x5Mrr8w9GOklJ5diU8FiXrxLTSnExMc3zE4r2bT6Eu1Z0WX3J8O1sPdCh',	'2022-07-02 06:55:36'),
('votivetester.saurabh@gmail.com',	'7VlxjmYmhLZpl3Il65p46WJUckSxfStmQDz2qxQigO8lesDpva7uycjR1YPSWVMW',	'2022-07-02 09:41:46'),
('votivetester.saurabh@gmail.com',	'YnEmEaiSYSCnuJyvgcb8QbJu4NsRhb8BetBun29MWzehjXEQ6Yw2SUtsVF0GAzQa',	'2022-07-02 10:57:42'),
('votivetester.saurabh@gmail.com',	'Ju9XrtueNj7bOfskLnFuvZ2pJYaXq3yJoeNSQD2RYOosaAvfoRk9ZxksibNwBFNx',	'2022-07-02 11:10:00'),
('votivetester.saurabh@gmail.com',	'IA99JbrEe2fcw7MHNaiWdTiKTPBH2CjCGgVvHQbmzZN1lMhlSUEHY7beRtKtqxiC',	'2022-07-02 12:07:41'),
('votivetester.saurabh@gmail.com',	'RUZ08GwdxSfdTfHPHbCAJHnLfwWniMjxZMWF0lpxYpzbtN2jR1YxWBLYBmZ2h4ME',	'2022-07-02 13:15:15'),
('w@x',	'eHON5ZDhoGZt4flEciT8ZNp0sQKzJ045mhExguGJokH9PlZwneCqtoPM0FYMyBLQ',	'2022-07-04 10:32:47'),
('votivetester.saurabh@gmail.com',	'jBIs58hteF5Eh6yVFljr2QHpgydTY0SpZ0XTkxlgDZEatmqTQKOmeX7tbgQJggDE',	'2022-07-04 10:33:06'),
('votivetester.saurabh@gmail.com',	'Oo0bVK5naklcOg5323IR8KGUXCDVsKEHcW7XN6djkf2rrh0HIpK8UcXnxvqPf1Km',	'2022-07-04 10:33:13'),
('votivetester.saurabh@gmail.com',	'Hb0qHdrSbRAQgL3hF5PlFGDyfaIBkULPQNIdFE6C4eqdjuGurVzHPuja3rZQQTZu',	'2022-07-04 10:52:05'),
('votivetester.saurabh@gmail.com',	'uDoC6zEIGWoUgCG43X5vC2nJgPMRwog2NMbPwxdgErWaEujnO0UX1rHKx0o03uIz',	'2022-07-04 10:52:11'),
('votivetester.saurabh@gmail.com',	'bBJW8zAY1YmfdWa7qWqXUSG8JS0vyOYT6TzKNZO6LLeX43cLPsehq3QAhnP6VBrh',	'2022-07-04 11:51:34'),
('votivetester.saurabh@gmail.com',	'gATc8wbMVVwxByEgPZ6ZY9spEtSW4WPKEOsbtdX80jjWPrWUMMeeDAWBueBc7UCm',	'2022-07-04 13:01:20'),
('votivetester.saurabh@gmail.com',	'0zBzcW7DR4nvlj36alxHmIYXLPdmLoX9uz2OBCgp7Jqa2LnveBP7vkGpdseCBljr',	'2022-07-04 13:01:23'),
('votivetester.saurabh@gmail.com',	'FlQdTztugbCqAFjMWFSXpXoKB97vPKpTmIohx5qzvBlChXLqXLdH0Jtl5LGDU53L',	'2022-07-05 07:07:48'),
('votivetester.saurabh@gmail.com',	'ZtTX3A6rhAWOtVbIANaq6yKjp9RyJkAqthBMJ5h8IOG70CpH00RRKJy8ySYIc8Ih',	'2022-07-05 07:20:14'),
('votivetester.saurabh@gmail.com',	'aSV795XFBo33VqxghDEglnGm2zNJcAahaIOMajEaSpgyFkn06JUkPYnGUlBl4pt1',	'2022-07-06 05:43:21'),
('votivetester.saurabh@gmail.com',	'pGqmxQVTjzHwzkcqjrbvTMxYY1yClkv913e86guyJeZ9Po3k2NerT3KDr5CgSrtC',	'2022-07-06 05:43:22'),
('votivetester.saurabh@gmail.com',	'9MWSNtUX1LK4Vq8UkOvpKsMusTh61vze8A5g6GZvLDXN1awmsfJTe3ZkdYLQMnfx',	'2022-07-06 10:37:54'),
('votivetester.saurabh@gmail.com',	'kV1vd5jpPM7RpPFmTFE5c420Hi9aBbRvNHqddRHif44k22QbeYhxhy9cLv9bpOeo',	'2022-07-06 10:37:56'),
('votivetester.saurabh@gmail.com',	'ZLTL3tMGKaR4TnkbEssHdJjKsbGG5xc0GgUWQw1QT5hRgfDNlcgu1S8bBp1PiM4D',	'2022-07-06 10:37:56'),
('votivetester.saurabh@gmail.com',	'uuxRVTwOKnM68hbixLt924UvxBBaaBpSrf2vIM0XsCtoCqsjTGmYRcGIURRMnkOW',	'2022-07-06 10:37:57'),
('votivetester.saurabh@gmail.com',	'vvSACUmuNqL0rAoduzBgxmMD5ZAJH5ePFnkZTrd297yCUmG39KzTvcfwsvY71740',	'2022-07-06 12:18:53'),
('votivetester.saurabh@gmail.com',	'95joHuWoVX6phwLU3yUEeYIzWs7khp4q8aUIvAA64q2Z9czuyNBCnIDCdWyxksbQ',	'2022-07-06 12:56:49'),
('votivetester.saurabh@gmail.com',	'nzJV2xjXt2Bk4kL6xaV7AmxxH6DMcoDkY5kZ9bbjQNFkm7XwU0T4uMkkasWcBvZM',	'2022-07-06 12:56:52'),
('votivetester.saurabh@gmail.com',	'EjZwvsL3Sqw9VUlcKMTpgoxhdfdzfSuV7ktOxPzo6TjeTkLISXZRrKVuhLrHqvJF',	'2022-07-06 13:17:04'),
('votivetester.saurabh@gmail.com',	'Cn0j2alHt2XMnb5c424OsFd2dej7OnxbMnpdJSMxBQNva0r1aWWhIowNySotp5jh',	'2022-07-06 13:17:46'),
('votivetester.saurabh@gmail.com',	'CUKoqWqk7EYM7vZjJHEvJeKlJ5POg4ixjGuktekSwdRQIE95CwfU7K5Hg9OFyQv1',	'2022-07-06 13:18:12'),
('votivetester.saurabh@gmail.com',	'eZeXBbvFs0AnlZW7teaVnVgxnHyt9uBQ8E6DfTdG3JvtNCmNrGhom59SPau8CEx7',	'2022-07-07 07:07:13'),
('votivetester.saurabh@gmail.com',	'CdBgSaZtNt087GOm13AwK6hxylhNKlwjyOGpdRNaAexmtSBzwp0wg0wijQttTLn7',	'2022-07-07 09:28:56'),
('f@l',	'pvzNfDndJ6JAnpzO2BC2xAtTxy4mIEfoGCPA3lCaSIzaNJLE0MHeend4e3rCqKUh',	'2022-07-07 10:47:44'),
('votivetester.saurabh@gmail.com',	'o4GC5ouWMt2YMzUThvDF29qTlWHuWXFFk6vo5kFmA95Q8jXOd2miViKLRH5EVgoC',	'2022-07-08 06:39:35'),
('votivetester.saurabh@gmail.com',	'kijauWP25B9CkXXI8VzoICAu0BLV37xprf47HaLl9kbEYnyxX2JLrNVISdKpJEeC',	'2022-07-08 07:15:27'),
('votivetester.saurabh@gmail.com',	'y3y76E1G2lhbBHqHG9ZWgT0ZX7vRLKrVYYLYUXfCnlB9CHsrQqpFpYpSlEdsDgNY',	'2022-07-08 07:16:05'),
('abc@def',	'UgNlhLbBtbpnR4MqUNkHMDGhtDgfciZHFn6EX3ZG2ulULvLnxryoMYJUPgu5eS1L',	'2022-07-08 12:44:35'),
('votivetester.saurabh@gmail.com',	'pE4jX07c2Uwg0MNeddojVxUKUERQGTp0Gzx2KLMqKWMaXVEtgv5sj8hE4oxCWxip',	'2022-07-11 05:01:41'),
('votivetester.saurabh@gmail.com',	'K9i126NiwaauzFc09DliqJnogeYpe5e8mWmPD0iZnSEmJfhCBFp2sTYFypxQ8cNt',	'2022-07-13 05:15:03'),
('votivetester.saurabh@gmail.com',	'GFaXBgjm4KFGJrUiFYKRoUjJaZfy7qeHpATzJUIPL5t9pgg3j8slGeagREZJ2NKk',	'2022-07-13 06:40:20'),
('votivetester.saurabh@gmail.com',	'ocvel8MpJmtWK1gzhzBbabgtlmt5KKsfLvjjiIBLo7XelXpPb23MaQxBz4RkBPZB',	'2022-07-13 07:23:21'),
('votivetester.saurabh@gmail.com',	'rnnTbQOFBkaXtdL2i7JNh5gRDxAjkOKWfrEzRrC4Bwl10NVLP8sZ8G1aJMpuLEDp',	'2022-07-13 07:28:50'),
('votivetester.saurabh@gmail.com',	'IT1cpRqa8vKa9JVM4sjhNt1ZVwBiMEmbgaJrmnbOm1KGFaH89rtSLYUeLvBW8y8r',	'2022-07-13 09:17:31'),
('votivetester.saurabh@gmail.com',	'FxpToqnanQhje4ZBY8u3bdF3eBaBLrjiQP5i4dS64yGeNtsUkb3HBF53LUm6xS1G',	'2022-07-13 11:46:28'),
('votivetester.saurabh@gmail.com',	'Jaavv0Bc0itrAtiY9XnhGw7GytkmH3kZiqhrGhz3scM4oMob286Li8bXY7ubSDkh',	'2022-07-13 13:01:26'),
('votivetester.saurabh@gmail.com',	'py4e9eLnQi7udZvQddErB0BvepvNliZ9B3OTer8LrmJoxcfGVEaTgMVAXwL6ZZa5',	'2022-07-14 06:46:20'),
('mn@o',	'cDYkXo7QLujpdRO5hAVuqgpaPYXisDxqz3bmYmjSEnz7euLlEVv0E4yS0kMAuDFY',	'2022-07-14 09:55:29'),
('votivetester.saurabh@gmail.com',	'9F4rbF89EhHWpFscquUhefML02rAOH2fwMobkIa1DCMjoOSDowAtVengLAeeBvrm',	'2022-07-14 12:21:09'),
('votivetester.saurabh@gmail.com',	'4Ws8saP7TKZRMEQYWJmY2iriLyDoVsmYlO5iWInXbPGfxmw7y6B60ZGTYeDiNFwn',	'2022-07-15 07:16:32'),
('votivetester.saurabh@gmail.com',	'CSt8JvKeguZUSIUYJ8GeaIKRDdK0S64tqDedG7rsYiNml18ZxV1Nid7P5VPXY1cm',	'2022-07-15 12:53:56'),
('votivetester.saurabh@gmail.com',	'H1jZhfJXfOXAilrudyo3t8JOj9yjD6Nr51eimqAQD519eqMuUwp457uieXE47xCv',	'2022-07-16 05:32:06'),
('pqr@stu',	'03v1sGZHE5p8nRKB5OFy5dRqNhVYZkSfyJ5afVoQzqDPt6bqWhQiugRtukXDpxRm',	'2022-07-16 08:30:53'),
('mno@jkl',	'jDKpejH028vYz6NrNUjAqWHCZPKLsfDfYJ6a4DxJUMquKAaYAbUYblW773jkNwps',	'2022-07-16 08:35:10'),
('votivetester.saurabh@gmail.com',	'o57PWHBQdiVPOohxhwJjRc2ThgyQjraBpx8tLNZCDogwFou4EAYrGQ5sTYdGMkSj',	'2022-07-16 09:51:10'),
('votivetester.saurabh@gmail.com',	'its2S77EW0UelsXMGWucih4QYnrZChg6qFrPLvT05xBs7D0LztoJjZ093VPyo9MI',	'2022-07-16 13:14:35'),
('votivetester.saurabh@gmail.com',	'cgGkKqLcYebfyCpo8Smy1nC1ioRPKmmzeSzPx2myFv4j4KDLdue7BDNX8L78u67Q',	'2022-07-19 06:42:47'),
('votivetester.saurabh@gmail.com',	'M7pBHs3xjnMxMETdKcYnnzmGJ1Id5h8xkgaEQjNZZgOiT24yCQIYpYagmuCSLqKN',	'2022-07-19 09:27:16'),
('votivetester.saurabh@gmail.com',	'HOIaJJWP4g5uLHDQ5m4Zqb07D5EHzKYGOpluZ88emgFXOIvXy1e1Djw8l56ASecK',	'2022-07-19 11:05:39'),
('votivetester.saurabh@gmail.com',	'kUwRabHEbZVQeMhPVGchE33FMwrEEFwcoCeNksqbFGW7Mq5zfXlwfF2u1IARXQWC',	'2022-07-19 12:01:26'),
('votivetester.saurabh@gmail.com',	'W03lgrt0D74yibzRQVCKx0Gmw0NXftJ2ezmXzD2yu2SfsRp3V217TJ77nMBz2LyQ',	'2022-07-20 06:43:55'),
('votivetester.saurabh@gmail.com',	'Mon5SLJ0bHr0Q9Dfhy2H9mlCkhlL9SPrMmNYtwOqM7alXKc0s9hp9FKfp4o90vtl',	'2022-07-21 13:28:59'),
('votivetester.saurabh@gmail.com',	'ExolIaCITEDYbpIAuVU6VuNhYBXEslMeL6GwRYkDrCyjzZh40v8fblRa5YSBIJyW',	'2022-07-22 08:41:07'),
('votivetester.saurabh@gmail.com',	'NnWNQ1gtaNknCBCuxpG2nj3oDAB9nhFR17urruvzGdtr8eRIDhFEdyKSAyLtdpqg',	'2022-07-22 08:41:21'),
('votivetester.saurabh@gmail.com',	'0Thy6RXewVSI2NbWnUM5mygJS1tCmHvPTBmA3AH1HBipsyGsi0nrwJmQHFsp2dFr',	'2022-07-22 10:43:04'),
('votivetester.saurabh@gmail.com',	'mSOqJhkbEVdkU5OcWxwcXsb65rSPTJE1onalBgLZB3SArzUgwy54HrfH7H0fMhWs',	'2022-07-25 06:55:55'),
('votivetester.saurabh@gmail.com',	'MxeYRQ8zcKB89zGOYgQy5kSDcaAFerkvK2yr6f4WYKGL7y1kONxazfnOveEMZWC7',	'2022-07-25 09:54:50'),
('votivetester.saurabh@gmail.com',	'uinPjR9RjU5aTsNJevMX3Z981489rv5kyMViNscrPN3LnIazc8e0LmlXtSd94bhp',	'2022-07-25 09:55:50'),
('votivetester.saurabh@gmail.com',	'0c4twTSHnhuOeDdsBxyNRNJ3aM1DRXLRSqmHklNUjXoTf9xnTI1ABx5Vl3G1Up1h',	'2022-07-25 12:48:31'),
('votivetester.saurabh@gmail.com',	'JSI2HtiQ6kZ5kkvUm6oKKR5jTh5DW6TM9ANe52KhkLlNBqh8e9LeiRiJWOwFgEvG',	'2022-07-26 10:01:22'),
('votivetester.saurabh@gmail.com',	'QQYKA3zyTuhHufInpQvv5bSjltxADsCjE1fCpyZqsVqGyIoDFnlkBdv9y7i1qy1M',	'2022-07-26 12:45:50'),
('votivetester.saurabh@gmail.com',	'W2iMlYQdAijBPNCELLy59dVJFLELya6885XTvrFv0IW2vV78ls1WhiX2Q0evzoNT',	'2022-07-27 06:28:07'),
('votivephp.rahulraj@gmail.com',	'JvFE1YttVouxjJSIwBUDveBZA6t7OsQvWpBDtutbmDT2ipMH9VwgIKvMMAymlEsp',	'2022-07-27 06:36:23'),
('votivetester.saurabh@gmail.com',	'r45L9HCc3EVdqQeis15sFuTIVTuRuts13ah9oGqCwYPYRktkR0zVn2VjM8Skh64K',	'2022-07-27 13:34:19'),
('votivetester.saurabh@gmail.com',	'LesKXnMRMI4conLLuULX6hmpogDWsOAKRoFFqwo5lFmFSyH9zS5VXTTzms0c7yL7',	'2022-07-28 05:09:34'),
('votivetester.saurabh@gmail.com',	'gFzUI4ejPGCHBIJh8y1iFhOjlnKSTk3rzlaKYTdizPoXMYVik7cp1zZyQtv70cgJ',	'2022-07-28 10:19:12'),
('votivetester.saurabh@gmail.com',	'1dC1ULUXOnlokqTQMX5HzVVwvundedZH8j12HGLJpBtjudcCocnJenXP3Gq0aX2t',	'2022-07-28 10:23:10'),
('votivephp.rahulraj@gmail.com',	'cj4vajuamRufLJHXAVFYXC3RsFosu1AsCHN3OPTuu8DZxvhgwz0Fy4kzoETMrPwc',	'2022-07-28 13:34:49'),
('votivetester.saurabh@gmail.com',	'v2F3xrlKUbOpfhK78nz6AvBNCTHNCP9VDJ7CN6IX4AfrK3PvmcWmDFggUARO9DIi',	'2022-07-29 10:05:22'),
('votivetester.saurabh@gmail.com',	'mPp9qoUATrnwDCdCM6u0FD4R7VAotwuOzYfC3B82pOwp18aW848lfHdMw8DROHKd',	'2022-07-29 11:50:49'),
('votivetester.saurabh@gmail.com',	'bxY2KMcrrwjql3oJBjBeuHOAdX9LlbH7PBUAIVP3ROokrfeLNiHC35SyMrO3JAVm',	'2022-07-29 12:05:31'),
('votivetester.saurabh@gmail.com',	'qp0YLaqgSJliXwSD1cqzncZU7fltyrI2UfxNH27JFOtqHFWhBVhaku0bPETgekHC',	'2022-07-29 12:52:39');

DROP TABLE IF EXISTS `payment_transaction`;
CREATE TABLE `payment_transaction` (
  `id` int(11) NOT NULL AUTO_INCREMENT,
  `booking_id` int(11) NOT NULL,
  `user_id` int(11) NOT NULL,
  `txn_id` varchar(255) COLLATE utf8_unicode_ci NOT NULL,
  `txn_amount` float(10,2) NOT NULL,
  `payment_method` varchar(255) COLLATE utf8_unicode_ci NOT NULL,
  `txn_status` varchar(255) COLLATE utf8_unicode_ci NOT NULL,
  `txn_date` varchar(255) COLLATE utf8_unicode_ci NOT NULL,
  `created_at` datetime NOT NULL ON UPDATE CURRENT_TIMESTAMP,
  `updated_at` timestamp NOT NULL DEFAULT CURRENT_TIMESTAMP ON UPDATE CURRENT_TIMESTAMP,
  PRIMARY KEY (`id`)
) ENGINE=InnoDB DEFAULT CHARSET=utf8 COLLATE=utf8_unicode_ci;

INSERT INTO `payment_transaction` (`id`, `booking_id`, `user_id`, `txn_id`, `txn_amount`, `payment_method`, `txn_status`, `txn_date`, `created_at`, `updated_at`) VALUES
(1,	2,	678,	'9RP38088J5741813M',	120.00,	'paypal',	'successful',	'2022-06-28 13:16:21',	'2022-06-28 13:16:21',	'2022-06-28 13:16:21'),
(2,	3,	678,	'0K850409FP8628944',	610.00,	'paypal',	'successful',	'2022-06-30 10:29:06',	'2022-06-30 10:29:06',	'2022-06-30 10:29:06'),
(3,	4,	678,	'5EB90005AY755401R',	610.00,	'paypal',	'successful',	'2022-06-30 12:02:46',	'2022-06-30 12:02:46',	'2022-06-30 12:02:46'),
(4,	5,	678,	'9UR163189J926324A',	610.00,	'paypal',	'successful',	'2022-06-30 12:05:41',	'2022-06-30 12:05:41',	'2022-06-30 12:05:41'),
(5,	6,	678,	'9UR163189J926324A',	610.00,	'paypal',	'successful',	'2022-06-30 12:13:46',	'2022-06-30 12:13:46',	'2022-06-30 12:13:46'),
(6,	7,	678,	'9UR163189J926324A',	610.00,	'paypal',	'successful',	'2022-06-30 12:14:57',	'2022-06-30 12:14:57',	'2022-06-30 12:14:57'),
(7,	8,	678,	'9UR163189J926324A',	610.00,	'paypal',	'successful',	'2022-06-30 12:15:34',	'2022-06-30 12:15:34',	'2022-06-30 12:15:34'),
(8,	9,	678,	'9UR163189J926324A',	610.00,	'paypal',	'successful',	'2022-06-30 12:16:30',	'2022-06-30 12:16:30',	'2022-06-30 12:16:30'),
(9,	10,	678,	'9UR163189J926324A',	610.00,	'paypal',	'successful',	'2022-06-30 12:17:08',	'2022-06-30 12:17:08',	'2022-06-30 12:17:08'),
(10,	11,	678,	'9UR163189J926324A',	610.00,	'paypal',	'successful',	'2022-06-30 12:17:29',	'2022-06-30 12:17:29',	'2022-06-30 12:17:29'),
(11,	12,	678,	'9UR163189J926324A',	610.00,	'paypal',	'successful',	'2022-06-30 12:18:17',	'2022-06-30 12:18:17',	'2022-06-30 12:18:17'),
(12,	13,	678,	'9UR163189J926324A',	610.00,	'paypal',	'successful',	'2022-06-30 12:18:51',	'2022-06-30 12:18:51',	'2022-06-30 12:18:51'),
(13,	14,	678,	'9UR163189J926324A',	610.00,	'paypal',	'successful',	'2022-06-30 12:19:55',	'2022-06-30 12:19:55',	'2022-06-30 12:19:55'),
(14,	15,	678,	'9UR163189J926324A',	610.00,	'paypal',	'successful',	'2022-06-30 12:20:34',	'2022-06-30 12:20:34',	'2022-06-30 12:20:34'),
(15,	16,	678,	'9UR163189J926324A',	610.00,	'paypal',	'successful',	'2022-06-30 12:22:28',	'2022-06-30 12:22:28',	'2022-06-30 12:22:28'),
(16,	17,	678,	'9UR163189J926324A',	610.00,	'paypal',	'successful',	'2022-06-30 12:23:07',	'2022-06-30 12:23:07',	'2022-06-30 12:23:07'),
(17,	18,	678,	'9UR163189J926324A',	610.00,	'paypal',	'successful',	'2022-06-30 12:23:27',	'2022-06-30 12:23:27',	'2022-06-30 12:23:27'),
(18,	19,	678,	'9UR163189J926324A',	610.00,	'paypal',	'successful',	'2022-06-30 12:23:53',	'2022-06-30 12:23:53',	'2022-06-30 12:23:53'),
(19,	20,	678,	'9UR163189J926324A',	610.00,	'paypal',	'successful',	'2022-06-30 12:24:46',	'2022-06-30 12:24:46',	'2022-06-30 12:24:46'),
(20,	21,	678,	'9UR163189J926324A',	610.00,	'paypal',	'successful',	'2022-06-30 12:25:36',	'2022-06-30 12:25:36',	'2022-06-30 12:25:36'),
(21,	22,	678,	'9UR163189J926324A',	610.00,	'paypal',	'successful',	'2022-06-30 12:26:30',	'2022-06-30 12:26:30',	'2022-06-30 12:26:30'),
(22,	23,	678,	'9UR163189J926324A',	610.00,	'paypal',	'successful',	'2022-06-30 12:27:53',	'2022-06-30 12:27:53',	'2022-06-30 12:27:53'),
(23,	24,	678,	'87627940X4983833A',	610.00,	'paypal',	'successful',	'2022-06-30 12:39:51',	'2022-06-30 12:39:51',	'2022-06-30 12:39:51'),
(24,	25,	678,	'87627940X4983833A',	610.00,	'paypal',	'successful',	'2022-06-30 12:42:13',	'2022-06-30 12:42:13',	'2022-06-30 12:42:13'),
(25,	26,	678,	'87627940X4983833A',	610.00,	'paypal',	'successful',	'2022-06-30 12:43:53',	'2022-06-30 12:43:53',	'2022-06-30 12:43:53'),
(26,	27,	678,	'87627940X4983833A',	610.00,	'paypal',	'successful',	'2022-06-30 12:45:29',	'2022-06-30 12:45:29',	'2022-06-30 12:45:29'),
(27,	28,	689,	'5RH479112J290004F',	2020.00,	'paypal',	'successful',	'2022-06-30 13:09:11',	'2022-06-30 13:09:11',	'2022-06-30 13:09:11'),
(28,	29,	678,	'9AM9480375034023N',	2020.00,	'paypal',	'successful',	'2022-07-01 06:36:41',	'2022-07-01 06:36:41',	'2022-07-01 06:36:41'),
(29,	30,	689,	'51P95724B4529473Y',	2.00,	'paypal',	'successful',	'2022-07-02 10:22:12',	'2022-07-02 10:22:12',	'2022-07-02 10:22:12'),
(30,	31,	689,	'96W67082RX903431X',	12000.00,	'paypal',	'successful',	'2022-07-05 07:07:30',	'2022-07-05 07:07:30',	'2022-07-05 07:07:30'),
(31,	32,	689,	'6LD28868NY5513839',	1112.00,	'paypal',	'successful',	'2022-07-05 10:55:14',	'2022-07-05 10:55:14',	'2022-07-05 10:55:14'),
(32,	33,	689,	'8E444124G1254081F',	1113.00,	'paypal',	'successful',	'2022-07-05 10:59:26',	'2022-07-05 10:59:26',	'2022-07-05 10:59:26'),
(33,	34,	689,	'6NB23909NH553374N',	110.00,	'paypal',	'successful',	'2022-07-07 09:25:56',	'2022-07-07 09:25:56',	'2022-07-07 09:25:56'),
(34,	35,	689,	'6NB71775MP9460232',	110.00,	'paypal',	'successful',	'2022-07-07 09:26:57',	'2022-07-07 09:26:57',	'2022-07-07 09:26:57'),
(35,	36,	689,	'2R823306BS9292259',	610.00,	'paypal',	'successful',	'2022-07-07 09:58:16',	'2022-07-07 09:58:16',	'2022-07-07 09:58:16'),
(36,	37,	678,	'3FH26141JP512193J',	609.00,	'paypal',	'successful',	'2022-07-08 09:07:00',	'2022-07-08 09:07:00',	'2022-07-08 09:07:00'),
(37,	38,	678,	'0E926307JB155900L',	609.00,	'paypal',	'successful',	'2022-07-08 09:20:42',	'2022-07-08 09:20:42',	'2022-07-08 09:20:42'),
(38,	39,	678,	'2K152697AH834902P',	502.00,	'paypal',	'successful',	'2022-07-08 09:36:02',	'2022-07-08 09:36:02',	'2022-07-08 09:36:02'),
(39,	40,	678,	'52353307SF6681844',	609.00,	'paypal',	'successful',	'2022-07-08 09:44:38',	'2022-07-08 09:44:38',	'2022-07-08 09:44:38'),
(40,	41,	678,	'5GS758126M432235H',	609.00,	'paypal',	'successful',	'2022-07-08 09:46:51',	'2022-07-08 09:46:51',	'2022-07-08 09:46:51'),
(41,	42,	754,	'3E0418119X0096001',	1200.00,	'paypal',	'successful',	'2022-07-08 11:01:19',	'2022-07-08 11:01:19',	'2022-07-08 11:01:19'),
(42,	43,	754,	'0DH91798E8902034R',	612.00,	'paypal',	'successful',	'2022-07-08 11:09:12',	'2022-07-08 11:09:12',	'2022-07-08 11:09:12'),
(43,	44,	804,	'4H062256GX404524K',	502.00,	'paypal',	'successful',	'2022-07-08 12:16:07',	'2022-07-08 12:16:07',	'2022-07-08 12:16:07'),
(44,	45,	689,	'8R678279HX7576147',	609.00,	'paypal',	'successful',	'2022-07-08 12:54:59',	'2022-07-08 12:54:59',	'2022-07-08 12:54:59'),
(45,	46,	689,	'58E51505B2775521Y',	610.00,	'paypal',	'successful',	'2022-07-08 12:58:23',	'2022-07-08 12:58:23',	'2022-07-08 12:58:23'),
(46,	47,	678,	'8NA39740LM909213G',	2020.00,	'paypal',	'successful',	'2022-07-10 05:03:07',	'2022-07-10 05:03:07',	'2022-07-10 05:03:07'),
(47,	48,	821,	'6XK500671X866230M',	1200.00,	'paypal',	'successful',	'2022-07-11 06:12:17',	'2022-07-11 06:12:17',	'2022-07-11 06:12:17'),
(48,	49,	819,	'77C15778SC6385614',	7000.00,	'paypal',	'successful',	'2022-07-11 06:13:10',	'2022-07-11 06:13:10',	'2022-07-11 06:13:10'),
(49,	50,	822,	'13310440TG463410A',	1002.00,	'paypal',	'successful',	'2022-07-11 06:20:41',	'2022-07-11 06:20:41',	'2022-07-11 06:20:41'),
(50,	51,	824,	'37373008RB5471341',	3610.00,	'paypal',	'successful',	'2022-07-11 06:29:37',	'2022-07-11 06:29:37',	'2022-07-11 06:29:37'),
(51,	52,	821,	'7W217253KE188700N',	1501.00,	'paypal',	'successful',	'2022-07-11 06:56:42',	'2022-07-11 06:56:42',	'2022-07-11 06:56:42'),
(52,	53,	821,	'2HA15297FS429953Y',	1051.00,	'paypal',	'successful',	'2022-07-11 06:59:30',	'2022-07-11 06:59:30',	'2022-07-11 06:59:30'),
(53,	54,	824,	'8T870544D4782924S',	20112.00,	'paypal',	'successful',	'2022-07-11 07:14:16',	'2022-07-11 07:14:16',	'2022-07-11 07:14:16'),
(54,	55,	824,	'58D42627MG1895434',	6462.00,	'paypal',	'successful',	'2022-07-11 07:28:58',	'2022-07-11 07:28:58',	'2022-07-11 07:28:58'),
(55,	56,	819,	'2R79847429926622K',	610.00,	'paypal',	'successful',	'2022-07-11 09:02:20',	'2022-07-11 09:02:20',	'2022-07-11 09:02:20'),
(56,	57,	819,	'4BE42986K0820200M',	3000.00,	'paypal',	'successful',	'2022-07-11 09:16:50',	'2022-07-11 09:16:50',	'2022-07-11 09:16:50'),
(57,	58,	821,	'8WR32970MP8845156',	200.00,	'paypal',	'successful',	'2022-07-11 09:47:04',	'2022-07-11 09:47:04',	'2022-07-11 09:47:04'),
(58,	59,	821,	'27T92713HK8382022',	1501.00,	'paypal',	'successful',	'2022-07-11 10:05:31',	'2022-07-11 10:05:31',	'2022-07-11 10:05:31'),
(59,	60,	689,	'4A340366GJ787243P',	6001.00,	'paypal',	'successful',	'2022-07-11 10:20:16',	'2022-07-11 10:20:16',	'2022-07-11 10:20:16'),
(60,	61,	821,	'3UP60169JT683370K',	1501.00,	'paypal',	'successful',	'2022-07-11 10:45:00',	'2022-07-11 10:45:00',	'2022-07-11 10:45:00'),
(61,	62,	819,	'5LN71192WK459864S',	2612.00,	'paypal',	'successful',	'2022-07-11 11:37:46',	'2022-07-11 11:37:46',	'2022-07-11 11:37:46'),
(62,	63,	819,	'5LN71192WK459864S',	2612.00,	'paypal',	'successful',	'2022-07-11 11:40:16',	'2022-07-11 11:40:16',	'2022-07-11 11:40:16'),
(63,	64,	819,	'5LN71192WK459864S',	2612.00,	'paypal',	'successful',	'2022-07-11 11:44:37',	'2022-07-11 11:44:37',	'2022-07-11 11:44:37'),
(64,	65,	819,	'5LN71192WK459864S',	2612.00,	'paypal',	'successful',	'2022-07-11 11:46:39',	'2022-07-11 11:46:39',	'2022-07-11 11:46:39'),
(65,	66,	819,	'5LN71192WK459864S',	2612.00,	'paypal',	'successful',	'2022-07-11 11:48:18',	'2022-07-11 11:48:18',	'2022-07-11 11:48:18'),
(66,	67,	819,	'3EC504992L9772409',	2612.00,	'paypal',	'successful',	'2022-07-11 11:59:34',	'2022-07-11 11:59:34',	'2022-07-11 11:59:34'),
(67,	68,	819,	'4WK31431KT662925K',	862.00,	'paypal',	'successful',	'2022-07-11 12:08:54',	'2022-07-11 12:08:54',	'2022-07-11 12:08:54'),
(68,	69,	821,	'8DF62369P2519114M',	1200.00,	'paypal',	'successful',	'2022-07-11 12:09:55',	'2022-07-11 12:09:55',	'2022-07-11 12:09:55'),
(69,	70,	821,	'8E048257UL922052F',	610.00,	'paypal',	'successful',	'2022-07-11 12:15:23',	'2022-07-11 12:15:23',	'2022-07-11 12:15:23'),
(70,	71,	819,	'93A98385LF688882J',	2020.00,	'paypal',	'successful',	'2022-07-11 12:18:09',	'2022-07-11 12:18:09',	'2022-07-11 12:18:09'),
(71,	72,	819,	'84C24054848428334',	1010.00,	'paypal',	'successful',	'2022-07-11 12:23:48',	'2022-07-11 12:23:48',	'2022-07-11 12:23:48'),
(72,	73,	819,	'8EP37745MS135752J',	1200.00,	'paypal',	'successful',	'2022-07-11 12:33:45',	'2022-07-11 12:33:45',	'2022-07-11 12:33:45'),
(73,	74,	819,	'0ST09706BX210553G',	1200.00,	'paypal',	'successful',	'2022-07-11 12:45:26',	'2022-07-11 12:45:26',	'2022-07-11 12:45:26'),
(74,	75,	819,	'8C561674JK376603M',	1200.00,	'paypal',	'successful',	'2022-07-11 12:50:13',	'2022-07-11 12:50:13',	'2022-07-11 12:50:13'),
(75,	76,	819,	'5BN29210FJ261740C',	1200.00,	'paypal',	'successful',	'2022-07-11 12:55:00',	'2022-07-11 12:55:00',	'2022-07-11 12:55:00'),
(76,	77,	819,	'7N4808480K289225K',	1200.00,	'paypal',	'successful',	'2022-07-11 13:00:41',	'2022-07-11 13:00:41',	'2022-07-11 13:00:41'),
(77,	78,	819,	'8RL7771799546810M',	502.00,	'paypal',	'successful',	'2022-07-11 13:04:25',	'2022-07-11 13:04:25',	'2022-07-11 13:04:25'),
(78,	79,	819,	'4ES25876M0199611E',	612.00,	'paypal',	'successful',	'2022-07-11 13:10:57',	'2022-07-11 13:10:57',	'2022-07-11 13:10:57'),
(79,	80,	819,	'4D348156FF6014217',	612.00,	'paypal',	'successful',	'2022-07-11 13:15:54',	'2022-07-11 13:15:54',	'2022-07-11 13:15:54'),
(80,	81,	689,	'1EV73475TY9023915',	862.00,	'paypal',	'successful',	'2022-07-12 06:53:39',	'2022-07-12 06:53:39',	'2022-07-12 06:53:39'),
(81,	82,	824,	'3CY92388SP2186217',	613.00,	'paypal',	'successful',	'2022-07-12 06:57:33',	'2022-07-12 06:57:33',	'2022-07-12 06:57:33'),
(82,	83,	819,	'5ML333145H082920C',	1010.00,	'paypal',	'successful',	'2022-07-12 09:34:49',	'2022-07-12 09:34:49',	'2022-07-12 09:34:49'),
(83,	84,	819,	'0D2338836H7408423',	1010.00,	'paypal',	'successful',	'2022-07-12 09:42:06',	'2022-07-12 09:42:06',	'2022-07-12 09:42:06'),
(84,	85,	819,	'1C1504891S038291A',	2020.00,	'paypal',	'successful',	'2022-07-12 09:47:33',	'2022-07-12 09:47:33',	'2022-07-12 09:47:33'),
(85,	86,	819,	'0UJ71522L1284252L',	1010.00,	'paypal',	'successful',	'2022-07-12 09:53:04',	'2022-07-12 09:53:04',	'2022-07-12 09:53:04'),
(86,	87,	837,	'5X665185TA042683S',	7000.00,	'paypal',	'successful',	'2022-07-13 05:05:20',	'2022-07-13 05:05:20',	'2022-07-13 05:05:20'),
(87,	88,	837,	'6FF78373H3411115P',	1501.00,	'paypal',	'successful',	'2022-07-13 05:06:39',	'2022-07-13 05:06:39',	'2022-07-13 05:06:39'),
(88,	89,	837,	'2BM33192M7515110G',	1501.00,	'paypal',	'successful',	'2022-07-13 06:30:35',	'2022-07-13 06:30:35',	'2022-07-13 06:30:35'),
(89,	90,	837,	'8L751532CR8330245',	1501.00,	'paypal',	'successful',	'2022-07-13 08:50:06',	'2022-07-13 08:50:06',	'2022-07-13 08:50:06'),
(90,	91,	837,	'49A02132PE1571343',	1501.00,	'paypal',	'successful',	'2022-07-13 12:48:05',	'2022-07-13 12:48:05',	'2022-07-13 12:48:05'),
(91,	92,	823,	'013669778L5084506',	5501.00,	'paypal',	'successful',	'2022-07-14 06:01:11',	'2022-07-14 06:01:11',	'2022-07-14 06:01:11'),
(92,	93,	837,	'177386049G213124G',	1501.00,	'paypal',	'successful',	'2022-07-14 09:10:29',	'2022-07-14 09:10:29',	'2022-07-14 09:10:29'),
(93,	94,	837,	'8NR754986W314725P',	862.00,	'paypal',	'successful',	'2022-07-15 05:59:40',	'2022-07-15 05:59:40',	'2022-07-15 05:59:40'),
(94,	95,	837,	'6HX53521VP864253F',	7000.00,	'paypal',	'successful',	'2022-07-16 05:30:57',	'2022-07-16 05:30:57',	'2022-07-16 05:30:57'),
(95,	96,	877,	'45H70367XX3622247',	1051.00,	'paypal',	'successful',	'2022-07-16 09:38:25',	'2022-07-16 09:38:25',	'2022-07-16 09:38:25'),
(96,	97,	837,	'30H9193288651062N',	502.00,	'paypal',	'successful',	'2022-07-19 04:59:35',	'2022-07-19 04:59:35',	'2022-07-19 04:59:35'),
(97,	98,	837,	'38J53306HP117340Y',	1001.00,	'paypal',	'successful',	'2022-07-19 05:20:05',	'2022-07-19 05:20:05',	'2022-07-19 05:20:05'),
(98,	99,	837,	'19369542U0852653C',	902.00,	'paypal',	'successful',	'2022-07-19 05:31:33',	'2022-07-19 05:31:33',	'2022-07-19 05:31:33'),
(99,	100,	837,	'4ER78184E87234841',	1203.00,	'paypal',	'successful',	'2022-07-19 05:33:02',	'2022-07-19 05:33:02',	'2022-07-19 05:33:02'),
(100,	101,	837,	'60Y43016BT2638849',	610.00,	'paypal',	'successful',	'2022-07-19 05:38:59',	'2022-07-19 05:38:59',	'2022-07-19 05:38:59'),
(101,	102,	837,	'6LF90695C69803726',	3902.00,	'paypal',	'successful',	'2022-07-20 05:24:54',	'2022-07-20 05:24:54',	'2022-07-20 05:24:54'),
(102,	103,	837,	'8XT27724ET689204Y',	7000.00,	'paypal',	'successful',	'2022-07-22 05:29:50',	'2022-07-22 05:29:50',	'2022-07-22 05:29:50'),
(103,	104,	837,	'09E2896551859750E',	1203.00,	'paypal',	'successful',	'2022-07-22 10:56:16',	'2022-07-22 10:56:16',	'2022-07-22 10:56:16'),
(104,	105,	837,	'1GM850896J778315K',	902.00,	'paypal',	'successful',	'2022-07-25 07:25:18',	'2022-07-25 07:25:18',	'2022-07-25 07:25:18'),
(105,	106,	678,	'8N4563332V629291W',	1203.00,	'paypal',	'successful',	'2022-07-26 08:30:02',	'2022-07-26 08:30:02',	'2022-07-26 08:30:02'),
(106,	107,	678,	'62V77737GX8910412',	541.00,	'paypal',	'successful',	'2022-07-26 10:03:47',	'2022-07-26 10:03:47',	'2022-07-26 10:03:47'),
(107,	108,	837,	'6DS040676Y191880G',	541.00,	'paypal',	'successful',	'2022-07-26 10:08:21',	'2022-07-26 10:08:21',	'2022-07-26 10:08:21'),
(108,	109,	837,	'4HS7222791193394A',	902.00,	'paypal',	'successful',	'2022-07-27 06:15:22',	'2022-07-27 06:15:22',	'2022-07-27 06:15:22'),
(109,	110,	837,	'5YC892135L345583M',	701.00,	'paypal',	'successful',	'2022-07-27 09:04:22',	'2022-07-27 09:04:22',	'2022-07-27 09:04:22'),
(110,	111,	837,	'0LR321078K594911Y',	511.00,	'paypal',	'successful',	'2022-07-27 09:09:19',	'2022-07-27 09:09:19',	'2022-07-27 09:09:19'),
(111,	112,	832,	'2XM717260H784905T',	7000.00,	'paypal',	'successful',	'2022-07-27 10:33:30',	'2022-07-27 10:33:30',	'2022-07-27 10:33:30'),
(112,	113,	832,	'8NX46223N9285231T',	610.00,	'paypal',	'successful',	'2022-07-27 10:48:53',	'2022-07-27 10:48:53',	'2022-07-27 10:48:53'),
(113,	114,	837,	'74N71475745967006',	1203.00,	'paypal',	'successful',	'2022-07-28 10:30:47',	'2022-07-28 10:30:47',	'2022-07-28 10:30:47'),
(114,	1,	678,	'80A10261HD8245451',	2050.00,	'paypal',	'successful',	'2022-07-29 11:03:57',	'2022-07-29 11:03:57',	'2022-07-29 11:03:57');

DROP TABLE IF EXISTS `room_amenities`;
CREATE TABLE `room_amenities` (
  `id` int(11) NOT NULL AUTO_INCREMENT,
  `room_id` int(11) NOT NULL,
  `amenity_id` int(11) NOT NULL,
  `status` int(11) NOT NULL,
  `created_at` datetime NOT NULL,
  `updated_at` timestamp NOT NULL DEFAULT CURRENT_TIMESTAMP ON UPDATE CURRENT_TIMESTAMP,
  PRIMARY KEY (`id`)
) ENGINE=InnoDB DEFAULT CHARSET=utf8 COLLATE=utf8_unicode_ci;

INSERT INTO `room_amenities` (`id`, `room_id`, `amenity_id`, `status`, `created_at`, `updated_at`) VALUES
(413,	77,	36,	1,	'2022-06-21 10:10:15',	'2022-06-21 10:10:15'),
(414,	77,	23,	1,	'2022-06-21 10:10:15',	'2022-06-21 10:10:15'),
(415,	77,	20,	1,	'2022-06-21 10:10:15',	'2022-06-21 10:10:15'),
(416,	77,	11,	1,	'2022-06-21 10:10:15',	'2022-06-21 10:10:15'),
(417,	77,	13,	1,	'2022-06-21 10:10:15',	'2022-06-21 10:10:15'),
(418,	77,	14,	1,	'2022-06-21 10:10:15',	'2022-06-21 10:10:15'),
(419,	77,	17,	1,	'2022-06-21 10:10:15',	'2022-06-21 10:10:15'),
(420,	77,	19,	1,	'2022-06-21 10:10:15',	'2022-06-21 10:10:15'),
(421,	77,	151,	1,	'2022-06-21 10:10:15',	'2022-06-21 10:10:15'),
(1570,	191,	28,	1,	'2022-07-01 11:01:22',	'2022-07-01 11:01:22'),
(1571,	191,	8,	1,	'2022-07-01 11:01:22',	'2022-07-01 11:01:22'),
(1572,	191,	20,	1,	'2022-07-01 11:01:22',	'2022-07-01 11:01:22'),
(1573,	191,	109,	1,	'2022-07-01 11:01:22',	'2022-07-01 11:01:22'),
(1574,	191,	123,	1,	'2022-07-01 11:01:22',	'2022-07-01 11:01:22'),
(1575,	191,	14,	1,	'2022-07-01 11:01:22',	'2022-07-01 11:01:22'),
(1576,	191,	16,	1,	'2022-07-01 11:01:22',	'2022-07-01 11:01:22'),
(1577,	191,	80,	1,	'2022-07-01 11:01:22',	'2022-07-01 11:01:22'),
(1578,	191,	151,	1,	'2022-07-01 11:01:22',	'2022-07-01 11:01:22'),
(1795,	109,	28,	1,	'2022-07-02 11:09:07',	'2022-07-02 11:09:07'),
(1796,	109,	66,	1,	'2022-07-02 11:09:07',	'2022-07-02 11:09:07'),
(1797,	109,	83,	1,	'2022-07-02 11:09:07',	'2022-07-02 11:09:07'),
(1798,	109,	11,	1,	'2022-07-02 11:09:07',	'2022-07-02 11:09:07'),
(1799,	109,	123,	1,	'2022-07-02 11:09:07',	'2022-07-02 11:09:07'),
(1800,	109,	15,	1,	'2022-07-02 11:09:07',	'2022-07-02 11:09:07'),
(1801,	109,	21,	1,	'2022-07-02 11:09:07',	'2022-07-02 11:09:07'),
(1802,	109,	77,	1,	'2022-07-02 11:09:07',	'2022-07-02 11:09:07'),
(1803,	109,	151,	1,	'2022-07-02 11:09:07',	'2022-07-02 11:09:07'),
(1804,	108,	28,	1,	'2022-07-02 11:09:40',	'2022-07-02 11:09:40'),
(1805,	108,	66,	1,	'2022-07-02 11:09:40',	'2022-07-02 11:09:40'),
(1806,	108,	83,	1,	'2022-07-02 11:09:40',	'2022-07-02 11:09:40'),
(1807,	108,	11,	1,	'2022-07-02 11:09:40',	'2022-07-02 11:09:40'),
(1808,	108,	13,	1,	'2022-07-02 11:09:40',	'2022-07-02 11:09:40'),
(1809,	108,	133,	1,	'2022-07-02 11:09:40',	'2022-07-02 11:09:40'),
(1810,	108,	21,	1,	'2022-07-02 11:09:40',	'2022-07-02 11:09:40'),
(1811,	108,	30,	1,	'2022-07-02 11:09:40',	'2022-07-02 11:09:40'),
(1812,	108,	151,	1,	'2022-07-02 11:09:40',	'2022-07-02 11:09:40'),
(1813,	107,	28,	1,	'2022-07-02 11:10:11',	'2022-07-02 11:10:11'),
(1814,	107,	32,	1,	'2022-07-02 11:10:11',	'2022-07-02 11:10:11'),
(1815,	107,	26,	1,	'2022-07-02 11:10:11',	'2022-07-02 11:10:11'),
(1816,	107,	105,	1,	'2022-07-02 11:10:11',	'2022-07-02 11:10:11'),
(1817,	107,	121,	1,	'2022-07-02 11:10:11',	'2022-07-02 11:10:11'),
(1818,	107,	134,	1,	'2022-07-02 11:10:11',	'2022-07-02 11:10:11'),
(1819,	107,	17,	1,	'2022-07-02 11:10:11',	'2022-07-02 11:10:11'),
(1820,	107,	77,	1,	'2022-07-02 11:10:11',	'2022-07-02 11:10:11'),
(1821,	107,	151,	1,	'2022-07-02 11:10:11',	'2022-07-02 11:10:11'),
(1867,	76,	28,	1,	'2022-07-02 11:50:36',	'2022-07-02 11:50:36'),
(1868,	76,	8,	1,	'2022-07-02 11:50:36',	'2022-07-02 11:50:36'),
(1869,	76,	82,	1,	'2022-07-02 11:50:36',	'2022-07-02 11:50:36'),
(1870,	76,	11,	1,	'2022-07-02 11:50:36',	'2022-07-02 11:50:36'),
(1871,	76,	12,	1,	'2022-07-02 11:50:36',	'2022-07-02 11:50:36'),
(1872,	76,	14,	1,	'2022-07-02 11:50:36',	'2022-07-02 11:50:36'),
(1873,	76,	16,	1,	'2022-07-02 11:50:36',	'2022-07-02 11:50:36'),
(1874,	76,	77,	1,	'2022-07-02 11:50:36',	'2022-07-02 11:50:36'),
(1875,	76,	151,	1,	'2022-07-02 11:50:36',	'2022-07-02 11:50:36'),
(1876,	84,	28,	1,	'2022-07-02 11:51:03',	'2022-07-02 11:51:03'),
(1877,	84,	32,	1,	'2022-07-02 11:51:03',	'2022-07-02 11:51:03'),
(1878,	84,	24,	1,	'2022-07-02 11:51:03',	'2022-07-02 11:51:03'),
(1879,	84,	11,	1,	'2022-07-02 11:51:03',	'2022-07-02 11:51:03'),
(1880,	84,	13,	1,	'2022-07-02 11:51:03',	'2022-07-02 11:51:03'),
(1881,	84,	132,	1,	'2022-07-02 11:51:03',	'2022-07-02 11:51:03'),
(1882,	84,	17,	1,	'2022-07-02 11:51:03',	'2022-07-02 11:51:03'),
(1883,	84,	19,	1,	'2022-07-02 11:51:03',	'2022-07-02 11:51:03'),
(1884,	84,	151,	1,	'2022-07-02 11:51:03',	'2022-07-02 11:51:03'),
(1885,	87,	38,	1,	'2022-07-02 11:51:55',	'2022-07-02 11:51:55'),
(1886,	87,	64,	1,	'2022-07-02 11:51:55',	'2022-07-02 11:51:55'),
(1887,	87,	85,	1,	'2022-07-02 11:51:55',	'2022-07-02 11:51:55'),
(1888,	87,	105,	1,	'2022-07-02 11:51:55',	'2022-07-02 11:51:55'),
(1889,	87,	13,	1,	'2022-07-02 11:51:55',	'2022-07-02 11:51:55'),
(1890,	87,	133,	1,	'2022-07-02 11:51:55',	'2022-07-02 11:51:55'),
(1891,	87,	21,	1,	'2022-07-02 11:51:55',	'2022-07-02 11:51:55'),
(1892,	87,	79,	1,	'2022-07-02 11:51:55',	'2022-07-02 11:51:55'),
(1893,	87,	151,	1,	'2022-07-02 11:51:55',	'2022-07-02 11:51:55'),
(2128,	92,	7,	1,	'2022-07-04 13:31:59',	'2022-07-04 13:31:59'),
(2129,	91,	28,	1,	'2022-07-04 13:32:12',	'2022-07-04 13:32:12'),
(2130,	91,	23,	1,	'2022-07-04 13:32:12',	'2022-07-04 13:32:12'),
(2131,	91,	85,	1,	'2022-07-04 13:32:12',	'2022-07-04 13:32:12'),
(2132,	91,	105,	1,	'2022-07-04 13:32:12',	'2022-07-04 13:32:12'),
(2133,	91,	121,	1,	'2022-07-04 13:32:12',	'2022-07-04 13:32:12'),
(2134,	91,	157,	1,	'2022-07-04 13:32:12',	'2022-07-04 13:32:12'),
(2135,	91,	16,	1,	'2022-07-04 13:32:12',	'2022-07-04 13:32:12'),
(2136,	91,	79,	1,	'2022-07-04 13:32:12',	'2022-07-04 13:32:12'),
(2137,	91,	151,	1,	'2022-07-04 13:32:12',	'2022-07-04 13:32:12'),
(2138,	74,	28,	1,	'2022-07-04 13:32:22',	'2022-07-04 13:32:22'),
(2139,	74,	23,	1,	'2022-07-04 13:32:22',	'2022-07-04 13:32:22'),
(2140,	74,	82,	1,	'2022-07-04 13:32:22',	'2022-07-04 13:32:22'),
(2141,	74,	105,	1,	'2022-07-04 13:32:22',	'2022-07-04 13:32:22'),
(2142,	74,	121,	1,	'2022-07-04 13:32:22',	'2022-07-04 13:32:22'),
(2143,	74,	15,	1,	'2022-07-04 13:32:22',	'2022-07-04 13:32:22'),
(2144,	74,	16,	1,	'2022-07-04 13:32:22',	'2022-07-04 13:32:22'),
(2145,	74,	78,	1,	'2022-07-04 13:32:22',	'2022-07-04 13:32:22'),
(2146,	74,	151,	1,	'2022-07-04 13:32:22',	'2022-07-04 13:32:22'),
(2147,	72,	28,	1,	'2022-07-04 13:32:42',	'2022-07-04 13:32:42'),
(2148,	72,	23,	1,	'2022-07-04 13:32:42',	'2022-07-04 13:32:42'),
(2149,	72,	24,	1,	'2022-07-04 13:32:42',	'2022-07-04 13:32:42'),
(2150,	72,	11,	1,	'2022-07-04 13:32:42',	'2022-07-04 13:32:42'),
(2151,	72,	123,	1,	'2022-07-04 13:32:42',	'2022-07-04 13:32:42'),
(2152,	72,	133,	1,	'2022-07-04 13:32:42',	'2022-07-04 13:32:42'),
(2153,	72,	21,	1,	'2022-07-04 13:32:42',	'2022-07-04 13:32:42'),
(2154,	72,	19,	1,	'2022-07-04 13:32:42',	'2022-07-04 13:32:42'),
(2155,	72,	151,	1,	'2022-07-04 13:32:42',	'2022-07-04 13:32:42'),
(2156,	66,	28,	1,	'2022-07-04 13:33:06',	'2022-07-04 13:33:06'),
(2157,	66,	23,	1,	'2022-07-04 13:33:06',	'2022-07-04 13:33:06'),
(2158,	66,	83,	1,	'2022-07-04 13:33:06',	'2022-07-04 13:33:06'),
(2159,	66,	110,	1,	'2022-07-04 13:33:06',	'2022-07-04 13:33:06'),
(2160,	66,	125,	1,	'2022-07-04 13:33:06',	'2022-07-04 13:33:06'),
(2161,	66,	134,	1,	'2022-07-04 13:33:06',	'2022-07-04 13:33:06'),
(2162,	66,	75,	1,	'2022-07-04 13:33:06',	'2022-07-04 13:33:06'),
(2163,	66,	19,	1,	'2022-07-04 13:33:06',	'2022-07-04 13:33:06'),
(2164,	66,	151,	1,	'2022-07-04 13:33:06',	'2022-07-04 13:33:06'),
(2633,	262,	36,	1,	'2022-07-08 10:20:05',	'2022-07-08 10:20:05'),
(2634,	262,	62,	1,	'2022-07-08 10:20:05',	'2022-07-08 10:20:05'),
(2635,	262,	23,	1,	'2022-07-08 10:20:05',	'2022-07-08 10:20:05'),
(2636,	262,	24,	1,	'2022-07-08 10:20:05',	'2022-07-08 10:20:05'),
(2637,	262,	109,	1,	'2022-07-08 10:20:05',	'2022-07-08 10:20:05'),
(2638,	262,	13,	1,	'2022-07-08 10:20:05',	'2022-07-08 10:20:05'),
(2639,	262,	15,	1,	'2022-07-08 10:20:05',	'2022-07-08 10:20:05'),
(2640,	262,	17,	1,	'2022-07-08 10:20:05',	'2022-07-08 10:20:05'),
(2641,	262,	18,	1,	'2022-07-08 10:20:05',	'2022-07-08 10:20:05'),
(2642,	262,	151,	1,	'2022-07-08 10:20:05',	'2022-07-08 10:20:05'),
(2766,	277,	36,	1,	'2022-07-11 07:27:04',	'2022-07-11 07:27:04'),
(2767,	277,	8,	1,	'2022-07-11 07:27:04',	'2022-07-11 07:27:04'),
(2768,	277,	20,	1,	'2022-07-11 07:27:04',	'2022-07-11 07:27:04'),
(2769,	277,	11,	1,	'2022-07-11 07:27:04',	'2022-07-11 07:27:04'),
(2770,	277,	13,	1,	'2022-07-11 07:27:04',	'2022-07-11 07:27:04'),
(2771,	277,	14,	1,	'2022-07-11 07:27:04',	'2022-07-11 07:27:04'),
(2772,	277,	16,	1,	'2022-07-11 07:27:04',	'2022-07-11 07:27:04'),
(2773,	277,	18,	1,	'2022-07-11 07:27:04',	'2022-07-11 07:27:04'),
(2774,	277,	151,	1,	'2022-07-11 07:27:04',	'2022-07-11 07:27:04'),
(2783,	55,	28,	1,	'2022-07-11 08:54:16',	'2022-07-11 08:54:16'),
(2784,	55,	23,	1,	'2022-07-11 08:54:16',	'2022-07-11 08:54:16'),
(2785,	55,	24,	1,	'2022-07-11 08:54:16',	'2022-07-11 08:54:16'),
(2786,	55,	11,	1,	'2022-07-11 08:54:16',	'2022-07-11 08:54:16'),
(2787,	55,	13,	1,	'2022-07-11 08:54:16',	'2022-07-11 08:54:16'),
(2788,	55,	133,	1,	'2022-07-11 08:54:16',	'2022-07-11 08:54:16'),
(2789,	55,	16,	1,	'2022-07-11 08:54:16',	'2022-07-11 08:54:16'),
(2790,	55,	19,	1,	'2022-07-11 08:54:16',	'2022-07-11 08:54:16'),
(2791,	55,	151,	1,	'2022-07-11 08:54:16',	'2022-07-11 08:54:16'),
(2792,	52,	36,	1,	'2022-07-11 09:01:50',	'2022-07-11 09:01:50'),
(2793,	52,	38,	1,	'2022-07-11 09:01:50',	'2022-07-11 09:01:50'),
(2794,	52,	32,	1,	'2022-07-11 09:01:50',	'2022-07-11 09:01:50'),
(2795,	52,	63,	1,	'2022-07-11 09:01:50',	'2022-07-11 09:01:50'),
(2796,	52,	64,	1,	'2022-07-11 09:01:50',	'2022-07-11 09:01:50'),
(2797,	52,	20,	1,	'2022-07-11 09:01:50',	'2022-07-11 09:01:50'),
(2798,	52,	24,	1,	'2022-07-11 09:01:50',	'2022-07-11 09:01:50'),
(2799,	52,	101,	1,	'2022-07-11 09:01:50',	'2022-07-11 09:01:50'),
(2800,	52,	114,	1,	'2022-07-11 09:01:50',	'2022-07-11 09:01:50'),
(2801,	52,	13,	1,	'2022-07-11 09:01:50',	'2022-07-11 09:01:50'),
(2802,	52,	123,	1,	'2022-07-11 09:01:50',	'2022-07-11 09:01:50'),
(2803,	52,	15,	1,	'2022-07-11 09:01:50',	'2022-07-11 09:01:50'),
(2804,	52,	134,	1,	'2022-07-11 09:01:50',	'2022-07-11 09:01:50'),
(2805,	52,	17,	1,	'2022-07-11 09:01:50',	'2022-07-11 09:01:50'),
(2806,	52,	21,	1,	'2022-07-11 09:01:50',	'2022-07-11 09:01:50'),
(2807,	52,	76,	1,	'2022-07-11 09:01:50',	'2022-07-11 09:01:50'),
(2808,	52,	19,	1,	'2022-07-11 09:01:50',	'2022-07-11 09:01:50'),
(2809,	52,	77,	1,	'2022-07-11 09:01:50',	'2022-07-11 09:01:50'),
(2810,	52,	151,	1,	'2022-07-11 09:01:50',	'2022-07-11 09:01:50'),
(3735,	384,	37,	1,	'2022-07-19 06:51:03',	'2022-07-19 06:51:03'),
(3736,	384,	23,	1,	'2022-07-19 06:51:03',	'2022-07-19 06:51:03'),
(3737,	384,	26,	1,	'2022-07-19 06:51:03',	'2022-07-19 06:51:03'),
(3738,	384,	27,	1,	'2022-07-19 06:51:03',	'2022-07-19 06:51:03'),
(3739,	384,	13,	1,	'2022-07-19 06:51:03',	'2022-07-19 06:51:03'),
(3740,	384,	15,	1,	'2022-07-19 06:51:03',	'2022-07-19 06:51:03'),
(3741,	384,	17,	1,	'2022-07-19 06:51:03',	'2022-07-19 06:51:03'),
(3742,	384,	19,	1,	'2022-07-19 06:51:03',	'2022-07-19 06:51:03'),
(3791,	383,	37,	1,	'2022-07-19 12:43:38',	'2022-07-19 12:43:38'),
(3792,	383,	32,	1,	'2022-07-19 12:43:38',	'2022-07-19 12:43:38'),
(3793,	383,	85,	1,	'2022-07-19 12:43:38',	'2022-07-19 12:43:38'),
(3794,	383,	27,	1,	'2022-07-19 12:43:38',	'2022-07-19 12:43:38'),
(3795,	383,	13,	1,	'2022-07-19 12:43:38',	'2022-07-19 12:43:38'),
(3796,	383,	15,	1,	'2022-07-19 12:43:38',	'2022-07-19 12:43:38'),
(3797,	383,	17,	1,	'2022-07-19 12:43:38',	'2022-07-19 12:43:38'),
(3798,	383,	30,	1,	'2022-07-19 12:43:38',	'2022-07-19 12:43:38'),
(3855,	382,	37,	1,	'2022-07-21 09:48:22',	'2022-07-21 09:48:22'),
(3856,	382,	63,	1,	'2022-07-21 09:48:22',	'2022-07-21 09:48:22'),
(3857,	382,	24,	1,	'2022-07-21 09:48:22',	'2022-07-21 09:48:22'),
(3858,	382,	105,	1,	'2022-07-21 09:48:22',	'2022-07-21 09:48:22'),
(3859,	382,	121,	1,	'2022-07-21 09:48:22',	'2022-07-21 09:48:22'),
(3860,	382,	15,	1,	'2022-07-21 09:48:22',	'2022-07-21 09:48:22'),
(3861,	382,	75,	1,	'2022-07-21 09:48:22',	'2022-07-21 09:48:22'),
(3862,	382,	19,	1,	'2022-07-21 09:48:22',	'2022-07-21 09:48:22'),
(4143,	479,	38,	1,	'2022-07-26 08:56:42',	'2022-07-26 08:56:42'),
(4144,	479,	62,	1,	'2022-07-26 08:56:42',	'2022-07-26 08:56:42'),
(4145,	479,	61,	1,	'2022-07-26 08:56:42',	'2022-07-26 08:56:42'),
(4146,	479,	32,	1,	'2022-07-26 08:56:42',	'2022-07-26 08:56:42'),
(4147,	479,	70,	1,	'2022-07-26 08:56:42',	'2022-07-26 08:56:42'),
(4148,	479,	86,	1,	'2022-07-26 08:56:42',	'2022-07-26 08:56:42'),
(4149,	479,	102,	1,	'2022-07-26 08:56:42',	'2022-07-26 08:56:42'),
(4150,	479,	105,	1,	'2022-07-26 08:56:42',	'2022-07-26 08:56:42'),
(4151,	479,	131,	1,	'2022-07-26 08:56:42',	'2022-07-26 08:56:42'),
(4152,	479,	124,	1,	'2022-07-26 08:56:42',	'2022-07-26 08:56:42'),
(4153,	479,	127,	1,	'2022-07-26 08:56:42',	'2022-07-26 08:56:42'),
(4154,	479,	133,	1,	'2022-07-26 08:56:42',	'2022-07-26 08:56:42'),
(4155,	479,	17,	1,	'2022-07-26 08:56:42',	'2022-07-26 08:56:42'),
(4156,	479,	21,	1,	'2022-07-26 08:56:42',	'2022-07-26 08:56:42'),
(4157,	479,	77,	1,	'2022-07-26 08:56:42',	'2022-07-26 08:56:42'),
(4158,	479,	80,	1,	'2022-07-26 08:56:42',	'2022-07-26 08:56:42'),
(4199,	491,	36,	1,	'2022-07-26 15:37:20',	'2022-07-26 15:37:20'),
(4200,	491,	61,	1,	'2022-07-26 15:37:20',	'2022-07-26 15:37:20'),
(4201,	491,	32,	1,	'2022-07-26 15:37:20',	'2022-07-26 15:37:20'),
(4202,	491,	71,	1,	'2022-07-26 15:37:20',	'2022-07-26 15:37:20'),
(4203,	491,	24,	1,	'2022-07-26 15:37:20',	'2022-07-26 15:37:20'),
(4204,	491,	103,	1,	'2022-07-26 15:37:20',	'2022-07-26 15:37:20'),
(4205,	491,	105,	1,	'2022-07-26 15:37:20',	'2022-07-26 15:37:20'),
(4206,	491,	118,	1,	'2022-07-26 15:37:20',	'2022-07-26 15:37:20'),
(4207,	491,	13,	1,	'2022-07-26 15:37:20',	'2022-07-26 15:37:20'),
(4208,	491,	128,	1,	'2022-07-26 15:37:20',	'2022-07-26 15:37:20'),
(4209,	491,	127,	1,	'2022-07-26 15:37:20',	'2022-07-26 15:37:20'),
(4210,	491,	15,	1,	'2022-07-26 15:37:20',	'2022-07-26 15:37:20'),
(4211,	491,	132,	1,	'2022-07-26 15:37:20',	'2022-07-26 15:37:20'),
(4212,	491,	75,	1,	'2022-07-26 15:37:20',	'2022-07-26 15:37:20'),
(4213,	491,	21,	1,	'2022-07-26 15:37:20',	'2022-07-26 15:37:20'),
(4214,	491,	79,	1,	'2022-07-26 15:37:20',	'2022-07-26 15:37:20'),
(4215,	491,	30,	1,	'2022-07-26 15:37:20',	'2022-07-26 15:37:20'),
(4216,	492,	28,	1,	'2022-07-26 18:43:01',	'2022-07-26 18:43:01'),
(4217,	492,	60,	1,	'2022-07-26 18:43:01',	'2022-07-26 18:43:01'),
(4218,	492,	32,	1,	'2022-07-26 18:43:01',	'2022-07-26 18:43:01'),
(4219,	492,	70,	1,	'2022-07-26 18:43:01',	'2022-07-26 18:43:01'),
(4220,	492,	83,	1,	'2022-07-26 18:43:01',	'2022-07-26 18:43:01'),
(4221,	492,	102,	1,	'2022-07-26 18:43:01',	'2022-07-26 18:43:01'),
(4222,	492,	110,	1,	'2022-07-26 18:43:01',	'2022-07-26 18:43:01'),
(4223,	492,	117,	1,	'2022-07-26 18:43:01',	'2022-07-26 18:43:01'),
(4224,	492,	124,	1,	'2022-07-26 18:43:01',	'2022-07-26 18:43:01'),
(4225,	492,	126,	1,	'2022-07-26 18:43:01',	'2022-07-26 18:43:01'),
(4226,	492,	15,	1,	'2022-07-26 18:43:01',	'2022-07-26 18:43:01'),
(4227,	492,	132,	1,	'2022-07-26 18:43:01',	'2022-07-26 18:43:01'),
(4228,	492,	21,	1,	'2022-07-26 18:43:01',	'2022-07-26 18:43:01'),
(4229,	492,	75,	1,	'2022-07-26 18:43:01',	'2022-07-26 18:43:01'),
(4230,	492,	30,	1,	'2022-07-26 18:43:01',	'2022-07-26 18:43:01'),
(4231,	492,	78,	1,	'2022-07-26 18:43:01',	'2022-07-26 18:43:01'),
(4232,	493,	36,	1,	'2022-07-26 18:44:16',	'2022-07-26 18:44:16'),
(4233,	493,	32,	1,	'2022-07-26 18:44:16',	'2022-07-26 18:44:16'),
(4234,	493,	26,	1,	'2022-07-26 18:44:16',	'2022-07-26 18:44:16'),
(4235,	493,	27,	1,	'2022-07-26 18:44:16',	'2022-07-26 18:44:16'),
(4236,	493,	124,	1,	'2022-07-26 18:44:16',	'2022-07-26 18:44:16'),
(4237,	493,	14,	1,	'2022-07-26 18:44:16',	'2022-07-26 18:44:16'),
(4238,	493,	75,	1,	'2022-07-26 18:44:16',	'2022-07-26 18:44:16'),
(4239,	493,	79,	1,	'2022-07-26 18:44:16',	'2022-07-26 18:44:16'),
(4320,	445,	36,	1,	'2022-07-27 08:46:40',	'2022-07-27 08:46:40'),
(4321,	445,	65,	1,	'2022-07-27 08:46:40',	'2022-07-27 08:46:40'),
(4322,	445,	26,	1,	'2022-07-27 08:46:40',	'2022-07-27 08:46:40'),
(4323,	445,	108,	1,	'2022-07-27 08:46:40',	'2022-07-27 08:46:40'),
(4324,	445,	124,	1,	'2022-07-27 08:46:40',	'2022-07-27 08:46:40'),
(4325,	445,	15,	1,	'2022-07-27 08:46:40',	'2022-07-27 08:46:40'),
(4326,	445,	17,	1,	'2022-07-27 08:46:40',	'2022-07-27 08:46:40'),
(4327,	445,	30,	1,	'2022-07-27 08:46:40',	'2022-07-27 08:46:40'),
(4368,	520,	39,	1,	'2022-07-27 09:55:49',	'2022-07-27 09:55:49'),
(4369,	520,	65,	1,	'2022-07-27 09:55:49',	'2022-07-27 09:55:49'),
(4370,	520,	86,	1,	'2022-07-27 09:55:49',	'2022-07-27 09:55:49'),
(4371,	520,	108,	1,	'2022-07-27 09:55:49',	'2022-07-27 09:55:49'),
(4372,	520,	123,	1,	'2022-07-27 09:55:49',	'2022-07-27 09:55:49'),
(4373,	520,	133,	1,	'2022-07-27 09:55:49',	'2022-07-27 09:55:49'),
(4374,	520,	21,	1,	'2022-07-27 09:55:49',	'2022-07-27 09:55:49'),
(4375,	520,	77,	1,	'2022-07-27 09:55:49',	'2022-07-27 09:55:49'),
(4489,	524,	36,	1,	'2022-07-29 10:50:46',	'2022-07-29 10:50:46'),
(4490,	524,	66,	1,	'2022-07-29 10:50:46',	'2022-07-29 10:50:46'),
(4491,	524,	87,	1,	'2022-07-29 10:50:46',	'2022-07-29 10:50:46'),
(4492,	524,	111,	1,	'2022-07-29 10:50:46',	'2022-07-29 10:50:46'),
(4493,	524,	125,	1,	'2022-07-29 10:50:46',	'2022-07-29 10:50:46'),
(4494,	524,	134,	1,	'2022-07-29 10:50:46',	'2022-07-29 10:50:46'),
(4495,	524,	75,	1,	'2022-07-29 10:50:46',	'2022-07-29 10:50:46'),
(4496,	524,	80,	1,	'2022-07-29 10:50:46',	'2022-07-29 10:50:46');

DROP TABLE IF EXISTS `room_extra_option`;
CREATE TABLE `room_extra_option` (
  `id` int(11) NOT NULL AUTO_INCREMENT,
  `ext_opt_name` varchar(255) CHARACTER SET utf8 NOT NULL,
  `ext_opt_price` int(11) NOT NULL,
  `ext_opt_type` varchar(255) CHARACTER SET utf8 NOT NULL,
  `room_id` int(11) NOT NULL,
  `status` tinyint(2) NOT NULL DEFAULT '1',
  `created_at` datetime NOT NULL DEFAULT CURRENT_TIMESTAMP,
  `updated_at` timestamp NOT NULL DEFAULT CURRENT_TIMESTAMP,
  PRIMARY KEY (`id`)
) ENGINE=InnoDB DEFAULT CHARSET=utf8 COLLATE=utf8_unicode_ci;

INSERT INTO `room_extra_option` (`id`, `ext_opt_name`, `ext_opt_price`, `ext_opt_type`, `room_id`, `status`, `created_at`, `updated_at`) VALUES
(79,	'name1',	100,	'single_fee',	76,	1,	'2022-07-02 11:50:36',	'2022-07-02 11:50:36'),
(80,	'opt 999',	100,	'single_fee',	84,	1,	'2022-07-02 11:51:03',	'2022-07-02 11:51:03'),
(120,	'extra beds',	500,	'single_fee',	479,	1,	'2022-07-26 08:56:42',	'2022-07-26 08:56:42'),
(125,	'extra bed',	500,	'per_night',	491,	1,	'2022-07-26 15:37:20',	'2022-07-26 15:37:20'),
(126,	'room ext 11',	100,	'single_fee',	118,	1,	'2022-07-27 08:44:23',	'2022-07-27 08:44:23'),
(127,	'beds',	2500,	'single_fee',	520,	1,	'2022-07-27 09:55:49',	'2022-07-27 09:55:49');

DROP TABLE IF EXISTS `room_features`;
CREATE TABLE `room_features` (
  `id` int(11) NOT NULL AUTO_INCREMENT,
  `room_id` int(11) NOT NULL,
  `feature_id` int(11) NOT NULL,
  `status` int(11) NOT NULL,
  `created_at` datetime NOT NULL,
  `updated_at` timestamp NOT NULL DEFAULT CURRENT_TIMESTAMP ON UPDATE CURRENT_TIMESTAMP,
  PRIMARY KEY (`id`)
) ENGINE=InnoDB DEFAULT CHARSET=utf8 COLLATE=utf8_unicode_ci;

INSERT INTO `room_features` (`id`, `room_id`, `feature_id`, `status`, `created_at`, `updated_at`) VALUES
(196,	191,	5,	1,	'2022-07-01 11:01:22',	'2022-07-01 11:01:22'),
(221,	109,	3,	1,	'2022-07-02 11:09:07',	'2022-07-02 11:09:07'),
(222,	108,	4,	1,	'2022-07-02 11:09:40',	'2022-07-02 11:09:40'),
(223,	107,	5,	1,	'2022-07-02 11:10:11',	'2022-07-02 11:10:11'),
(229,	76,	1,	1,	'2022-07-02 11:50:36',	'2022-07-02 11:50:36'),
(230,	84,	2,	1,	'2022-07-02 11:51:03',	'2022-07-02 11:51:03'),
(231,	84,	4,	1,	'2022-07-02 11:51:03',	'2022-07-02 11:51:03'),
(232,	87,	2,	1,	'2022-07-02 11:51:55',	'2022-07-02 11:51:55'),
(259,	92,	2,	1,	'2022-07-04 13:31:59',	'2022-07-04 13:31:59'),
(260,	91,	2,	1,	'2022-07-04 13:32:12',	'2022-07-04 13:32:12'),
(261,	74,	4,	1,	'2022-07-04 13:32:22',	'2022-07-04 13:32:22'),
(262,	66,	5,	1,	'2022-07-04 13:33:06',	'2022-07-04 13:33:06'),
(315,	262,	2,	1,	'2022-07-08 10:20:05',	'2022-07-08 10:20:05'),
(330,	277,	2,	1,	'2022-07-11 07:27:04',	'2022-07-11 07:27:04'),
(333,	52,	3,	1,	'2022-07-11 09:01:50',	'2022-07-11 09:01:50'),
(334,	52,	4,	1,	'2022-07-11 09:01:50',	'2022-07-11 09:01:50'),
(335,	52,	7,	1,	'2022-07-11 09:01:50',	'2022-07-11 09:01:50'),
(444,	384,	5,	1,	'2022-07-19 06:51:03',	'2022-07-19 06:51:03'),
(451,	383,	4,	1,	'2022-07-19 12:43:38',	'2022-07-19 12:43:38'),
(459,	382,	5,	1,	'2022-07-21 09:48:22',	'2022-07-21 09:48:22'),
(497,	479,	6,	1,	'2022-07-26 08:56:42',	'2022-07-26 08:56:42'),
(498,	479,	29,	1,	'2022-07-26 08:56:42',	'2022-07-26 08:56:42'),
(504,	491,	3,	1,	'2022-07-26 15:37:20',	'2022-07-26 15:37:20'),
(505,	491,	27,	1,	'2022-07-26 15:37:20',	'2022-07-26 15:37:20'),
(506,	492,	6,	1,	'2022-07-26 18:43:01',	'2022-07-26 18:43:01'),
(507,	492,	27,	1,	'2022-07-26 18:43:01',	'2022-07-26 18:43:01'),
(508,	493,	2,	1,	'2022-07-26 18:44:16',	'2022-07-26 18:44:16'),
(518,	118,	2,	1,	'2022-07-27 08:44:23',	'2022-07-27 08:44:23'),
(520,	445,	4,	1,	'2022-07-27 08:46:40',	'2022-07-27 08:46:40'),
(526,	520,	6,	1,	'2022-07-27 09:55:49',	'2022-07-27 09:55:49'),
(542,	524,	5,	1,	'2022-07-29 10:50:46',	'2022-07-29 10:50:46');

DROP TABLE IF EXISTS `room_gallery`;
CREATE TABLE `room_gallery` (
  `id` int(11) NOT NULL AUTO_INCREMENT,
  `room_id` int(11) NOT NULL,
  `image` varchar(255) COLLATE utf8_unicode_ci NOT NULL,
  `is_featured` int(11) NOT NULL DEFAULT '0' COMMENT '1=is_featured',
  `status` int(11) NOT NULL DEFAULT '1' COMMENT '"1" => default',
  `created_at` datetime NOT NULL,
  `updated_at` timestamp NOT NULL DEFAULT CURRENT_TIMESTAMP ON UPDATE CURRENT_TIMESTAMP,
  PRIMARY KEY (`id`)
) ENGINE=InnoDB DEFAULT CHARSET=utf8 COLLATE=utf8_unicode_ci;

INSERT INTO `room_gallery` (`id`, `room_id`, `image`, `is_featured`, `status`, `created_at`, `updated_at`) VALUES
(314,	137,	'1656760087_pexels-malidate-van-833045-hotelMainImg-1656582429.jpg',	0,	1,	'2022-07-02 11:08:07',	'2022-07-02 11:08:07'),
(315,	137,	'1656760087_pexels-malidate-van-833045-hotelMainImg-1656591945.jpg',	0,	1,	'2022-07-02 11:08:07',	'2022-07-02 11:08:07'),
(316,	137,	'1656760087_pexels-malidate-van-833045-hotelMainImg-1656594475.jpg',	0,	1,	'2022-07-02 11:08:07',	'2022-07-02 11:08:07'),
(317,	137,	'1656760087_pexels-pixabay-261395-hotelMainImg-1656673152.jpg',	0,	1,	'2022-07-02 11:08:07',	'2022-07-02 11:08:07'),
(318,	109,	'1656760147_a3-1654606197.png',	0,	1,	'2022-07-02 11:09:07',	'2022-07-02 11:09:07'),
(319,	109,	'1656760147_a3-hotelMainImg-1656586178.png',	0,	1,	'2022-07-02 11:09:07',	'2022-07-02 11:09:07'),
(320,	109,	'1656760147_a4#1656487262.png',	0,	1,	'2022-07-02 11:09:07',	'2022-07-02 11:09:07'),
(321,	109,	'1656760147_a4-1654609320.png',	0,	1,	'2022-07-02 11:09:07',	'2022-07-02 11:09:07'),
(322,	108,	'1656760180_1656497566_pexels-kaique-rocha-97904.jpg',	0,	1,	'2022-07-02 11:09:40',	'2022-07-02 11:09:40'),
(323,	108,	'1656760180_1656499675_pexels-aleksandar-pasaric-2041556.jpg',	0,	1,	'2022-07-02 11:09:40',	'2022-07-02 11:09:40'),
(324,	108,	'1656760180_1656508171_pexels-jovydas-pinkevicius-2462015.jpg',	0,	1,	'2022-07-02 11:09:40',	'2022-07-02 11:09:40'),
(325,	108,	'1656760180_1656564446_pexels-aleksandar-pasaric-2041556.jpg',	0,	1,	'2022-07-02 11:09:40',	'2022-07-02 11:09:40'),
(326,	107,	'1656760211_h4.jpg',	0,	1,	'2022-07-02 11:10:11',	'2022-07-02 11:10:11'),
(327,	107,	'1656760211_h5.jpg',	0,	1,	'2022-07-02 11:10:11',	'2022-07-02 11:10:11'),
(328,	107,	'1656760211_h6.jpg',	0,	1,	'2022-07-02 11:10:11',	'2022-07-02 11:10:11'),
(329,	107,	'1656760211_h6-hotelMainImg-1656491515.jpg',	0,	1,	'2022-07-02 11:10:11',	'2022-07-02 11:10:11'),
(330,	199,	'1656761539_pexels-deno-wang-11671086.jpg',	0,	1,	'2022-07-02 11:32:19',	'2022-07-02 11:32:19'),
(331,	198,	'1656761568_pexels-elina-sazonova-1838554.jpg',	0,	1,	'2022-07-02 11:32:48',	'2022-07-02 11:32:48'),
(332,	195,	'1656761613_pexels-elina-sazonova-1838554.jpg',	0,	1,	'2022-07-02 11:33:33',	'2022-07-02 11:33:33'),
(334,	180,	'1656761726_pexels-elina-sazonova-1838554.jpg',	0,	1,	'2022-07-02 11:35:26',	'2022-07-02 11:35:26'),
(336,	118,	'1656761788_pexels-elina-sazonova-1838554.jpg',	0,	1,	'2022-07-02 11:36:28',	'2022-07-02 11:36:28'),
(337,	37,	'1656761958_pexels-deno-wang-11671086.jpg',	0,	1,	'2022-07-02 11:39:18',	'2022-07-02 11:39:18'),
(338,	38,	'1656761987_pexels-elina-sazonova-1838554.jpg',	0,	1,	'2022-07-02 11:39:47',	'2022-07-02 11:39:47'),
(339,	39,	'1656762010_pexels-elina-sazonova-1838554.jpg',	0,	1,	'2022-07-02 11:40:10',	'2022-07-02 11:40:10'),
(341,	46,	'1656762062_pexels-elina-sazonova-1838554.jpg',	0,	1,	'2022-07-02 11:41:02',	'2022-07-02 11:41:02'),
(342,	72,	'1656762122_pexels-elina-sazonova-1838554.jpg',	0,	1,	'2022-07-02 11:42:02',	'2022-07-02 11:42:02'),
(343,	66,	'1656762149_pexels-elina-sazonova-1838554.jpg',	0,	1,	'2022-07-02 11:42:29',	'2022-07-02 11:42:29'),
(345,	55,	'1656762226_pexels-elina-sazonova-1838554.jpg',	0,	1,	'2022-07-02 11:43:46',	'2022-07-02 11:43:46'),
(347,	110,	'1656762380_pexels-elina-sazonova-1838554.jpg',	0,	1,	'2022-07-02 11:46:20',	'2022-07-02 11:46:20'),
(348,	76,	'1656762636_pexels-elina-sazonova-1838554.jpg',	0,	1,	'2022-07-02 11:50:36',	'2022-07-02 11:50:36'),
(349,	84,	'1656762663_pexels-elina-sazonova-1838554.jpg',	0,	1,	'2022-07-02 11:51:03',	'2022-07-02 11:51:03'),
(350,	87,	'1656762715_pexels-elina-sazonova-1838554.jpg',	0,	1,	'2022-07-02 11:51:55',	'2022-07-02 11:51:55'),
(351,	91,	'1656762743_pexels-elina-sazonova-1838554.jpg',	0,	1,	'2022-07-02 11:52:23',	'2022-07-02 11:52:23'),
(446,	277,	'1657524424_1656073979_pexels-naim-benjelloun-2029722.jpg',	0,	1,	'2022-07-11 07:27:04',	'2022-07-11 07:27:04'),
(447,	277,	'1657524424_a1-1654349974.png',	0,	1,	'2022-07-11 07:27:04',	'2022-07-11 07:27:04'),
(448,	277,	'1657524424_h8.jpg',	0,	1,	'2022-07-11 07:27:04',	'2022-07-11 07:27:04'),
(449,	277,	'1657524424_h9.jpg',	0,	1,	'2022-07-11 07:27:04',	'2022-07-11 07:27:04'),
(452,	287,	'1657626957_1655375999_hotel-sign-stars-3d-illustration-260nw-195879770-hotelMainImg-1656758925.jpg',	0,	1,	'2022-07-12 11:55:57',	'2022-07-12 11:55:57'),
(453,	287,	'1657626957_1655471866_indian-hotels-hotelMainImg-1657087625.jpg',	0,	1,	'2022-07-12 11:55:57',	'2022-07-12 11:55:57'),
(454,	287,	'1657626957_1656322757_istockphoto-487042276-1024x1024-min-hotelMainImg-1656758963.jpg',	0,	1,	'2022-07-12 11:55:57',	'2022-07-12 11:55:57'),
(455,	287,	'1657626957_1656758594_2.png',	0,	1,	'2022-07-12 11:55:57',	'2022-07-12 11:55:57'),
(456,	288,	'1657626991_1656758727_2.png',	0,	1,	'2022-07-12 11:56:31',	'2022-07-12 11:56:31'),
(457,	288,	'1657626991_1656758727_3.png',	0,	1,	'2022-07-12 11:56:31',	'2022-07-12 11:56:31'),
(458,	288,	'1657626991_1656758727_05.png',	0,	1,	'2022-07-12 11:56:31',	'2022-07-12 11:56:31'),
(459,	288,	'1657626991_1656758775_1655715971_images-min.jpg',	0,	1,	'2022-07-12 11:56:31',	'2022-07-12 11:56:31'),
(629,	382,	'1658208291_pexels-deno-wang-11671086.jpg',	0,	1,	'2022-07-19 05:24:51',	'2022-07-19 05:24:51'),
(630,	382,	'1658208291_pexels-elina-sazonova-1838554.jpg',	0,	1,	'2022-07-19 05:24:51',	'2022-07-19 05:24:51'),
(631,	383,	'1658208542_pexels-deno-wang-11671086.jpg',	0,	1,	'2022-07-19 05:29:02',	'2022-07-19 05:29:02'),
(632,	383,	'1658208542_pexels-elina-sazonova-1838554.jpg',	0,	1,	'2022-07-19 05:29:02',	'2022-07-19 05:29:02'),
(633,	384,	'1658208961_pexels-deno-wang-11671086.jpg',	0,	1,	'2022-07-19 05:36:01',	'2022-07-19 05:36:01'),
(634,	384,	'1658208961_pexels-elina-sazonova-1838554.jpg',	0,	1,	'2022-07-19 05:36:01',	'2022-07-19 05:36:01'),
(635,	385,	'1658209636_pexels-deno-wang-11671086.jpg',	0,	1,	'2022-07-19 05:47:16',	'2022-07-19 05:47:16'),
(636,	385,	'1658209636_pexels-elina-sazonova-1838554.jpg',	0,	1,	'2022-07-19 05:47:16',	'2022-07-19 05:47:16'),
(641,	389,	'1658214120_pexels-deno-wang-11671086.jpg',	0,	1,	'2022-07-19 07:02:00',	'2022-07-19 07:02:00'),
(642,	389,	'1658214120_pexels-elina-sazonova-1838554.jpg',	0,	1,	'2022-07-19 07:02:00',	'2022-07-19 07:02:00'),
(643,	391,	'1658214289_pexels-amar-saleem-70441.jpg',	0,	1,	'2022-07-19 07:04:49',	'2022-07-19 07:04:49'),
(644,	391,	'1658214289_pexels-deno-wang-11671086.jpg',	0,	1,	'2022-07-19 07:04:49',	'2022-07-19 07:04:49'),
(645,	391,	'1658214289_pexels-elina-sazonova-1838554.jpg',	0,	1,	'2022-07-19 07:04:49',	'2022-07-19 07:04:49'),
(646,	391,	'1658214289_pexels-pixabay-261395.jpg',	0,	1,	'2022-07-19 07:04:49',	'2022-07-19 07:04:49'),
(707,	445,	'1658481247_pexels-amar-saleem-70441.jpg',	0,	1,	'2022-07-22 09:14:07',	'2022-07-22 09:14:07'),
(708,	445,	'1658481247_pexels-deno-wang-11671086.jpg',	0,	1,	'2022-07-22 09:14:07',	'2022-07-22 09:14:07'),
(709,	445,	'1658481247_pexels-elina-sazonova-1838554.jpg',	0,	1,	'2022-07-22 09:14:07',	'2022-07-22 09:14:07'),
(710,	445,	'1658481247_pexels-pixabay-261395.jpg',	0,	1,	'2022-07-22 09:14:07',	'2022-07-22 09:14:07'),
(758,	479,	'1658825802_pexels-donald-tong-189296.jpg',	0,	1,	'2022-07-26 08:56:42',	'2022-07-26 08:56:42'),
(759,	479,	'1658825802_pexels-pixabay-164595.jpg',	0,	1,	'2022-07-26 08:56:42',	'2022-07-26 08:56:42'),
(760,	479,	'1658825802_pexels-pixabay-258154.jpg',	0,	1,	'2022-07-26 08:56:42',	'2022-07-26 08:56:42'),
(761,	479,	'1658825802_pexels-pixabay-271624.jpg',	0,	1,	'2022-07-26 08:56:42',	'2022-07-26 08:56:42'),
(762,	479,	'1658825802_pexels-pixabay-271639.jpg',	0,	1,	'2022-07-26 08:56:42',	'2022-07-26 08:56:42'),
(780,	491,	'1658849840_pexels-donald-tong-189296.jpg',	0,	1,	'2022-07-26 15:37:20',	'2022-07-26 15:37:20'),
(781,	491,	'1658849840_pexels-pixabay-164595.jpg',	0,	1,	'2022-07-26 15:37:20',	'2022-07-26 15:37:20'),
(782,	491,	'1658849840_pexels-pixabay-258154.jpg',	0,	1,	'2022-07-26 15:37:20',	'2022-07-26 15:37:20'),
(783,	491,	'1658849840_pexels-pixabay-271624.jpg',	0,	1,	'2022-07-26 15:37:20',	'2022-07-26 15:37:20'),
(784,	491,	'1658849840_pexels-pixabay-271639.jpg',	0,	1,	'2022-07-26 15:37:20',	'2022-07-26 15:37:20'),
(785,	492,	'1658860981_pexels-donald-tong-189296.jpg',	0,	1,	'2022-07-26 18:43:01',	'2022-07-26 18:43:01'),
(786,	492,	'1658860981_pexels-pixabay-164595.jpg',	0,	1,	'2022-07-26 18:43:01',	'2022-07-26 18:43:01'),
(787,	492,	'1658860981_pexels-pixabay-258154.jpg',	0,	1,	'2022-07-26 18:43:01',	'2022-07-26 18:43:01'),
(788,	492,	'1658860981_pexels-pixabay-271624.jpg',	0,	1,	'2022-07-26 18:43:01',	'2022-07-26 18:43:01'),
(789,	492,	'1658860981_pexels-pixabay-271639.jpg',	0,	1,	'2022-07-26 18:43:01',	'2022-07-26 18:43:01'),
(814,	520,	'1658915749_pexels-donald-tong-189296.jpg',	0,	1,	'2022-07-27 09:55:49',	'2022-07-27 09:55:49'),
(815,	520,	'1658915749_pexels-pixabay-164595.jpg',	0,	1,	'2022-07-27 09:55:49',	'2022-07-27 09:55:49'),
(816,	520,	'1658915749_pexels-pixabay-258154.jpg',	0,	1,	'2022-07-27 09:55:49',	'2022-07-27 09:55:49'),
(817,	520,	'1658915749_pexels-pixabay-271624.jpg',	0,	1,	'2022-07-27 09:55:49',	'2022-07-27 09:55:49'),
(818,	520,	'1658915749_pexels-pixabay-271639.jpg',	0,	1,	'2022-07-27 09:55:49',	'2022-07-27 09:55:49'),
(822,	524,	'1658917054_pexels-donald-tong-189296.jpg',	0,	1,	'2022-07-27 10:17:34',	'2022-07-27 10:17:34'),
(823,	524,	'1658917054_pexels-pixabay-164595.jpg',	0,	1,	'2022-07-27 10:17:34',	'2022-07-27 10:17:34'),
(824,	524,	'1658917054_pexels-pixabay-258154.jpg',	0,	1,	'2022-07-27 10:17:34',	'2022-07-27 10:17:34'),
(825,	524,	'1658917054_pexels-pixabay-271624.jpg',	0,	1,	'2022-07-27 10:17:34',	'2022-07-27 10:17:34'),
(826,	524,	'1658917054_pexels-pixabay-271639.jpg',	0,	1,	'2022-07-27 10:17:34',	'2022-07-27 10:17:34');

DROP TABLE IF EXISTS `room_list`;
CREATE TABLE `room_list` (
  `id` int(11) NOT NULL AUTO_INCREMENT,
  `hotel_id` int(11) NOT NULL,
  `room_types_id` int(11) DEFAULT NULL,
  `name` varchar(255) CHARACTER SET utf8 DEFAULT NULL,
  `image` varchar(255) CHARACTER SET utf8 DEFAULT 'room_default_img.jpg',
  `description` text CHARACTER SET utf8,
  `notes` text CHARACTER SET utf8,
  `max_adults` int(11) NOT NULL,
  `max_childern` int(11) NOT NULL,
  `number_of_rooms` int(11) NOT NULL,
  `price_per_night` double NOT NULL,
  `tax_percentage` int(11) DEFAULT NULL,
  `price_per_night_7d` double NOT NULL,
  `price_per_night_30d` int(11) NOT NULL,
  `is_guest_allow` tinyint(2) DEFAULT '0',
  `extra_guest_per_night` double DEFAULT '0',
  `is_above_guest_cap` tinyint(2) DEFAULT '0',
  `is_pay_by_num_guest` tinyint(2) DEFAULT '0',
  `room_size` int(11) DEFAULT NULL,
  `type_of_price` enum('single_fee','per_night','per_guest','per_night_per_guest') CHARACTER SET utf8 DEFAULT NULL,
  `cleaning_fee` double DEFAULT NULL,
  `cleaning_fee_type` enum('single_fee','per_night','per_guest','per_night_per_guest') CHARACTER SET utf8 DEFAULT NULL,
  `city_fee` double DEFAULT NULL,
  `city_fee_type` enum('single_fee','per_night','per_guest','per_night_per_guest') CHARACTER SET utf8 DEFAULT NULL,
  `earlybird_discount` int(11) DEFAULT NULL,
  `min_days_in_advance` int(11) DEFAULT NULL,
  `bed_type` varchar(255) CHARACTER SET utf8 NOT NULL,
  `private_bathroom` int(11) NOT NULL COMMENT '1=yes,0=no',
  `private_entrance` int(11) NOT NULL COMMENT '1=yes,0=no',
  `optional_services` text CHARACTER SET utf8,
  `family_friendly` int(11) NOT NULL COMMENT '1=yes,0=no',
  `outdoor_facilities` text CHARACTER SET utf8,
  `extra_people` text CHARACTER SET utf8,
  `breakfast_availability` tinyint(4) DEFAULT NULL COMMENT '1=yes,0=no',
  `breakfast_price_inclusion` tinyint(4) DEFAULT NULL COMMENT '1=no,0=yes',
  `breakfast_cost` varchar(255) CHARACTER SET utf8 DEFAULT NULL,
  `breakfast_type` varchar(255) CHARACTER SET utf8 DEFAULT NULL,
  `status` int(11) NOT NULL DEFAULT '1',
  `created_at` datetime NOT NULL,
  `updated_at` timestamp NOT NULL DEFAULT CURRENT_TIMESTAMP ON UPDATE CURRENT_TIMESTAMP,
  PRIMARY KEY (`id`)
) ENGINE=InnoDB DEFAULT CHARSET=utf8 COLLATE=utf8_unicode_ci;

INSERT INTO `room_list` (`id`, `hotel_id`, `room_types_id`, `name`, `image`, `description`, `notes`, `max_adults`, `max_childern`, `number_of_rooms`, `price_per_night`, `tax_percentage`, `price_per_night_7d`, `price_per_night_30d`, `is_guest_allow`, `extra_guest_per_night`, `is_above_guest_cap`, `is_pay_by_num_guest`, `room_size`, `type_of_price`, `cleaning_fee`, `cleaning_fee_type`, `city_fee`, `city_fee_type`, `earlybird_discount`, `min_days_in_advance`, `bed_type`, `private_bathroom`, `private_entrance`, `optional_services`, `family_friendly`, `outdoor_facilities`, `extra_people`, `breakfast_availability`, `breakfast_price_inclusion`, `breakfast_cost`, `breakfast_type`, `status`, `created_at`, `updated_at`) VALUES
(37,	90,	2,	'Standard Double Room',	'pexels-deno-wang-11671086-roomMainImg-1656761958.jpg',	'Swimming Pool View Queen Bed Air Conditioning',	'Free Breakfast',	15,	7,	5,	1500,	NULL,	9000,	30000,	0,	0,	0,	0,	366,	'per_night_per_guest',	500,	'per_night_per_guest',	500,	'per_night_per_guest',	NULL,	NULL,	'Double bed',	1,	1,	'yes',	1,	'Yes',	'Yes',	NULL,	NULL,	NULL,	NULL,	1,	'2022-06-16 10:09:51',	'2022-07-04 13:31:19'),
(38,	93,	2,	'Double with Park View',	'pexels-deno-wang-11671086-roomMainImg-1656761987.jpg',	'Swimming Pool View Queen Bed Air Conditioning',	'Free Breakfast',	2,	1,	15,	500,	NULL,	450,	400,	0,	0,	0,	0,	450,	'single_fee',	50,	'single_fee',	10,	'single_fee',	NULL,	NULL,	'Single bed',	1,	1,	'servive',	1,	'no',	'no',	NULL,	NULL,	NULL,	NULL,	1,	'2022-06-16 12:01:15',	'2022-07-12 11:44:54'),
(39,	92,	3,	'Twin with Park View',	'pexels-deno-wang-11671086-roomMainImg-1656762010.jpg',	'Swimming Pool View Queen Bed Air Conditioning',	'Free Breakfast',	20,	5,	10,	5000,	NULL,	30000,	100000,	0,	0,	0,	0,	450,	'per_night_per_guest',	1000,	'per_night_per_guest',	1000,	'per_night_per_guest',	NULL,	NULL,	'Bunk bed',	1,	1,	'yes',	1,	'yes',	'yes',	NULL,	NULL,	NULL,	NULL,	1,	'2022-06-16 12:02:26',	'2022-07-11 08:57:21'),
(46,	80,	1,	'Budget Single Room',	'pexels-deno-wang-11671086-roomMainImg-1656762062.jpg',	'Swimming Pool View Queen Bed Air Conditioning',	'Free Breakfast',	2,	1,	5,	499,	NULL,	3200,	12000,	0,	0,	0,	0,	450,	'per_guest',	100,	'per_guest',	10,	'per_guest',	NULL,	NULL,	'Sofa',	1,	1,	'asdasd',	1,	'asdasd',	'1',	NULL,	NULL,	NULL,	NULL,	1,	'2022-06-17 13:15:36',	'2022-07-11 08:57:35'),
(52,	78,	1,	'Deluxe Single Room',	'1655705539_images.jpg',	'Swimming Pool View Queen Bed Air Conditioning',	'Free Breakfast',	2,	1,	5,	500,	NULL,	450,	400,	0,	0,	0,	0,	450,	'single_fee',	0,	'single_fee',	0,	'single_fee',	NULL,	NULL,	'Double bed',	1,	0,	'No',	1,	'No',	'1',	NULL,	NULL,	NULL,	NULL,	1,	'2022-06-20 06:12:19',	'2022-07-11 09:01:50'),
(55,	100,	6,	'Family Room with Pool View',	'pexels-deno-wang-11671086-roomMainImg-1656762226.jpg',	'Swimming Pool View Queen Bed Air Conditioning',	'Free Breakfast',	2,	1,	5,	500,	NULL,	3200,	12000,	1,	250,	NULL,	NULL,	450,	'per_guest',	100,	'per_guest',	10,	'per_guest',	NULL,	NULL,	'Sofa',	1,	1,	'asdasd',	1,	'asdasd',	'1',	NULL,	NULL,	NULL,	NULL,	1,	'2022-06-20 09:05:37',	'2022-07-11 08:54:16'),
(66,	104,	2,	'Standard Double Room',	'pexels-deno-wang-11671086-roomMainImg-1656762149.jpg',	'Swimming Pool View Queen Bed Air Conditioning',	'Free Breakfast',	20,	8,	10,	2000,	NULL,	12000,	50000,	0,	0,	0,	0,	366,	'per_night_per_guest',	500,	'per_night_per_guest',	500,	'per_night_per_guest',	NULL,	NULL,	'Double bed',	0,	0,	'No',	0,	'No',	'Yes',	NULL,	NULL,	NULL,	NULL,	1,	'2022-06-21 05:50:19',	'2022-07-04 13:33:06'),
(72,	104,	4,	'Twin/Double with Park View',	'pexels-deno-wang-11671086-roomMainImg-1656762122.jpg',	'Swimming Pool View Queen Bed Air Conditioning',	'Free Breakfast',	10,	4,	2,	10000,	NULL,	50000,	200000,	0,	0,	0,	0,	366,	'per_guest',	500,	'per_guest',	500,	'per_guest',	NULL,	NULL,	'Single bed',	1,	1,	'Yes',	1,	'Yes',	'Yes',	NULL,	NULL,	NULL,	NULL,	1,	'2022-06-21 07:21:22',	'2022-07-04 13:32:42'),
(74,	104,	5,	'Standard Quadruple Room',	'room_default_img.jpg',	'Swimming Pool View Queen Bed Air Conditioning',	'Free Breakfast',	10,	4,	3,	500,	0,	3000,	10000,	0,	0,	0,	0,	350,	'per_night',	50,	'per_night',	50,	'per_night',	0,	2,	'Double bed',	0,	0,	'No',	0,	'Yes',	'Yes',	NULL,	NULL,	NULL,	NULL,	1,	'2022-06-21 09:15:04',	'2022-07-04 13:32:22'),
(76,	95,	3,	'Twin Room with Pool View',	'pexels-deno-wang-11671086-roomMainImg-1656762636.jpg',	'Swimming Pool View Queen Bed Air Conditioning',	'Free Breakfast',	2,	1,	5,	500,	2,	3200,	12000,	0,	0,	0,	0,	1500,	'per_night',	100,	'per_night',	10,	'per_night',	1,	1,	'Double bed',	1,	1,	'asdasd',	1,	'asdasd',	'1',	NULL,	NULL,	NULL,	NULL,	1,	'2022-06-21 09:58:19',	'2022-07-02 11:50:36'),
(84,	95,	2,	'Double with Park View',	'pexels-deno-wang-11671086-roomMainImg-1656762663.jpg',	'Swimming Pool View Queen Bed Air Conditioning',	'Free Breakfast',	2,	1,	5,	500,	3,	3200,	12000,	1,	0,	1,	NULL,	1500,	'single_fee',	100,	'single_fee',	10,	'single_fee',	1,	1,	'Single bed',	1,	1,	'asdasd',	1,	'asdasd',	'1',	NULL,	NULL,	NULL,	NULL,	1,	'2022-06-21 13:33:10',	'2022-07-02 11:51:03'),
(87,	108,	1,	'Budget Single Room',	'pexels-deno-wang-11671086-roomMainImg-1656762715.jpg',	'Swimming Pool View Queen Bed Air Conditioning',	'Free Breakfast',	10,	5,	5,	500,	10,	3000,	12000,	1,	500,	NULL,	1,	250,	'single_fee',	250,	'single_fee',	250,	'single_fee',	10,	2,	'Single bed',	0,	0,	'Yes',	1,	'No',	'yes',	NULL,	NULL,	NULL,	NULL,	1,	'2022-06-22 09:14:39',	'2022-07-02 11:51:55'),
(91,	104,	7,	'Standard Suite',	'pexels-deno-wang-11671086-roomMainImg-1656762743.jpg',	'Swimming Pool View Queen Bed Air Conditioning',	'Free Breakfast',	10,	5,	5,	1000,	20,	5000,	20000,	0,	0,	0,	0,	250,	'single_fee',	500,	'single_fee',	500,	'single_fee',	10,	2,	'Single bed',	1,	1,	'yes',	1,	'Yes',	'Yes',	NULL,	NULL,	NULL,	NULL,	1,	'2022-06-23 06:23:06',	'2022-07-02 11:52:23'),
(92,	104,	5,	'Standard Quadruple Room',	'pexels-naim-benjelloun-2029722.jpg',	'Swimming Pool View Queen Bed Air Conditioning',	'Free Breakfast',	10,	5,	5,	500,	20,	3000,	10000,	0,	0,	0,	0,	350,	'single_fee',	250,	'single_fee',	250,	'single_fee',	10,	2,	'Single bed',	1,	1,	'yes',	1,	'Yes',	'Yes',	NULL,	NULL,	NULL,	NULL,	1,	'2022-06-23 07:28:52',	'2022-06-27 12:14:34'),
(107,	118,	1,	'Budget Single Room',	'1656153373_pexels-naim-benjelloun-2029722-roomMainImg-1656760211.jpg',	'Swimming Pool View Queen Bed Air Conditioning',	'Free Breakfast',	2,	2,	5,	1000,	20,	5000,	20000,	0,	0,	0,	0,	366,	'per_night',	500,	'per_night',	500,	'per_night',	10,	2,	'Double bed',	1,	1,	'Yes',	1,	'Yes',	'Yes',	NULL,	NULL,	NULL,	NULL,	1,	'2022-06-24 05:52:06',	'2022-07-02 11:10:11'),
(108,	118,	2,	'Standard Double Room',	'pexels-donald-tong-189296-hotelMainImg-1656499675-roomMainImg-1656760180.jpg',	'Swimming Pool View Queen Bed Air Conditioning',	'Free Breakfast',	3,	2,	5,	1000,	20,	5000,	20000,	0,	0,	0,	0,	392,	'per_night',	500,	'per_night',	500,	'per_night',	10,	2,	'Double bed',	1,	1,	'Yes',	1,	'Yes',	'Yes',	NULL,	NULL,	NULL,	NULL,	1,	'2022-06-24 05:58:04',	'2022-07-02 11:09:40'),
(109,	118,	3,	'Standard Twin Room',	'pany-hotelMainImg-1656681038-roomMainImg-1656760147.png',	'Swimming Pool View Queen Bed Air Conditioning',	'Free Breakfast',	2,	2,	10,	100,	20,	12000,	30000,	0,	0,	0,	0,	678,	'single_fee',	0,	'single_fee',	0,	'single_fee',	10,	2,	'Double bed',	1,	1,	'Yes',	1,	'Yes',	'Yes',	NULL,	NULL,	NULL,	NULL,	1,	'2022-06-24 06:05:23',	'2022-07-02 11:09:07'),
(110,	80,	1,	'Deluxe Single Room',	'pexels-deno-wang-11671086-roomMainImg-1656762380.jpg',	'Swimming Pool View Queen Bed Air Conditioning',	'Free Breakfast',	2,	1,	5,	500,	2,	3200,	12000,	0,	0,	0,	0,	1500,	'single_fee',	NULL,	'single_fee',	NULL,	'single_fee',	NULL,	NULL,	'Double bed',	1,	1,	NULL,	1,	'asdasd',	'1',	NULL,	NULL,	NULL,	NULL,	1,	'2022-06-24 06:24:26',	'2022-07-02 11:46:20'),
(118,	95,	1,	'Deluxe Single Room',	NULL,	'Swimming Pool View Queen Bed Air Conditioning',	'Free Breakfast',	2,	1,	5,	500,	2,	3200,	12000,	0,	0,	0,	0,	1500,	'per_night',	NULL,	'per_night',	NULL,	'per_night',	NULL,	NULL,	'Single bed',	1,	1,	NULL,	1,	'asdasd',	'1',	NULL,	NULL,	NULL,	NULL,	1,	'2022-06-24 09:40:48',	'2022-07-27 08:44:23'),
(137,	118,	4,	'Twin/Double Room with Shared Shower and Toilet',	'prize1-1654839912-roomMainImg-1656760087.jpg',	'Swimming Pool View Queen Bed Air Conditioning',	'Free Breakfast',	2,	1,	5,	500,	2,	3200,	12000,	0,	0,	0,	0,	1500,	'single_fee',	NULL,	'single_fee',	NULL,	'single_fee',	NULL,	NULL,	'Futon Mat',	1,	1,	NULL,	1,	'asdasd',	'1',	NULL,	NULL,	NULL,	NULL,	1,	'2022-06-25 13:36:45',	'2022-07-02 11:08:07'),
(180,	80,	2,	'Double Room with Shared Bathroom',	'pexels-deno-wang-11671086-roomMainImg-1656761726.jpg',	'Swimming Pool View Queen Bed Air Conditioning',	'Free Breakfast',	2,	1,	5,	500,	2,	3200,	12000,	0,	0,	0,	0,	1500,	'single_fee',	NULL,	'single_fee',	NULL,	'single_fee',	NULL,	NULL,	'Single bed',	1,	1,	NULL,	1,	'asdasd',	'1',	NULL,	NULL,	NULL,	NULL,	1,	'2022-07-01 05:16:16',	'2022-07-02 11:35:26'),
(195,	104,	2,	'Double Room with Pool View',	'pexels-deno-wang-11671086-roomMainImg-1656761613.jpg',	'Swimming Pool View Queen Bed Air Conditioning',	'Free Breakfast',	10,	5,	5,	500,	20,	3000,	10000,	0,	0,	0,	0,	350,	'single_fee',	250,	'single_fee',	250,	'single_fee',	10,	2,	'Single bed',	1,	1,	'yes',	1,	'Yes',	'Yes',	NULL,	NULL,	NULL,	NULL,	1,	'2022-07-01 12:22:18',	'2022-07-02 11:33:33'),
(198,	108,	4,	'Twin/Double Room with Shared Bathroom',	'pexels-deno-wang-11671086-roomMainImg-1656761568.jpg',	'Swimming Pool View Queen Bed Air Conditioning',	'Free Breakfast',	10,	5,	5,	500,	10,	3000,	12000,	1,	500,	NULL,	1,	250,	'single_fee',	250,	'single_fee',	250,	'single_fee',	10,	2,	'Single bed',	0,	0,	'Yes',	1,	'No',	'yes',	NULL,	NULL,	NULL,	NULL,	1,	'2022-07-01 13:07:14',	'2022-07-02 11:32:48'),
(199,	100,	4,	'Twin/Double Room with Shared Shower and Toilet',	'pexels-elina-sazonova-1838554-roomMainImg-1656761539.jpg',	'Swimming Pool View Queen Bed Air Conditioning',	'Free Breakfast',	2,	1,	5,	500,	NULL,	3200,	12000,	1,	250,	NULL,	NULL,	450,	'per_guest',	100,	'per_guest',	10,	'per_guest',	NULL,	NULL,	'Sofa',	1,	1,	'asdasd',	1,	'asdasd',	'1',	NULL,	NULL,	NULL,	NULL,	1,	'2022-07-01 13:08:10',	'2022-07-11 08:53:08'),
(262,	80,	2,	'Double with Park View',	'WIN_20210320_18_31_00_Pro-roomMainImg-1657275605.jpg',	'Test new',	'Test',	10,	10,	5,	1000,	10,	5000,	20000,	0,	0,	0,	0,	366,	'single_fee',	250,	'single_fee',	250,	'single_fee',	10,	5,	'Double bed',	1,	1,	'Yes',	1,	'Yes',	'Yes',	NULL,	NULL,	NULL,	NULL,	1,	'2022-07-08 10:15:00',	'2022-07-08 13:03:21'),
(277,	228,	8,	'Standard Studio Room',	'1655287758_image4-roomMainImg-1657524424.jpg',	'Studio room Description',	'Room Notes',	5,	2,	2,	800,	2,	5000,	20000,	0,	NULL,	NULL,	NULL,	450,	'single_fee',	50,	'single_fee',	10,	'single_fee',	1,	1,	'Double bed',	1,	1,	NULL,	1,	'Lightning',	'1',	NULL,	NULL,	NULL,	NULL,	1,	'2022-07-11 07:27:04',	'2022-07-19 10:23:27'),
(282,	228,	4,	'Twin/Double with Park View',	'room_default_img.jpg',	'Studio room Description',	'Room Notes',	5,	2,	2,	800,	2,	5000,	20000,	0,	0,	0,	0,	450,	'single_fee',	50,	'single_fee',	10,	'single_fee',	1,	1,	'Double bed',	1,	1,	NULL,	1,	'Lightning',	'1',	NULL,	NULL,	NULL,	NULL,	1,	'2022-07-11 11:07:11',	'2022-07-19 10:23:25'),
(287,	148,	3,	'Twin Room with Pool View',	'1655197167_1655115539_photo1-hotelMainImg-1657524164-roomMainImg-1657626957.png',	'Studio room Description',	'Room Notes',	5,	2,	2,	800,	2,	5000,	20000,	0,	0,	0,	0,	450,	'single_fee',	50,	'single_fee',	10,	'single_fee',	1,	1,	'Double bed',	1,	1,	NULL,	1,	'Lightning',	'1',	NULL,	NULL,	NULL,	NULL,	1,	'2022-07-12 11:55:32',	'2022-07-12 11:55:57'),
(288,	228,	2,	'Double Room with Pool View',	'1656758594_3-roomMainImg-1657626991.png',	'Studio room Description',	'Room Notes',	5,	2,	2,	800,	2,	5000,	20000,	0,	0,	0,	0,	450,	'single_fee',	50,	'single_fee',	10,	'single_fee',	1,	1,	'Double bed',	1,	1,	NULL,	1,	'Lightning',	'1',	NULL,	NULL,	NULL,	NULL,	1,	'2022-07-12 11:56:13',	'2022-07-19 10:23:25'),
(382,	281,	1,	'Deluxe Single Room',	'pexels-elina-sazonova-1838554-roomMainImg-1658396902.jpg',	'room description',	'notes',	8,	3,	5,	500,	2,	3500,	15000,	0,	0,	0,	0,	222,	'per_night',	200,	'per_night',	200,	'per_night',	1,	1,	'Double bed',	1,	1,	'Yes',	1,	'Yes',	'Yes',	NULL,	NULL,	NULL,	NULL,	1,	'2022-07-19 05:24:51',	'2022-07-21 09:48:22'),
(383,	281,	1,	'Single Room with Shower',	'pexels-elina-sazonova-1838554-roomMainImg-1658234618.jpg',	'rd',	'notes',	8,	3,	2,	1000,	3,	7000,	30000,	0,	0,	0,	0,	122,	'per_guest',	100,	'per_guest',	100,	'per_guest',	4,	1,	'Bunk bed',	1,	1,	'Yes',	1,	'Yes',	'Yes',	NULL,	NULL,	NULL,	NULL,	1,	'2022-07-19 05:29:02',	'2022-07-20 05:03:37'),
(384,	281,	1,	'Single Room with Shared Toilet',	'pexels-pixabay-261395-roomMainImg-1658213463.jpg',	'rd',	'n',	6,	5,	3,	500,	1,	3500,	15000,	0,	0,	0,	0,	222,	'single_fee',	20,	'single_fee',	20,	'single_fee',	1,	1,	'Sofa',	1,	1,	'Yes',	1,	'Yes',	'Yes',	NULL,	NULL,	NULL,	NULL,	1,	'2022-07-19 05:36:01',	'2022-07-20 05:03:35'),
(385,	281,	1,	'Standard Single Room with Shower',	'pexels-deno-wang-11671086-roomMainImg-1658399837.jpg',	'rd',	'n',	6,	5,	3,	500,	1,	3500,	15000,	0,	0,	0,	0,	222,	'single_fee',	20,	'single_fee',	20,	'single_fee',	1,	1,	'Sofa',	1,	1,	'Yes',	1,	'Yes',	'Yes',	NULL,	NULL,	NULL,	NULL,	1,	'2022-07-19 05:46:35',	'2022-07-21 10:37:17'),
(389,	104,	2,	'Double Room with Pool View',	'pexels-elina-sazonova-1838554-roomMainImg-1658214120.jpg',	'Swimming Pool View Queen Bed Air Conditioning',	'Free Breakfast',	10,	5,	5,	500,	20,	3000,	10000,	0,	0,	0,	0,	350,	'single_fee',	250,	'single_fee',	250,	'single_fee',	10,	2,	'Single bed',	1,	1,	'yes',	1,	'Yes',	'Yes',	NULL,	NULL,	NULL,	NULL,	1,	'2022-07-19 07:01:33',	'2022-07-19 07:02:00'),
(390,	108,	4,	'Twin/Double Room with Shared Bathroom',	'room_default_img.jpg',	'Swimming Pool View Queen Bed Air Conditioning',	'Free Breakfast',	10,	5,	5,	500,	10,	3000,	12000,	1,	500,	NULL,	1,	250,	'single_fee',	250,	'single_fee',	250,	'single_fee',	10,	2,	'Single bed',	0,	0,	'Yes',	1,	'No',	'yes',	NULL,	NULL,	NULL,	NULL,	1,	'2022-07-19 07:02:30',	'2022-07-19 07:02:45'),
(391,	117,	1,	'Budget Single Room',	'pexels-elina-sazonova-1838554-roomMainImg-1658214289.jpg',	'rd',	'n',	10,	5,	2,	200,	1,	1400,	6000,	0,	NULL,	NULL,	NULL,	250,	'single_fee',	50,	'single_fee',	50,	'single_fee',	1,	1,	'Single bed',	1,	1,	'Yes',	1,	'Yes',	'Yes',	NULL,	NULL,	NULL,	NULL,	1,	'2022-07-19 07:04:49',	'2022-07-19 07:04:49'),
(392,	117,	1,	'Budget Single Room',	'room_default_img.jpg',	'rd',	'n',	10,	5,	2,	200,	1,	1400,	6000,	0,	0,	0,	0,	250,	'single_fee',	50,	'single_fee',	50,	'single_fee',	1,	1,	'Single bed',	1,	1,	'Yes',	1,	'Yes',	'Yes',	NULL,	NULL,	NULL,	NULL,	1,	'2022-07-19 07:05:18',	'2022-07-19 07:05:29'),
(393,	118,	1,	'Budget Single Room',	'room_default_img.jpg',	'Swimming Pool View Queen Bed Air Conditioning',	'Free Breakfast',	2,	1,	5,	500,	2,	3200,	12000,	0,	0,	0,	0,	1500,	'single_fee',	NULL,	'single_fee',	NULL,	'single_fee',	NULL,	NULL,	'Futon Mat',	1,	1,	NULL,	1,	'asdasd',	'1',	NULL,	NULL,	NULL,	NULL,	1,	'2022-07-19 07:05:57',	'2022-07-19 07:06:09'),
(394,	148,	3,	'Twin Room with Pool View',	'room_default_img.jpg',	'Studio room Description',	'Room Notes',	5,	2,	2,	800,	2,	5000,	20000,	0,	0,	0,	0,	450,	'single_fee',	50,	'single_fee',	10,	'single_fee',	1,	1,	'Double bed',	1,	1,	NULL,	1,	'Lightning',	'1',	NULL,	NULL,	NULL,	NULL,	1,	'2022-07-19 07:06:40',	'2022-07-19 07:06:58'),
(395,	226,	1,	'Budget Single Room',	'room_default_img.jpg',	'description',	'notes',	10,	5,	5,	550,	1,	5000,	20000,	0,	0,	0,	0,	366,	'single_fee',	250,	'single_fee',	250,	'single_fee',	1,	1,	'Single bed',	1,	1,	'Yes',	1,	'Yes',	'Yes',	NULL,	NULL,	NULL,	NULL,	1,	'2022-07-19 07:07:17',	'2022-07-19 07:07:27'),
(403,	284,	1,	'Budget Single Room',	'room_default_img.jpg',	'rd',	'notes sdfgs',	10,	10,	2,	1000,	1,	7000,	30000,	0,	0,	0,	0,	366,	'per_guest',	100,	'per_guest',	100,	'per_guest',	1,	5,	'Single bed',	1,	1,	'Yes',	1,	'Yes',	'Yes',	NULL,	NULL,	NULL,	NULL,	1,	'2022-07-19 08:31:34',	'2022-07-27 08:36:52'),
(430,	284,	NULL,	NULL,	'room_default_img.jpg',	'rd',	'notes',	10,	10,	2,	1000,	1,	7000,	30000,	0,	0,	0,	0,	366,	'per_guest',	100,	'per_guest',	100,	'per_guest',	1,	5,	'Single bed',	1,	1,	'Yes',	1,	'Yes',	'Yes',	NULL,	NULL,	NULL,	NULL,	0,	'2022-07-21 10:21:34',	'2022-07-21 10:21:34'),
(431,	284,	NULL,	NULL,	'room_default_img.jpg',	'rd',	'notes',	10,	10,	2,	1000,	1,	7000,	30000,	0,	0,	0,	0,	366,	'per_guest',	100,	'per_guest',	100,	'per_guest',	1,	5,	'Single bed',	1,	1,	'Yes',	1,	'Yes',	'Yes',	NULL,	NULL,	NULL,	NULL,	0,	'2022-07-21 10:23:50',	'2022-07-21 10:23:50'),
(432,	281,	NULL,	NULL,	'room_default_img.jpg',	'rd',	'n',	6,	5,	3,	500,	1,	3500,	15000,	0,	0,	0,	0,	222,	'single_fee',	20,	'single_fee',	20,	'single_fee',	1,	1,	'Sofa',	1,	1,	'Yes',	1,	'Yes',	'Yes',	NULL,	NULL,	NULL,	NULL,	0,	'2022-07-21 10:35:42',	'2022-07-21 10:35:42'),
(436,	78,	NULL,	NULL,	'room_default_img.jpg',	'rd',	'n',	1,	1,	1,	10,	1,	70,	200,	0,	NULL,	NULL,	NULL,	100,	'single_fee',	1,	'single_fee',	1,	'single_fee',	1,	1,	'Single bed',	1,	1,	'Yes',	1,	'Yes',	'Yes',	NULL,	NULL,	NULL,	NULL,	0,	'2022-07-21 12:10:21',	'2022-07-21 12:10:21'),
(445,	281,	4,	'Twin/Double with Park View',	NULL,	'room description',	'notes sdfsd',	8,	10,	2,	500,	1,	3000,	10000,	0,	0,	0,	0,	222,	'single_fee',	5,	'single_fee',	5,	'single_fee',	1,	1,	'Single bed',	1,	1,	'Yes',	1,	'Yes',	'Yes',	NULL,	NULL,	NULL,	NULL,	1,	'2022-07-22 09:14:07',	'2022-07-29 10:56:20'),
(451,	281,	NULL,	NULL,	'room_default_img.jpg',	'room description',	'notes',	8,	10,	2,	500,	1,	3000,	10000,	0,	NULL,	NULL,	NULL,	222,	'single_fee',	5,	'single_fee',	5,	'single_fee',	1,	1,	'Single bed',	1,	1,	'Yes',	1,	'Yes',	'Yes',	NULL,	NULL,	NULL,	NULL,	0,	'2022-07-22 11:35:42',	'2022-07-22 11:35:42'),
(479,	311,	1,	'Budget Single Room',	'pexels-donald-tong-189296-roomMainImg-1658825802.jpg',	'This is the room with all the required facilities',	'These are our notes',	1,	1,	5,	500,	20,	600,	2000,	1,	3,	NULL,	1,	5,	'single_fee',	200,	'single_fee',	NULL,	NULL,	10,	3,	'Double bed',	1,	1,	NULL,	1,	'parking, playground',	'2',	NULL,	NULL,	NULL,	NULL,	1,	'2022-07-26 08:56:42',	'2022-07-26 10:21:18'),
(484,	311,	NULL,	NULL,	'room_default_img.jpg',	'This is the room with all the required facilities',	'These are our notes',	1,	1,	5,	500,	20,	600,	2000,	1,	3,	NULL,	1,	5,	'single_fee',	200,	'single_fee',	NULL,	NULL,	10,	3,	'Double bed',	1,	1,	NULL,	1,	'parking, playground',	'2',	NULL,	NULL,	NULL,	NULL,	0,	'2022-07-26 10:21:03',	'2022-07-26 10:21:03'),
(491,	320,	1,	'Budget Single Room',	'pexels-pixabay-271624-roomMainImg-1658849840.jpg',	'this is very good room',	'these are our notes',	1,	1,	5,	500,	20,	1000,	2000,	1,	200,	1,	1,	5,	'per_night',	300,	'per_night',	200,	'per_night',	10,	3,	'Single bed',	1,	1,	NULL,	1,	'Parking',	'300',	NULL,	NULL,	NULL,	NULL,	1,	'2022-07-26 15:37:20',	'2022-07-26 15:37:20'),
(492,	321,	1,	'Budget Single Room',	'pexels-donald-tong-189296-roomMainImg-1658860981.jpg',	'this the best room to stay in',	'please consider these notes',	1,	2,	5,	1200,	20,	5000,	6000,	0,	NULL,	NULL,	NULL,	5,	'per_night',	200,	'per_night',	NULL,	NULL,	10,	NULL,	'Single bed',	1,	1,	NULL,	1,	'parking',	'2',	NULL,	NULL,	NULL,	NULL,	1,	'2022-07-26 18:43:01',	'2022-07-26 18:43:01'),
(493,	321,	2,	'Double with Park View',	'room_default_img.jpg',	'this the best room to stay in',	'please consider these notes',	2,	2,	5,	1200,	20,	5000,	6000,	0,	0,	0,	0,	5,	'per_night',	200,	'per_night',	NULL,	'per_night',	10,	NULL,	'Single bed',	1,	1,	NULL,	1,	'parking',	'2',	NULL,	NULL,	NULL,	NULL,	1,	'2022-07-26 18:43:26',	'2022-07-26 18:44:16'),
(495,	281,	NULL,	NULL,	'room_default_img.jpg',	'room description',	'notes',	8,	10,	2,	500,	1,	3000,	10000,	0,	0,	0,	0,	222,	'single_fee',	5,	'single_fee',	5,	'single_fee',	1,	1,	'Single bed',	1,	1,	'Yes',	1,	'Yes',	'Yes',	NULL,	NULL,	NULL,	NULL,	0,	'2022-07-27 05:25:44',	'2022-07-27 05:25:44'),
(504,	284,	NULL,	NULL,	'room_default_img.jpg',	'rd',	'notes',	10,	10,	2,	1000,	1,	7000,	30000,	0,	0,	0,	0,	366,	'per_guest',	100,	'per_guest',	100,	'per_guest',	1,	5,	'Single bed',	1,	1,	'Yes',	1,	'Yes',	'Yes',	NULL,	NULL,	NULL,	NULL,	0,	'2022-07-27 07:21:14',	'2022-07-27 07:21:14'),
(520,	330,	1,	'Budget Single Room',	'pexels-pixabay-164595-roomMainImg-1658915749.jpg',	'this is the room',	'this is our notes',	1,	2,	5,	1200,	20,	5000,	60000,	0,	NULL,	NULL,	NULL,	5,	'per_night',	200,	'per_night',	NULL,	NULL,	10,	3,	'Single bed',	1,	1,	NULL,	1,	'parking',	'1',	NULL,	NULL,	NULL,	NULL,	1,	'2022-07-27 09:55:49',	'2022-07-27 09:55:49'),
(524,	331,	NULL,	'Budget Single Room',	NULL,	'room description',	'notes',	1,	2,	4,	1200,	10,	5000,	62000,	0,	0,	0,	0,	5,	'single_fee',	200,	'single_fee',	NULL,	'single_fee',	5,	3,	'Single bed',	1,	1,	NULL,	1,	'parking',	'2',	NULL,	NULL,	NULL,	NULL,	1,	'2022-07-27 10:17:34',	'2022-07-29 10:50:46'),
(573,	331,	NULL,	NULL,	'room_default_img.jpg',	'room description',	'notes',	1,	2,	4,	1200,	10,	5000,	62000,	0,	0,	0,	0,	5,	'single_fee',	200,	'single_fee',	NULL,	'single_fee',	5,	3,	'Single bed',	1,	1,	NULL,	1,	'parking',	'2',	NULL,	NULL,	NULL,	NULL,	0,	'2022-07-29 10:49:52',	'2022-07-29 10:49:52'),
(574,	281,	NULL,	NULL,	'room_default_img.jpg',	'room description',	'notes sdfsd',	8,	10,	2,	500,	1,	3000,	10000,	0,	0,	0,	0,	222,	'single_fee',	5,	'single_fee',	5,	'single_fee',	1,	1,	'Single bed',	1,	1,	'Yes',	1,	'Yes',	'Yes',	NULL,	NULL,	NULL,	NULL,	0,	'2022-07-29 10:56:08',	'2022-07-29 10:56:08');

DROP TABLE IF EXISTS `room_name_list`;
CREATE TABLE `room_name_list` (
  `id` int(11) NOT NULL AUTO_INCREMENT,
  `room_type_id` int(11) NOT NULL,
  `room_name` varchar(255) COLLATE utf8_unicode_ci NOT NULL,
  `status` int(11) NOT NULL,
  `created_at` datetime NOT NULL,
  `updated_at` timestamp NOT NULL DEFAULT CURRENT_TIMESTAMP ON UPDATE CURRENT_TIMESTAMP,
  PRIMARY KEY (`id`)
) ENGINE=InnoDB DEFAULT CHARSET=utf8 COLLATE=utf8_unicode_ci;

INSERT INTO `room_name_list` (`id`, `room_type_id`, `room_name`, `status`, `created_at`, `updated_at`) VALUES
(1,	1,	'Budget Single Room',	1,	'2022-06-13 05:49:09',	'2022-06-13 06:10:57'),
(2,	1,	'Deluxe Single Room',	1,	'2022-06-13 06:02:28',	'2022-06-13 06:10:57'),
(3,	1,	'Deluxe Single room with Balcony',	1,	'2022-06-13 06:02:28',	'2022-06-13 06:10:57'),
(4,	1,	'Deluxe Single Room with Sea View',	1,	'2022-06-13 06:02:28',	'2022-06-13 06:10:57'),
(5,	1,	'Economy Single Room',	1,	'2022-06-13 06:02:28',	'2022-06-13 06:10:57'),
(6,	1,	'Large Single Room',	1,	'2022-06-13 06:02:28',	'2022-06-13 06:10:57'),
(7,	1,	'Single Room',	1,	'2022-06-13 06:02:28',	'2022-06-13 06:10:57'),
(8,	1,	'Single Room - Disability Access',	1,	'2022-06-13 06:02:28',	'2022-06-13 06:10:57'),
(9,	1,	'Single Room with Balcony',	1,	'2022-06-13 06:02:28',	'2022-06-13 06:10:57'),
(10,	1,	'Single Room with Bath',	1,	'2022-06-13 06:02:28',	'2022-06-13 06:10:57'),
(11,	1,	'Single Room with Bathroom',	1,	'2022-06-13 06:02:28',	'2022-06-13 06:10:57'),
(12,	1,	'Single Room with Garden View',	1,	'2022-06-13 06:02:28',	'2022-06-13 06:10:57'),
(14,	1,	'Single Room with Lake View',	1,	'2022-06-13 06:02:28',	'2022-06-13 06:10:57'),
(15,	1,	'Single Room with Mountain View',	1,	'2022-06-13 06:02:28',	'2022-06-13 06:10:57'),
(16,	1,	'Single Room with Park View',	1,	'2022-06-13 06:02:28',	'2022-06-13 06:10:57'),
(18,	1,	'Single Room with Private Bathroom',	1,	'2022-06-13 06:02:28',	'2022-06-13 06:10:57'),
(19,	1,	'Single Room with Sea View',	1,	'2022-06-13 06:02:28',	'2022-06-13 06:10:57'),
(20,	1,	'Single with Park View',	1,	'2022-06-13 06:02:28',	'2022-06-13 06:10:57'),
(21,	1,	'Single Room with Pool View',	1,	'2022-06-13 06:02:28',	'2022-06-13 06:10:57'),
(22,	1,	'Single Room with Shared Bathroom',	1,	'2022-06-13 06:02:28',	'2022-06-13 06:10:57'),
(23,	1,	'Single Room with Shared Shower and Toilet',	1,	'2022-06-13 06:02:28',	'2022-06-13 06:10:57'),
(24,	1,	'Single Room with Shared Toilet',	1,	'2022-06-13 06:02:28',	'2022-06-13 06:10:57'),
(25,	1,	'Single Room with Shower',	1,	'2022-06-13 06:02:28',	'2022-06-13 06:10:57'),
(26,	1,	'Single Room with Terrace',	1,	'2022-06-13 06:02:28',	'2022-06-13 06:10:57'),
(27,	1,	'Small Single Room',	1,	'2022-06-13 06:06:41',	'2022-06-13 06:10:57'),
(28,	1,	'Standard Single Room',	1,	'2022-06-13 06:06:41',	'2022-06-13 06:10:57'),
(29,	1,	'Standard Single Room with Mountain View',	1,	'2022-06-13 06:06:41',	'2022-06-13 06:10:57'),
(30,	1,	'Standard Single Room with Sauna',	1,	'2022-06-13 06:06:41',	'2022-06-13 06:10:57'),
(31,	1,	'Standard Single Room with Sea View',	1,	'2022-06-13 06:06:41',	'2022-06-13 06:10:57'),
(32,	1,	'Standard Single Room with Shared Bathroom',	1,	'2022-06-13 06:06:41',	'2022-06-13 06:10:57'),
(33,	1,	'Standard Single Room with Shower',	1,	'2022-06-13 06:06:41',	'2022-06-13 06:10:57'),
(34,	1,	'Superior Single Room',	1,	'2022-06-13 06:06:41',	'2022-06-13 06:10:57'),
(35,	1,	'Superior Single Room with Lake View',	1,	'2022-06-13 06:06:41',	'2022-06-13 06:10:57'),
(39,	1,	'Single Room with Lake View',	1,	'2022-06-13 06:06:41',	'2022-06-13 06:10:57'),
(103,	2,	'Budget Double Room',	1,	'2022-06-13 06:26:44',	'2022-06-13 06:26:44'),
(104,	2,	'Deluxe Double Room',	1,	'2022-06-13 06:26:44',	'2022-06-13 06:26:44'),
(105,	2,	'Deluxe Double room with Balcony',	1,	'2022-06-13 06:26:44',	'2022-06-13 06:26:44'),
(106,	2,	'Deluxe Double Room with Sea View',	1,	'2022-06-13 06:26:44',	'2022-06-13 06:26:44'),
(107,	2,	'Economy Double Room',	1,	'2022-06-13 06:26:44',	'2022-06-13 06:26:44'),
(108,	2,	'Large Double Room',	1,	'2022-06-13 06:26:44',	'2022-06-13 06:26:44'),
(109,	2,	'Double Room',	1,	'2022-06-13 06:26:44',	'2022-06-13 06:26:44'),
(110,	2,	'Double Room - Disability Access',	1,	'2022-06-13 06:26:44',	'2022-06-13 06:26:44'),
(111,	2,	'Double Room with Balcony',	1,	'2022-06-13 06:26:44',	'2022-06-13 06:26:44'),
(112,	2,	'Double Room with Bath',	1,	'2022-06-13 06:26:44',	'2022-06-13 06:26:44'),
(113,	2,	'Double Room with Bathroom',	1,	'2022-06-13 06:26:44',	'2022-06-13 06:26:44'),
(114,	2,	'Double Room with Garden View',	1,	'2022-06-13 06:26:44',	'2022-06-13 06:26:44'),
(115,	2,	'Double Room with Lake View',	1,	'2022-06-13 06:26:44',	'2022-06-13 06:26:44'),
(116,	2,	'Double Room with Mountain View',	1,	'2022-06-13 06:26:44',	'2022-06-13 06:26:44'),
(117,	2,	'Double Room with Park View',	1,	'2022-06-13 06:26:44',	'2022-06-13 06:26:44'),
(118,	2,	'Double Room with Pool View',	1,	'2022-06-13 06:26:44',	'2022-06-13 06:26:44'),
(119,	2,	'Double Room with Private Bathroom',	1,	'2022-06-13 06:26:44',	'2022-06-13 06:26:44'),
(120,	2,	'Double Room with Sea View',	1,	'2022-06-13 06:26:44',	'2022-06-13 06:26:44'),
(121,	2,	'Double with Park View',	1,	'2022-06-13 06:26:44',	'2022-06-13 06:26:44'),
(122,	2,	'Double Room with Pool View',	1,	'2022-06-13 06:26:44',	'2022-06-13 06:26:44'),
(123,	2,	'Double Room with Shared Bathroom',	1,	'2022-06-13 06:26:44',	'2022-06-13 06:26:44'),
(124,	2,	'Double Room with Shared Shower and Toilet',	1,	'2022-06-13 06:26:44',	'2022-06-13 06:26:44'),
(125,	2,	'Double Room with Shared Toilet',	1,	'2022-06-13 06:26:44',	'2022-06-13 06:26:44'),
(126,	2,	'Double Room with Shower',	1,	'2022-06-13 06:26:44',	'2022-06-13 06:26:44'),
(127,	2,	'Double Room with Terrace',	1,	'2022-06-13 06:26:44',	'2022-06-13 06:26:44'),
(128,	2,	'Small Double Room',	1,	'2022-06-13 06:26:44',	'2022-06-13 06:26:44'),
(129,	2,	'Standard Double Room',	1,	'2022-06-13 06:26:44',	'2022-06-13 06:26:44'),
(130,	2,	'Standard Double Room with Mountain View',	1,	'2022-06-13 06:26:44',	'2022-06-13 06:26:44'),
(131,	2,	'Standard Double Room with Sauna',	1,	'2022-06-13 06:26:44',	'2022-06-13 06:26:44'),
(132,	2,	'Standard Double Room with Sea View',	1,	'2022-06-13 06:26:44',	'2022-06-13 06:26:44'),
(133,	2,	'Standard Double Room with Shared Bathroom',	1,	'2022-06-13 06:26:44',	'2022-06-13 06:26:44'),
(134,	2,	'Standard Double Room with Shower',	1,	'2022-06-13 06:26:44',	'2022-06-13 06:26:44'),
(135,	2,	'Superior Double Room',	1,	'2022-06-13 06:26:44',	'2022-06-13 06:26:44'),
(136,	2,	'Superior Double Room with Lake View',	1,	'2022-06-13 06:26:44',	'2022-06-13 06:26:44'),
(137,	3,	'Budget Twin Room',	1,	'2022-06-13 06:38:41',	'2022-06-13 06:38:41'),
(138,	3,	'Deluxe Twin Room',	1,	'2022-06-13 06:38:41',	'2022-06-13 06:38:41'),
(139,	3,	'Deluxe Twin room with Balcony',	1,	'2022-06-13 06:38:41',	'2022-06-13 06:38:41'),
(140,	3,	'Deluxe Twin Room with Sea View',	1,	'2022-06-13 06:38:41',	'2022-06-13 06:38:41'),
(141,	3,	'Economy Twin Room',	1,	'2022-06-13 06:38:41',	'2022-06-13 06:38:41'),
(142,	3,	'Large Twin Room',	1,	'2022-06-13 06:38:41',	'2022-06-13 06:38:41'),
(143,	3,	'Twin Room',	1,	'2022-06-13 06:38:41',	'2022-06-13 06:38:41'),
(144,	3,	'Twin Room - Disability Access',	1,	'2022-06-13 06:38:41',	'2022-06-13 06:38:41'),
(145,	3,	'Twin Room with Balcony',	1,	'2022-06-13 06:38:41',	'2022-06-13 06:38:41'),
(146,	3,	'Twin Room with Bath',	1,	'2022-06-13 06:38:41',	'2022-06-13 06:38:41'),
(147,	3,	'Twin Room with Bathroom',	1,	'2022-06-13 06:38:41',	'2022-06-13 06:38:41'),
(148,	3,	'Twin Room with Garden View',	1,	'2022-06-13 06:38:41',	'2022-06-13 06:38:41'),
(149,	3,	'Twin Room with Lake View',	1,	'2022-06-13 06:38:41',	'2022-06-13 06:38:41'),
(150,	3,	'Twin Room with Mountain View',	1,	'2022-06-13 06:38:41',	'2022-06-13 06:38:41'),
(151,	3,	'Twin Room with Park View',	1,	'2022-06-13 06:38:41',	'2022-06-13 06:38:41'),
(152,	3,	'Twin Room with Pool View',	1,	'2022-06-13 06:38:41',	'2022-06-13 06:38:41'),
(153,	3,	'Twin Room with Private Bathroom',	1,	'2022-06-13 06:38:41',	'2022-06-13 06:38:41'),
(154,	3,	'Twin Room with Sea View',	1,	'2022-06-13 06:38:41',	'2022-06-13 06:38:41'),
(155,	3,	'Twin with Park View',	1,	'2022-06-13 06:38:41',	'2022-06-13 06:38:41'),
(156,	3,	'Twin Room with Pool View',	1,	'2022-06-13 06:38:41',	'2022-06-13 06:38:41'),
(157,	3,	'Twin Room with Shared Bathroom',	1,	'2022-06-13 06:38:41',	'2022-06-13 06:38:41'),
(158,	3,	'Twin Room with Shared Shower and Toilet',	1,	'2022-06-13 06:38:41',	'2022-06-13 06:38:41'),
(159,	3,	'Twin Room with Shared Toilet',	1,	'2022-06-13 06:38:41',	'2022-06-13 06:38:41'),
(160,	3,	'Twin Room with Shower',	1,	'2022-06-13 06:38:41',	'2022-06-13 06:38:41'),
(161,	3,	'Twin Room with Terrace',	1,	'2022-06-13 06:38:41',	'2022-06-13 06:38:41'),
(162,	3,	'Small Twin Room',	1,	'2022-06-13 06:38:41',	'2022-06-13 06:38:41'),
(163,	3,	'Standard Twin Room',	1,	'2022-06-13 06:38:41',	'2022-06-13 06:38:41'),
(164,	3,	'Standard Twin Room with Mountain View',	1,	'2022-06-13 06:38:41',	'2022-06-13 06:38:41'),
(165,	3,	'Standard Twin Room with Sauna',	1,	'2022-06-13 06:38:41',	'2022-06-13 06:38:41'),
(166,	3,	'Standard Twin Room with Sea View',	1,	'2022-06-13 06:38:41',	'2022-06-13 06:38:41'),
(167,	3,	'Standard Twin Room with Shared Bathroom',	1,	'2022-06-13 06:38:41',	'2022-06-13 06:38:41'),
(168,	3,	'Standard Twin Room with Shower',	1,	'2022-06-13 06:38:41',	'2022-06-13 06:38:41'),
(169,	3,	'Superior Twin Room',	1,	'2022-06-13 06:38:41',	'2022-06-13 06:38:41'),
(170,	3,	'Superior Twin Room with Lake View',	1,	'2022-06-13 06:38:41',	'2022-06-13 06:38:41'),
(171,	4,	'Budget Twin/Double Room',	1,	'2022-06-13 06:43:39',	'2022-06-13 06:43:39'),
(172,	4,	'Deluxe Twin/Double Room',	1,	'2022-06-13 06:43:39',	'2022-06-13 06:43:39'),
(173,	4,	'Deluxe Twin/Double room with Balcony',	1,	'2022-06-13 06:43:39',	'2022-06-13 06:43:39'),
(174,	4,	'Deluxe Twin/Double Room with Sea View',	1,	'2022-06-13 06:43:39',	'2022-06-13 06:43:39'),
(175,	4,	'Economy Twin/Double Room',	1,	'2022-06-13 06:43:39',	'2022-06-13 06:43:39'),
(176,	4,	'Large Twin/Double Room',	1,	'2022-06-13 06:43:39',	'2022-06-13 06:43:39'),
(177,	4,	'Twin/Double Room',	1,	'2022-06-13 06:43:39',	'2022-06-13 06:43:39'),
(178,	4,	'Twin/Double Room - Disability Access',	1,	'2022-06-13 06:43:39',	'2022-06-13 06:43:39'),
(179,	4,	'Twin/Double Room with Balcony',	1,	'2022-06-13 06:43:39',	'2022-06-13 06:43:39'),
(180,	4,	'Twin/Double Room with Bath',	1,	'2022-06-13 06:43:39',	'2022-06-13 06:43:39'),
(181,	4,	'Twin/Double Room with Bathroom',	1,	'2022-06-13 06:43:39',	'2022-06-13 06:43:39'),
(182,	4,	'Twin/Double Room with Garden View',	1,	'2022-06-13 06:43:39',	'2022-06-13 06:43:39'),
(183,	4,	'Twin/Double Room with Lake View',	1,	'2022-06-13 06:43:39',	'2022-06-13 06:43:39'),
(184,	4,	'Twin/Double Room with Mountain View',	1,	'2022-06-13 06:43:39',	'2022-06-13 06:43:39'),
(185,	4,	'Twin/Double Room with Park View',	1,	'2022-06-13 06:43:39',	'2022-06-13 06:43:39'),
(186,	4,	'Twin/Double Room with Pool View',	1,	'2022-06-13 06:43:39',	'2022-06-13 06:43:39'),
(187,	4,	'Twin/Double Room with Private Bathroom',	1,	'2022-06-13 06:43:39',	'2022-06-13 06:43:39'),
(188,	4,	'Twin/Double Room with Sea View',	1,	'2022-06-13 06:43:39',	'2022-06-13 06:43:39'),
(189,	4,	'Twin/Double with Park View',	1,	'2022-06-13 06:43:39',	'2022-06-13 06:43:39'),
(190,	4,	'Twin/Double Room with Pool View',	1,	'2022-06-13 06:43:39',	'2022-06-13 06:43:39'),
(191,	4,	'Twin/Double Room with Shared Bathroom',	1,	'2022-06-13 06:43:39',	'2022-06-13 06:43:39'),
(192,	4,	'Twin/Double Room with Shared Shower and Toilet',	1,	'2022-06-13 06:43:39',	'2022-06-13 06:43:39'),
(193,	4,	'Twin/Double Room with Shared Toilet',	1,	'2022-06-13 06:43:39',	'2022-06-13 06:43:39'),
(194,	4,	'Twin/Double Room with Shower',	1,	'2022-06-13 06:43:39',	'2022-06-13 06:43:39'),
(195,	4,	'Twin/Double Room with Terrace',	1,	'2022-06-13 06:43:39',	'2022-06-13 06:43:39'),
(196,	4,	'Small Twin/Double Room',	1,	'2022-06-13 06:43:39',	'2022-06-13 06:43:39'),
(197,	4,	'Standard Twin/Double Room',	1,	'2022-06-13 06:43:39',	'2022-06-13 06:43:39'),
(198,	4,	'Standard Twin/Double Room with Mountain View',	1,	'2022-06-13 06:43:39',	'2022-06-13 06:43:39'),
(199,	4,	'Standard Twin/Double Room with Sauna',	1,	'2022-06-13 06:43:39',	'2022-06-13 06:43:39'),
(200,	4,	'Standard Twin/Double Room with Sea View',	1,	'2022-06-13 06:43:39',	'2022-06-13 06:43:39'),
(201,	4,	'Standard Twin/Double Room with Shared Bathroom',	1,	'2022-06-13 06:43:39',	'2022-06-13 06:43:39'),
(202,	4,	'Standard Twin/Double Room with Shower',	1,	'2022-06-13 06:43:39',	'2022-06-13 06:43:39'),
(203,	4,	'Superior Twin/Double Room',	1,	'2022-06-13 06:43:39',	'2022-06-13 06:43:39'),
(204,	4,	'Superior Twin/Double Room with Lake View',	1,	'2022-06-13 06:43:39',	'2022-06-13 06:43:39'),
(205,	5,	'Budget Quadruple Room',	1,	'2022-06-13 06:45:23',	'2022-06-13 06:45:23'),
(206,	5,	'Deluxe Quadruple Room',	1,	'2022-06-13 06:45:23',	'2022-06-13 06:45:23'),
(207,	5,	'Deluxe Quadruple room with Balcony',	1,	'2022-06-13 06:45:23',	'2022-06-13 06:45:23'),
(208,	5,	'Deluxe Quadruple Room with Sea View',	1,	'2022-06-13 06:45:23',	'2022-06-13 06:45:23'),
(209,	5,	'Economy Quadruple Room',	1,	'2022-06-13 06:45:23',	'2022-06-13 06:45:23'),
(210,	5,	'Large Quadruple Room',	1,	'2022-06-13 06:45:23',	'2022-06-13 06:45:23'),
(211,	5,	'Quadruple Room',	1,	'2022-06-13 06:45:23',	'2022-06-13 06:45:23'),
(212,	5,	'Quadruple Room - Disability Access',	1,	'2022-06-13 06:45:23',	'2022-06-13 06:45:23'),
(213,	5,	'Quadruple Room with Balcony',	1,	'2022-06-13 06:45:23',	'2022-06-13 06:45:23'),
(214,	5,	'Quadruple Room with Bath',	1,	'2022-06-13 06:45:23',	'2022-06-13 06:45:23'),
(215,	5,	'Quadruple Room with Bathroom',	1,	'2022-06-13 06:45:23',	'2022-06-13 06:45:23'),
(216,	5,	'Quadruple Room with Garden View',	1,	'2022-06-13 06:45:23',	'2022-06-13 06:45:23'),
(217,	5,	'Quadruple Room with Lake View',	1,	'2022-06-13 06:45:23',	'2022-06-13 06:45:23'),
(218,	5,	'Quadruple Room with Mountain View',	1,	'2022-06-13 06:45:23',	'2022-06-13 06:45:23'),
(219,	5,	'Quadruple Room with Park View',	1,	'2022-06-13 06:45:23',	'2022-06-13 06:45:23'),
(220,	5,	'Quadruple Room with Pool View',	1,	'2022-06-13 06:45:23',	'2022-06-13 06:45:23'),
(221,	5,	'Quadruple Room with Private Bathroom',	1,	'2022-06-13 06:45:23',	'2022-06-13 06:45:23'),
(222,	5,	'Quadruple Room with Sea View',	1,	'2022-06-13 06:45:23',	'2022-06-13 06:45:23'),
(223,	5,	'Quadruple with Park View',	1,	'2022-06-13 06:45:23',	'2022-06-13 06:45:23'),
(224,	5,	'Quadruple Room with Pool View',	1,	'2022-06-13 06:45:23',	'2022-06-13 06:45:23'),
(225,	5,	'Quadruple Room with Shared Bathroom',	1,	'2022-06-13 06:45:23',	'2022-06-13 06:45:23'),
(226,	5,	'Quadruple Room with Shared Shower and Toilet',	1,	'2022-06-13 06:45:23',	'2022-06-13 06:45:23'),
(227,	5,	'Quadruple Room with Shared Toilet',	1,	'2022-06-13 06:45:23',	'2022-06-13 06:45:23'),
(228,	5,	'Quadruple Room with Shower',	1,	'2022-06-13 06:45:23',	'2022-06-13 06:45:23'),
(229,	5,	'Quadruple Room with Terrace',	1,	'2022-06-13 06:45:23',	'2022-06-13 06:45:23'),
(230,	5,	'Small Quadruple Room',	1,	'2022-06-13 06:45:23',	'2022-06-13 06:45:23'),
(231,	5,	'Standard Quadruple Room',	1,	'2022-06-13 06:45:23',	'2022-06-13 06:45:23'),
(232,	5,	'Standard Quadruple Room with Mountain View',	1,	'2022-06-13 06:45:23',	'2022-06-13 06:45:23'),
(233,	5,	'Standard Quadruple Room with Sauna',	1,	'2022-06-13 06:45:23',	'2022-06-13 06:45:23'),
(234,	5,	'Standard Quadruple Room with Sea View',	1,	'2022-06-13 06:45:23',	'2022-06-13 06:45:23'),
(235,	5,	'Standard Quadruple Room with Shared Bathroom',	1,	'2022-06-13 06:45:23',	'2022-06-13 06:45:23'),
(236,	5,	'Standard Quadruple Room with Shower',	1,	'2022-06-13 06:45:23',	'2022-06-13 06:45:23'),
(237,	5,	'Superior Quadruple Room',	1,	'2022-06-13 06:45:23',	'2022-06-13 06:45:23'),
(238,	5,	'Superior Quadruple Room with Lake View',	1,	'2022-06-13 06:45:23',	'2022-06-13 06:45:23'),
(239,	6,	'Budget Family Room',	1,	'2022-06-13 06:46:47',	'2022-06-13 06:46:47'),
(240,	6,	'Deluxe Family Room',	1,	'2022-06-13 06:46:47',	'2022-06-13 06:46:47'),
(241,	6,	'Deluxe Family room with Balcony',	1,	'2022-06-13 06:46:47',	'2022-06-13 06:46:47'),
(242,	6,	'Deluxe Family Room with Sea View',	1,	'2022-06-13 06:46:47',	'2022-06-13 06:46:47'),
(243,	6,	'Economy Family Room',	1,	'2022-06-13 06:46:47',	'2022-06-13 06:46:47'),
(244,	6,	'Large Family Room',	1,	'2022-06-13 06:46:47',	'2022-06-13 06:46:47'),
(245,	6,	'Family Room',	1,	'2022-06-13 06:46:47',	'2022-06-13 06:46:47'),
(246,	6,	'Family Room - Disability Access',	1,	'2022-06-13 06:46:47',	'2022-06-13 06:46:47'),
(247,	6,	'Family Room with Balcony',	1,	'2022-06-13 06:46:47',	'2022-06-13 06:46:47'),
(248,	6,	'Family Room with Bath',	1,	'2022-06-13 06:46:47',	'2022-06-13 06:46:47'),
(249,	6,	'Family Room with Bathroom',	1,	'2022-06-13 06:46:47',	'2022-06-13 06:46:47'),
(250,	6,	'Family Room with Garden View',	1,	'2022-06-13 06:46:47',	'2022-06-13 06:46:47'),
(251,	6,	'Family Room with Lake View',	1,	'2022-06-13 06:46:47',	'2022-06-13 06:46:47'),
(252,	6,	'Family Room with Mountain View',	1,	'2022-06-13 06:46:47',	'2022-06-13 06:46:47'),
(253,	6,	'Family Room with Park View',	1,	'2022-06-13 06:46:47',	'2022-06-13 06:46:47'),
(254,	6,	'Family Room with Pool View',	1,	'2022-06-13 06:46:47',	'2022-06-13 06:46:47'),
(255,	6,	'Family Room with Private Bathroom',	1,	'2022-06-13 06:46:47',	'2022-06-13 06:46:47'),
(256,	6,	'Family Room with Sea View',	1,	'2022-06-13 06:46:47',	'2022-06-13 06:46:47'),
(257,	6,	'Family with Park View',	1,	'2022-06-13 06:46:47',	'2022-06-13 06:46:47'),
(258,	6,	'Family Room with Pool View',	1,	'2022-06-13 06:46:47',	'2022-06-13 06:46:47'),
(259,	6,	'Family Room with Shared Bathroom',	1,	'2022-06-13 06:46:47',	'2022-06-13 06:46:47'),
(260,	6,	'Family Room with Shared Shower and Toilet',	1,	'2022-06-13 06:46:47',	'2022-06-13 06:46:47'),
(261,	6,	'Family Room with Shared Toilet',	1,	'2022-06-13 06:46:47',	'2022-06-13 06:46:47'),
(262,	6,	'Family Room with Shower',	1,	'2022-06-13 06:46:47',	'2022-06-13 06:46:47'),
(263,	6,	'Family Room with Terrace',	1,	'2022-06-13 06:46:47',	'2022-06-13 06:46:47'),
(264,	6,	'Small Family Room',	1,	'2022-06-13 06:46:47',	'2022-06-13 06:46:47'),
(265,	6,	'Standard Family Room',	1,	'2022-06-13 06:46:47',	'2022-06-13 06:46:47'),
(266,	6,	'Standard Family Room with Mountain View',	1,	'2022-06-13 06:46:47',	'2022-06-13 06:46:47'),
(267,	6,	'Standard Family Room with Sauna',	1,	'2022-06-13 06:46:47',	'2022-06-13 06:46:47'),
(268,	6,	'Standard Family Room with Sea View',	1,	'2022-06-13 06:46:47',	'2022-06-13 06:46:47'),
(269,	6,	'Standard Family Room with Shared Bathroom',	1,	'2022-06-13 06:46:47',	'2022-06-13 06:46:47'),
(270,	6,	'Standard Family Room with Shower',	1,	'2022-06-13 06:46:47',	'2022-06-13 06:46:47'),
(271,	6,	'Superior Family Room',	1,	'2022-06-13 06:46:47',	'2022-06-13 06:46:47'),
(272,	6,	'Superior Family Room with Lake View',	1,	'2022-06-13 06:46:47',	'2022-06-13 06:46:47'),
(273,	7,	'Deluxe Double Studio',	1,	'2022-06-13 06:55:35',	'2022-06-13 06:55:35'),
(274,	7,	'Deluxe Junior Suite',	1,	'2022-06-13 06:55:35',	'2022-06-13 06:55:35'),
(275,	7,	'Deluxe King Studio',	1,	'2022-06-13 06:55:35',	'2022-06-13 06:55:35'),
(276,	7,	'Deluxe King Suite',	1,	'2022-06-13 06:55:35',	'2022-06-13 06:55:35'),
(277,	7,	'Deluxe Queen Studio',	1,	'2022-06-13 06:55:35',	'2022-06-13 06:55:35'),
(278,	7,	'Deluxe Queen Suite',	1,	'2022-06-13 06:55:35',	'2022-06-13 06:55:35'),
(279,	7,	'Deluxe Studio',	1,	'2022-06-13 06:55:35',	'2022-06-13 06:55:35'),
(280,	7,	'Deluxe Suite - Disability Access',	1,	'2022-06-13 06:55:35',	'2022-06-13 06:55:35'),
(281,	7,	'Deluxe Suite with Balcony',	1,	'2022-06-13 06:55:35',	'2022-06-13 06:55:35'),
(282,	7,	'Deluxe Suite with Bath',	1,	'2022-06-13 06:55:35',	'2022-06-13 06:55:35'),
(283,	7,	'Deluxe Suite with Bathroom',	1,	'2022-06-13 06:55:35',	'2022-06-13 06:55:35'),
(284,	7,	'Deluxe Suite with Garden View',	1,	'2022-06-13 06:55:35',	'2022-06-13 06:55:35'),
(285,	7,	'Deluxe Suite with Lake View',	1,	'2022-06-13 06:55:35',	'2022-06-13 06:55:35'),
(286,	7,	'Deluxe Suite with Mountain View',	1,	'2022-06-13 06:55:35',	'2022-06-13 06:55:35'),
(287,	7,	'Deluxe Suite with Park View',	1,	'2022-06-13 06:55:35',	'2022-06-13 06:55:35'),
(288,	7,	'Deluxe Suite with Pool View',	1,	'2022-06-13 06:55:35',	'2022-06-13 06:55:35'),
(289,	7,	'Deluxe Suite with Private Bathroom',	1,	'2022-06-13 06:55:35',	'2022-06-13 06:55:35'),
(290,	7,	'Deluxe Suite with Sea View',	1,	'2022-06-13 06:55:35',	'2022-06-13 06:55:35'),
(291,	7,	'Suite with Park View',	1,	'2022-06-13 06:55:35',	'2022-06-13 06:55:35'),
(292,	7,	'Deluxe Suite with Pool View',	1,	'2022-06-13 06:55:35',	'2022-06-13 06:55:35'),
(293,	7,	'Deluxe Suite with Shared Bathroom',	1,	'2022-06-13 06:55:35',	'2022-06-13 06:55:35'),
(294,	7,	'Deluxe Suite with Shared Shower and Toilet',	1,	'2022-06-13 06:55:35',	'2022-06-13 06:55:35'),
(295,	7,	'Deluxe Suite with Shared Toilett',	1,	'2022-06-13 06:55:35',	'2022-06-13 06:55:35'),
(296,	7,	'Deluxe Suite with Shower',	1,	'2022-06-13 06:55:35',	'2022-06-13 06:55:35'),
(297,	7,	'Deluxe Suite with Terrace',	1,	'2022-06-13 06:55:35',	'2022-06-13 06:55:35'),
(298,	7,	'Small Suite',	1,	'2022-06-13 06:55:35',	'2022-06-13 06:55:35'),
(299,	7,	'Standard Suite',	1,	'2022-06-13 06:55:35',	'2022-06-13 06:55:35'),
(300,	7,	'Standard Suite  with Mountain View',	1,	'2022-06-13 06:55:35',	'2022-06-13 06:55:35'),
(301,	7,	'Standard Suite  with Sauna',	1,	'2022-06-13 06:55:35',	'2022-06-13 06:55:35'),
(302,	7,	'Standard Suite  with Sea View',	1,	'2022-06-13 06:55:35',	'2022-06-13 06:55:35'),
(303,	7,	'Standard Suite  with Shared Bath',	1,	'2022-06-13 06:55:35',	'2022-06-13 06:55:35'),
(304,	7,	'Standard Suite  with Shower',	1,	'2022-06-13 06:55:35',	'2022-06-13 06:55:35'),
(305,	7,	'Superior Suite',	1,	'2022-06-13 06:55:35',	'2022-06-13 06:55:35'),
(306,	7,	'Superior Suite  with Lake View',	1,	'2022-06-13 06:55:35',	'2022-06-13 06:55:35'),
(307,	8,	'Budget Studio Room',	1,	'2022-06-13 06:55:51',	'2022-06-13 06:55:51'),
(308,	8,	'Deluxe Studio Room',	1,	'2022-06-13 06:55:51',	'2022-06-13 06:55:51'),
(309,	8,	'Deluxe Studio room with Balcony',	1,	'2022-06-13 06:55:51',	'2022-06-13 06:55:51'),
(310,	8,	'Deluxe Studio Room with Sea View',	1,	'2022-06-13 06:55:51',	'2022-06-13 06:55:51'),
(311,	8,	'Economy Studio Room',	1,	'2022-06-13 06:55:51',	'2022-06-13 06:55:51'),
(312,	8,	'Large Studio Room',	1,	'2022-06-13 06:55:51',	'2022-06-13 06:55:51'),
(313,	8,	'Studio Room',	1,	'2022-06-13 06:55:51',	'2022-06-13 06:55:51'),
(314,	8,	'Studio Room - Disability Access',	1,	'2022-06-13 06:55:51',	'2022-06-13 06:55:51'),
(315,	8,	'Studio Room with Balcony',	1,	'2022-06-13 06:55:51',	'2022-06-13 06:55:51'),
(316,	8,	'Studio Room with Bath',	1,	'2022-06-13 06:55:51',	'2022-06-13 06:55:51'),
(317,	8,	'Studio Room with Bathroom',	1,	'2022-06-13 06:55:51',	'2022-06-13 06:55:51'),
(318,	8,	'Studio Room with Garden View',	1,	'2022-06-13 06:55:51',	'2022-06-13 06:55:51'),
(319,	8,	'Studio Room with Lake View',	1,	'2022-06-13 06:55:51',	'2022-06-13 06:55:51'),
(320,	8,	'Studio Room with Mountain View',	1,	'2022-06-13 06:55:51',	'2022-06-13 06:55:51'),
(321,	8,	'Studio Room with Park View',	1,	'2022-06-13 06:55:51',	'2022-06-13 06:55:51'),
(322,	8,	'Studio Room with Pool View',	1,	'2022-06-13 06:55:51',	'2022-06-13 06:55:51'),
(323,	8,	'Studio Room with Private Bathroom',	1,	'2022-06-13 06:55:51',	'2022-06-13 06:55:51'),
(324,	8,	'Studio Room with Sea View',	1,	'2022-06-13 06:55:51',	'2022-06-13 06:55:51'),
(325,	8,	'Studio with Park View',	1,	'2022-06-13 06:55:51',	'2022-06-13 06:55:51'),
(326,	8,	'Studio Room with Pool View',	1,	'2022-06-13 06:55:51',	'2022-06-13 06:55:51'),
(327,	8,	'Studio Room with Shared Bathroom',	1,	'2022-06-13 06:55:51',	'2022-06-13 06:55:51'),
(328,	8,	'Studio Room with Shared Shower and Toilet',	1,	'2022-06-13 06:55:51',	'2022-06-13 06:55:51'),
(329,	8,	'Studio Room with Shared Toilet',	1,	'2022-06-13 06:55:51',	'2022-06-13 06:55:51'),
(330,	8,	'Studio Room with Shower',	1,	'2022-06-13 06:55:51',	'2022-06-13 06:55:51'),
(331,	8,	'Studio Room with Terrace',	1,	'2022-06-13 06:55:51',	'2022-06-13 06:55:51'),
(332,	8,	'Small Studio Room',	1,	'2022-06-13 06:55:51',	'2022-06-13 06:55:51'),
(333,	8,	'Standard Studio Room',	1,	'2022-06-13 06:55:51',	'2022-06-13 06:55:51'),
(334,	8,	'Standard Studio Room with Mountain View',	1,	'2022-06-13 06:55:51',	'2022-06-13 06:55:51'),
(335,	8,	'Standard Studio Room with Sauna',	1,	'2022-06-13 06:55:51',	'2022-06-13 06:55:51'),
(336,	8,	'Standard Studio Room with Sea View',	1,	'2022-06-13 06:55:51',	'2022-06-13 06:55:51'),
(337,	8,	'Standard Studio Room with Shared Bathroom',	1,	'2022-06-13 06:55:51',	'2022-06-13 06:55:51'),
(338,	8,	'Standard Studio Room with Shower',	1,	'2022-06-13 06:55:51',	'2022-06-13 06:55:51'),
(339,	8,	'Superior Studio Room',	1,	'2022-06-13 06:55:51',	'2022-06-13 06:55:51'),
(340,	8,	'Superior Studio Room with Lake View',	1,	'2022-06-13 06:55:51',	'2022-06-13 06:55:51'),
(341,	9,	'Female Dormitory Room',	1,	'2022-06-13 06:57:23',	'2022-06-13 06:57:23'),
(342,	9,	'Male Dormitory Room',	1,	'2022-06-13 06:57:23',	'2022-06-13 06:57:23'),
(343,	9,	'Mixed Dormitory Room',	1,	'2022-06-13 06:57:23',	'2022-06-13 06:57:23');

DROP TABLE IF EXISTS `room_others_features`;
CREATE TABLE `room_others_features` (
  `id` int(11) NOT NULL AUTO_INCREMENT,
  `name` varchar(255) COLLATE utf8_unicode_ci NOT NULL,
  `status` int(11) NOT NULL,
  `created_at` datetime NOT NULL,
  `updated_at` timestamp NOT NULL DEFAULT CURRENT_TIMESTAMP ON UPDATE CURRENT_TIMESTAMP,
  PRIMARY KEY (`id`)
) ENGINE=InnoDB DEFAULT CHARSET=utf8 COLLATE=utf8_unicode_ci;

INSERT INTO `room_others_features` (`id`, `name`, `status`, `created_at`, `updated_at`) VALUES
(1,	'Air Conditioner',	1,	'2022-06-09 05:14:04',	'2022-06-09 05:14:04'),
(2,	'Bar / Restaurant',	1,	'2022-06-09 05:14:13',	'2022-06-23 09:54:13'),
(3,	'Breakfast Included',	1,	'2022-06-09 05:14:26',	'2022-06-09 05:14:26'),
(4,	'Doorman',	1,	'2022-06-09 05:14:34',	'2022-06-09 05:14:34'),
(5,	'Dryer',	1,	'2022-06-09 05:14:45',	'2022-06-09 05:14:45'),
(6,	'Elevator in Building',	1,	'2022-06-09 05:14:51',	'2022-06-09 05:14:51'),
(7,	'Essentials',	1,	'2022-06-09 05:15:01',	'2022-06-09 05:15:01'),
(8,	'Family/Kid Friendly',	1,	'2022-06-09 05:15:24',	'2022-06-09 05:16:02'),
(9,	'Fax',	1,	'2022-06-09 05:16:19',	'2022-06-09 05:16:19'),
(10,	'Free Parking on Premises',	1,	'2022-06-09 05:16:30',	'2022-06-09 05:16:30'),
(11,	'Gym',	1,	'2022-06-09 05:16:43',	'2022-06-09 05:16:43'),
(12,	'Hand Sanitizer',	1,	'2022-06-09 05:16:55',	'2022-06-09 05:16:55'),
(13,	'Heating',	1,	'2022-06-09 05:17:04',	'2022-06-09 05:17:04'),
(14,	'Hot Tub',	1,	'2022-06-09 05:17:11',	'2022-06-09 05:17:11'),
(15,	'Indoor Fireplace',	1,	'2022-06-09 05:17:21',	'2022-06-09 05:17:21'),
(16,	'Kitchen',	1,	'2022-06-09 05:17:30',	'2022-06-09 05:17:30'),
(17,	'Masks',	1,	'2022-06-09 05:17:39',	'2022-06-09 05:17:39'),
(18,	'Mineral Water',	1,	'2022-06-09 05:17:45',	'2022-06-09 05:17:45'),
(19,	'Non Smoking',	1,	'2022-06-09 05:17:54',	'2022-06-09 05:17:54'),
(20,	'Pets Allowed',	1,	'2022-06-09 05:18:02',	'2022-06-09 05:18:02'),
(21,	'Pool',	1,	'2022-06-09 05:18:14',	'2022-06-09 05:18:14'),
(22,	'Projector(s)',	1,	'2022-06-09 05:18:21',	'2022-06-09 05:18:21'),
(23,	'Sanitized facility',	1,	'2022-06-09 05:18:35',	'2022-06-09 05:18:35'),
(24,	'Scanner/Printer',	1,	'2022-06-09 05:18:44',	'2022-06-23 09:49:09'),
(25,	'Smoking Allowed',	1,	'2022-06-09 05:18:55',	'2022-06-09 05:18:55'),
(26,	'Suitable for Events',	1,	'2022-06-09 05:19:02',	'2022-06-09 05:19:02'),
(27,	'TV',	1,	'2022-06-09 05:19:13',	'2022-06-09 05:19:13'),
(28,	'Wheelchair Accessible',	1,	'2022-06-09 05:19:21',	'2022-06-09 05:19:21'),
(29,	'Wireless Internet',	1,	'2022-06-09 05:19:32',	'2022-06-09 05:19:32');

DROP TABLE IF EXISTS `room_services`;
CREATE TABLE `room_services` (
  `id` int(11) NOT NULL AUTO_INCREMENT,
  `room_id` int(11) NOT NULL,
  `room_service_id` int(11) NOT NULL,
  `status` int(11) NOT NULL,
  `created_at` datetime NOT NULL,
  `updated_at` timestamp NOT NULL DEFAULT CURRENT_TIMESTAMP ON UPDATE CURRENT_TIMESTAMP,
  PRIMARY KEY (`id`)
) ENGINE=InnoDB DEFAULT CHARSET=utf8 COLLATE=utf8_unicode_ci;

INSERT INTO `room_services` (`id`, `room_id`, `room_service_id`, `status`, `created_at`, `updated_at`) VALUES
(333,	191,	2,	1,	'2022-07-01 11:01:22',	'2022-07-01 11:01:22'),
(334,	191,	7,	1,	'2022-07-01 11:01:22',	'2022-07-01 11:01:22'),
(383,	109,	3,	1,	'2022-07-02 11:09:07',	'2022-07-02 11:09:07'),
(384,	109,	7,	1,	'2022-07-02 11:09:07',	'2022-07-02 11:09:07'),
(385,	108,	2,	1,	'2022-07-02 11:09:40',	'2022-07-02 11:09:40'),
(386,	108,	9,	1,	'2022-07-02 11:09:40',	'2022-07-02 11:09:40'),
(387,	107,	2,	1,	'2022-07-02 11:10:11',	'2022-07-02 11:10:11'),
(388,	107,	7,	1,	'2022-07-02 11:10:11',	'2022-07-02 11:10:11'),
(399,	76,	1,	1,	'2022-07-02 11:50:36',	'2022-07-02 11:50:36'),
(400,	76,	10,	1,	'2022-07-02 11:50:36',	'2022-07-02 11:50:36'),
(401,	84,	1,	1,	'2022-07-02 11:51:03',	'2022-07-02 11:51:03'),
(402,	84,	5,	1,	'2022-07-02 11:51:03',	'2022-07-02 11:51:03'),
(403,	87,	3,	1,	'2022-07-02 11:51:55',	'2022-07-02 11:51:55'),
(404,	87,	6,	1,	'2022-07-02 11:51:55',	'2022-07-02 11:51:55'),
(457,	91,	2,	1,	'2022-07-04 13:32:12',	'2022-07-04 13:32:12'),
(458,	91,	9,	1,	'2022-07-04 13:32:12',	'2022-07-04 13:32:12'),
(459,	74,	2,	1,	'2022-07-04 13:32:22',	'2022-07-04 13:32:22'),
(460,	74,	10,	1,	'2022-07-04 13:32:22',	'2022-07-04 13:32:22'),
(461,	72,	1,	1,	'2022-07-04 13:32:42',	'2022-07-04 13:32:42'),
(462,	72,	10,	1,	'2022-07-04 13:32:42',	'2022-07-04 13:32:42'),
(463,	66,	3,	1,	'2022-07-04 13:33:06',	'2022-07-04 13:33:06'),
(464,	66,	9,	1,	'2022-07-04 13:33:06',	'2022-07-04 13:33:06'),
(569,	262,	3,	1,	'2022-07-08 10:20:05',	'2022-07-08 10:20:05'),
(570,	262,	6,	1,	'2022-07-08 10:20:05',	'2022-07-08 10:20:05'),
(595,	277,	1,	1,	'2022-07-11 07:27:04',	'2022-07-11 07:27:04'),
(596,	277,	5,	1,	'2022-07-11 07:27:04',	'2022-07-11 07:27:04'),
(599,	55,	1,	1,	'2022-07-11 08:54:16',	'2022-07-11 08:54:16'),
(600,	55,	6,	1,	'2022-07-11 08:54:16',	'2022-07-11 08:54:16'),
(601,	52,	2,	1,	'2022-07-11 09:01:50',	'2022-07-11 09:01:50'),
(602,	52,	6,	1,	'2022-07-11 09:01:50',	'2022-07-11 09:01:50'),
(817,	384,	2,	1,	'2022-07-19 06:51:03',	'2022-07-19 06:51:03'),
(818,	384,	6,	1,	'2022-07-19 06:51:03',	'2022-07-19 06:51:03'),
(830,	383,	3,	1,	'2022-07-19 12:43:38',	'2022-07-19 12:43:38'),
(831,	383,	5,	1,	'2022-07-19 12:43:38',	'2022-07-19 12:43:38'),
(846,	382,	2,	1,	'2022-07-21 09:48:22',	'2022-07-21 09:48:22'),
(847,	382,	7,	1,	'2022-07-21 09:48:22',	'2022-07-21 09:48:22'),
(922,	479,	4,	1,	'2022-07-26 08:56:42',	'2022-07-26 08:56:42'),
(923,	479,	2,	1,	'2022-07-26 08:56:42',	'2022-07-26 08:56:42'),
(924,	479,	5,	1,	'2022-07-26 08:56:42',	'2022-07-26 08:56:42'),
(935,	491,	1,	1,	'2022-07-26 15:37:20',	'2022-07-26 15:37:20'),
(936,	491,	3,	1,	'2022-07-26 15:37:20',	'2022-07-26 15:37:20'),
(937,	491,	10,	1,	'2022-07-26 15:37:20',	'2022-07-26 15:37:20'),
(938,	491,	8,	1,	'2022-07-26 15:37:20',	'2022-07-26 15:37:20'),
(939,	492,	2,	1,	'2022-07-26 18:43:01',	'2022-07-26 18:43:01'),
(940,	492,	4,	1,	'2022-07-26 18:43:01',	'2022-07-26 18:43:01'),
(941,	492,	6,	1,	'2022-07-26 18:43:01',	'2022-07-26 18:43:01'),
(942,	492,	9,	1,	'2022-07-26 18:43:01',	'2022-07-26 18:43:01'),
(943,	493,	1,	1,	'2022-07-26 18:44:16',	'2022-07-26 18:44:16'),
(944,	493,	11,	1,	'2022-07-26 18:44:16',	'2022-07-26 18:44:16'),
(965,	445,	2,	1,	'2022-07-27 08:46:40',	'2022-07-27 08:46:40'),
(966,	445,	8,	1,	'2022-07-27 08:46:40',	'2022-07-27 08:46:40'),
(977,	520,	1,	1,	'2022-07-27 09:55:49',	'2022-07-27 09:55:49'),
(978,	520,	11,	1,	'2022-07-27 09:55:49',	'2022-07-27 09:55:49'),
(1008,	524,	3,	1,	'2022-07-29 10:50:46',	'2022-07-29 10:50:46'),
(1009,	524,	11,	1,	'2022-07-29 10:50:46',	'2022-07-29 10:50:46');

DROP TABLE IF EXISTS `room_type_categories`;
CREATE TABLE `room_type_categories` (
  `id` int(11) NOT NULL AUTO_INCREMENT,
  `title` varchar(255) COLLATE utf8_unicode_ci NOT NULL,
  `details` varchar(255) COLLATE utf8_unicode_ci DEFAULT NULL,
  `status` int(11) NOT NULL,
  `created_at` datetime NOT NULL,
  `updated_at` timestamp NOT NULL DEFAULT CURRENT_TIMESTAMP ON UPDATE CURRENT_TIMESTAMP,
  PRIMARY KEY (`id`)
) ENGINE=InnoDB DEFAULT CHARSET=utf8 COLLATE=utf8_unicode_ci;

INSERT INTO `room_type_categories` (`id`, `title`, `details`, `status`, `created_at`, `updated_at`) VALUES
(1,	'Single',	'Single',	1,	'2022-06-07 08:39:16',	'2022-07-29 10:51:18'),
(2,	'Double',	'Double',	1,	'2022-06-07 08:39:42',	'2022-06-21 10:55:22'),
(3,	'Twin',	'Twin',	1,	'2022-06-07 08:40:04',	'2022-06-07 08:40:04'),
(4,	'Twin/Double',	'Twin/Double',	1,	'2022-06-07 08:40:48',	'2022-06-07 08:40:48'),
(5,	'Quadruple',	'Quadruple',	1,	'2022-06-07 08:42:07',	'2022-06-07 08:42:07'),
(6,	'Family',	'Family',	1,	'2022-06-07 08:42:19',	'2022-06-07 08:42:19'),
(7,	'Suite',	'Suite',	1,	'2022-06-07 08:42:35',	'2022-06-07 08:42:35'),
(8,	'Studio',	'Studio',	1,	'2022-06-07 08:42:48',	'2022-06-07 08:42:48'),
(9,	'Dormitory',	'Dormitory',	1,	'2022-06-07 08:43:18',	'2022-06-07 08:43:18');

DROP TABLE IF EXISTS `room_video`;
CREATE TABLE `room_video` (
  `id` int(11) NOT NULL AUTO_INCREMENT,
  `video` varchar(255) COLLATE utf8_unicode_ci NOT NULL,
  `status` int(11) NOT NULL,
  `created_at` datetime NOT NULL,
  `updated_at` timestamp NOT NULL DEFAULT CURRENT_TIMESTAMP ON UPDATE CURRENT_TIMESTAMP,
  PRIMARY KEY (`id`)
) ENGINE=InnoDB DEFAULT CHARSET=utf8 COLLATE=utf8_unicode_ci;


DROP TABLE IF EXISTS `services_type`;
CREATE TABLE `services_type` (
  `id` int(11) NOT NULL AUTO_INCREMENT,
  `name` varchar(255) COLLATE utf8_unicode_ci NOT NULL,
  `service_name_type` varchar(255) COLLATE utf8_unicode_ci DEFAULT NULL,
  `status` tinyint(2) NOT NULL DEFAULT '1',
  PRIMARY KEY (`id`)
) ENGINE=InnoDB DEFAULT CHARSET=utf8 COLLATE=utf8_unicode_ci;

INSERT INTO `services_type` (`id`, `name`, `service_name_type`, `status`) VALUES
(1,	'Entertainment and family services',	'Entertainment_and_family_services',	1),
(2,	'Services & Extras',	'Services_&_Extras',	1);

DROP TABLE IF EXISTS `space`;
CREATE TABLE `space` (
  `space_id` int(11) NOT NULL AUTO_INCREMENT,
  `category_id` int(11) NOT NULL,
  `sub_category_id` int(11) DEFAULT NULL,
  `space_user_id` int(11) DEFAULT NULL COMMENT '1="Admin", "id"="Vendor"',
  `is_admin` int(11) DEFAULT '1',
  `space_name` varchar(255) CHARACTER SET utf8 DEFAULT NULL,
  `image` varchar(255) CHARACTER SET utf8 DEFAULT 'room_default_img.jpg',
  `description` text CHARACTER SET utf8,
  `notes` text CHARACTER SET utf8,
  `space_document` varchar(255) CHARACTER SET utf8 DEFAULT NULL,
  `scout_id` int(11) NOT NULL,
  `payment_mode` tinyint(2) DEFAULT '1' COMMENT '1="Online",2="Parital",0="Offline"',
  `booking_option` tinyint(2) DEFAULT '1' COMMENT '1="Instant",2="Approval"',
  `reserv_date_change_allow` tinyint(2) DEFAULT '0' COMMENT '1="Allow",0=Not Allow',
  `guest_number` int(11) NOT NULL,
  `price_per_night` double NOT NULL,
  `tax_percentage` int(11) DEFAULT NULL,
  `price_per_night_7d` double NOT NULL,
  `price_per_night_30d` int(11) NOT NULL,
  `is_guest_allow` tinyint(2) DEFAULT '0',
  `extra_guest_per_night` double DEFAULT '0',
  `is_above_guest_cap` tinyint(2) DEFAULT '0',
  `is_pay_by_num_guest` tinyint(2) DEFAULT '0',
  `room_size` int(11) DEFAULT NULL,
  `room_number` int(11) DEFAULT NULL,
  `bedroom_number` int(11) DEFAULT NULL,
  `bathroom_number` int(11) DEFAULT NULL,
  `checkin_hr` varchar(255) CHARACTER SET utf8 DEFAULT NULL,
  `checkout_hr` varchar(255) CHARACTER SET utf8 DEFAULT NULL,
  `late_checkin` varchar(255) CHARACTER SET utf8 DEFAULT NULL,
  `cleaning_fee` double DEFAULT NULL,
  `cleaning_fee_type` enum('single_fee','per_night','per_guest','per_night_per_guest') CHARACTER SET utf8 DEFAULT NULL,
  `city_fee` double DEFAULT NULL,
  `city_fee_type` enum('single_fee','per_night','per_guest','per_night_per_guest') CHARACTER SET utf8 DEFAULT NULL,
  `security_deposite` int(11) DEFAULT NULL,
  `earlybird_discount` int(11) DEFAULT NULL,
  `min_days_in_advance` int(11) DEFAULT NULL,
  `bed_type` varchar(255) CHARACTER SET utf8 NOT NULL,
  `private_bathroom` int(11) NOT NULL COMMENT '1=yes,0=no',
  `private_entrance` int(11) NOT NULL COMMENT '1=yes,0=no',
  `optional_services` text CHARACTER SET utf8,
  `family_friendly` int(11) NOT NULL COMMENT '1=yes,0=no',
  `outdoor_facilities` text CHARACTER SET utf8,
  `extra_people` text CHARACTER SET utf8,
  `cancellation` varchar(255) CHARACTER SET utf8 DEFAULT NULL,
  `space_address` varchar(255) CHARACTER SET utf8 DEFAULT NULL,
  `space_country` int(11) NOT NULL,
  `city` varchar(255) CHARACTER SET utf8 DEFAULT NULL,
  `neighbor_area` varchar(255) CHARACTER SET utf8 DEFAULT NULL,
  `zip_code` varchar(255) CHARACTER SET utf8 DEFAULT NULL,
  `province` varchar(255) CHARACTER SET utf8 DEFAULT NULL,
  `space_latitude` varchar(255) CHARACTER SET utf8 DEFAULT NULL,
  `space_longitude` varchar(255) CHARACTER SET utf8 DEFAULT NULL,
  `status` tinyint(4) NOT NULL DEFAULT '1',
  `copy_status` tinyint(4) NOT NULL DEFAULT '1',
  `created_at` datetime NOT NULL,
  `updated_at` timestamp NOT NULL DEFAULT CURRENT_TIMESTAMP ON UPDATE CURRENT_TIMESTAMP,
  PRIMARY KEY (`space_id`)
) ENGINE=InnoDB DEFAULT CHARSET=utf8 COLLATE=utf8_unicode_ci;

INSERT INTO `space` (`space_id`, `category_id`, `sub_category_id`, `space_user_id`, `is_admin`, `space_name`, `image`, `description`, `notes`, `space_document`, `scout_id`, `payment_mode`, `booking_option`, `reserv_date_change_allow`, `guest_number`, `price_per_night`, `tax_percentage`, `price_per_night_7d`, `price_per_night_30d`, `is_guest_allow`, `extra_guest_per_night`, `is_above_guest_cap`, `is_pay_by_num_guest`, `room_size`, `room_number`, `bedroom_number`, `bathroom_number`, `checkin_hr`, `checkout_hr`, `late_checkin`, `cleaning_fee`, `cleaning_fee_type`, `city_fee`, `city_fee_type`, `security_deposite`, `earlybird_discount`, `min_days_in_advance`, `bed_type`, `private_bathroom`, `private_entrance`, `optional_services`, `family_friendly`, `outdoor_facilities`, `extra_people`, `cancellation`, `space_address`, `space_country`, `city`, `neighbor_area`, `zip_code`, `province`, `space_latitude`, `space_longitude`, `status`, `copy_status`, `created_at`, `updated_at`) VALUES
(270,	30,	13,	1,	1,	'New Wonder Space',	'3-hotelMainImg-1656594224-spaceMainImg-1658317272.png',	'Property Description',	'Private Notes describe here',	NULL,	477,	1,	1,	1,	23,	500,	2,	3200,	12000,	0,	0,	0,	0,	1500,	12,	5,	13,	'12',	'21',	'12',	NULL,	NULL,	NULL,	NULL,	NULL,	NULL,	NULL,	'Double bed',	1,	1,	NULL,	1,	'asdasd',	'1',	NULL,	'USA Fitness/Outdoor Gym - Sylmar Super Center, Foothill Boulevard, Sylmar, CA, USA',	231,	'Los Angeles County',	NULL,	'91342',	'California',	'34.3075453',	'-118.4309508',	1,	1,	'2022-07-20 11:41:12',	'2022-07-29 06:44:42'),
(272,	30,	13,	1,	1,	'Resort  Basic, 5 Kumrat Glamping',	'photo-1638474751432-d73571bba430-spaceMainImg-1658380881.jpg',	'Lorem Ipsum is simply dummy text of the printing and typesetting industry. Lorem Ipsum has been the industry\'s standard dummy text ever since the 1500s, when an unknown printer took a galley of type and scrambled it to make a type specimen book. It has survived not only five centuries, but also the leap into electronic typesetting, remaining essentially unchanged. It was popularised in the 1960s with the release of Letraset sheets containing Lorem Ipsum passages, and more recently with desktop publishing software like Aldus PageMaker including versions of Lorem Ipsum.',	'Spaces Notes',	NULL,	477,	0,	2,	1,	20,	100000,	18000,	95000,	80000,	0,	0,	0,	0,	3000,	20,	15,	18,	'11 AM',	'12 PM',	'1 Hr',	2000,	'single_fee',	1000,	'single_fee',	NULL,	5,	15,	'Double bed',	1,	1,	NULL,	1,	'Swimming Pool',	'5',	NULL,	'PAC College, Gurumangat Road, Block T Gulberg 2, Lahore, Pakistan',	166,	'Lahore',	'Gulberg 2',	'54000',	'Punjab',	'31.5194317',	'74.3582019',	1,	1,	'2022-07-21 05:21:21',	'2022-07-25 09:42:38'),
(273,	30,	13,	1,	1,	'space 1 test',	'photo-1429962714451-bb934ecdc4ec-spaceMainImg-1658406555.jpg',	'Lorem Ipsum is simply dummy text of the printing and typesetting industry. Lorem Ipsum has been the industry\'s standard dummy text ever since the 1500s, when an unknown printer took a galley of type and scrambled it to make a type specimen book. It has survived not only five centuries, but also the leap into electronic typesetting, remaining essentially',	'Spaces Notes',	NULL,	477,	1,	1,	0,	20,	100000,	18000,	95000,	80000,	0,	0,	0,	0,	3000,	20,	15,	18,	NULL,	NULL,	NULL,	2000,	'single_fee',	1000,	'single_fee',	NULL,	5,	15,	'Double bed',	1,	1,	NULL,	1,	'Swimming Pool',	'5',	NULL,	'Shreevardhan Complex, Rabindranath Tagore Marg, South Tukoganj, Indore, Madhya Pradesh, India',	101,	'Indore',	'South Tukoganj',	'452001',	'Madhya Pradesh',	'22.7178592',	'75.873064',	1,	1,	'2022-07-21 10:58:24',	'2022-07-29 06:58:56'),
(297,	29,	13,	336,	0,	'space 12 test',	'photo-1641230539674-c9aae87f6e24-spaceMainImg-1658410629.jpg',	'Lorem Ipsum is simply dummy text of the printing and typesetting industry. Lorem Ipsum has been the industry\'s standard dummy text ever since the 1500s, when an unknown printer took a galley of type and scrambled it to make a type specimen book. It has survived not only five centuries, but also the leap into electronic typesetting, remaining essentially',	'notes',	NULL,	477,	0,	2,	0,	20,	500,	2,	3200,	12000,	0,	0,	0,	0,	450,	12,	NULL,	NULL,	NULL,	NULL,	NULL,	100,	'single_fee',	10,	'single_fee',	1000,	NULL,	NULL,	'Double bed',	1,	1,	NULL,	1,	'asdasd',	'1',	NULL,	'Japan-Restaurant Manyo, Schertlinstrae, A, Germany',	82,	'Schwaben',	'Antonsviertel',	'86159',	'Bayern',	'48.3530667',	'10.8911528',	1,	1,	'2022-07-21 13:37:09',	'2022-07-29 08:33:16'),
(323,	27,	10,	877,	0,	'New Corporate',	'pexels-deno-wang-11671086-spaceMainImg-1658739078.jpg',	'Lorem Ipsum is simply dummy text of the printing and typesetting industry. Lorem Ipsum has been the industry\'s standard dummy text ever since the 1500s, when an unknown printer took a galley of type and scrambled it to make a type specimen book. It has survived not only five centuries, but also the leap into electronic typesetting, remaining essentially',	'pn',	NULL,	557,	1,	1,	1,	1234,	500,	1,	3000,	10000,	0,	0,	0,	0,	256,	5,	4,	3,	'1',	'1',	'1',	100,	'single_fee',	250,	'single_fee',	100,	1,	1,	'Single bed',	1,	1,	'Yes',	1,	'Yes',	'Yes',	'yes',	'Restaurant RT, Jalan Tunku Abdul Halim, Taman Tunku Habsah, Alor Setar, Kedah, Malaysia',	132,	'indore',	'Taman Tunku Habsah',	'05100',	'Kedah',	'6.129601699999999',	'100.3701481',	1,	1,	'2022-07-25 08:51:18',	'2022-07-29 09:10:04'),
(327,	23,	10,	877,	0,	NULL,	'room_default_img.jpg',	'pd',	'pn',	NULL,	557,	1,	1,	0,	1234,	500,	1,	3000,	10000,	0,	0,	0,	0,	256,	5,	4,	3,	NULL,	NULL,	NULL,	100,	'single_fee',	250,	'single_fee',	100,	1,	1,	'Single bed',	1,	1,	NULL,	1,	'Yes',	'Yes',	NULL,	NULL,	101,	'indore',	NULL,	NULL,	NULL,	NULL,	NULL,	0,	0,	'2022-07-25 09:41:32',	'2022-07-25 09:41:32'),
(331,	23,	10,	1,	1,	NULL,	'room_default_img.jpg',	'pd',	'pn',	NULL,	557,	1,	1,	0,	1234,	500,	1,	3000,	10000,	0,	0,	0,	0,	256,	5,	4,	3,	NULL,	NULL,	NULL,	100,	'single_fee',	250,	'single_fee',	100,	1,	1,	'Single bed',	1,	1,	NULL,	1,	'Yes',	'Yes',	NULL,	NULL,	101,	'indore',	NULL,	NULL,	NULL,	NULL,	NULL,	0,	0,	'2022-07-25 12:12:12',	'2022-07-25 12:12:12'),
(339,	23,	10,	1,	1,	NULL,	'room_default_img.jpg',	'pd',	'pn',	NULL,	557,	1,	1,	0,	2147483647,	300,	1,	2000,	9000,	0,	0,	0,	0,	111,	2,	4,	3,	NULL,	NULL,	NULL,	100,	'single_fee',	100,	'single_fee',	100,	1,	1,	'Single bed',	1,	1,	NULL,	1,	'Yes',	'Yes',	NULL,	NULL,	101,	'indore',	NULL,	NULL,	NULL,	NULL,	NULL,	0,	0,	'2022-07-26 07:14:59',	'2022-07-26 07:14:59'),
(346,	23,	10,	1,	1,	NULL,	'room_default_img.jpg',	'pd',	'pn',	NULL,	557,	1,	1,	0,	2147483647,	200,	1,	1000,	5000,	0,	0,	0,	0,	366,	5,	4,	3,	NULL,	NULL,	NULL,	50,	'single_fee',	50,	'single_fee',	100,	1,	1,	'Single bed',	1,	1,	NULL,	1,	'yes',	'Yes',	NULL,	NULL,	101,	'indore',	NULL,	NULL,	NULL,	NULL,	NULL,	0,	0,	'2022-07-26 10:25:02',	'2022-07-26 10:25:02'),
(357,	23,	10,	877,	0,	NULL,	'room_default_img.jpg',	'des',	'notes',	NULL,	557,	1,	1,	0,	5,	500,	1,	3000,	12000,	0,	0,	0,	0,	366,	2,	4,	3,	NULL,	NULL,	NULL,	100,	'single_fee',	100,	'single_fee',	100,	1,	1,	'Single bed',	1,	1,	NULL,	1,	'Yes',	'Yes',	NULL,	NULL,	101,	'indore',	NULL,	NULL,	NULL,	NULL,	NULL,	0,	0,	'2022-07-27 07:03:01',	'2022-07-27 07:03:01'),
(361,	30,	10,	877,	0,	'New Cottage',	'pexels-elina-sazonova-1838554-spaceMainImg-1658911052.jpg',	'Lorem Ipsum is simply dummy text of the printing and typesetting industry. Lorem Ipsum has been the industry\'s standard dummy text ever since the 1500s, when an unknown printer took a galley of type and scrambled it to make a type specimen book. It has survived not only five centuries, but also the leap into electronic typesetting, remaining essentially',	'n',	'Admin  Dashboard (2)-1658911052.pdf',	557,	1,	1,	0,	1,	356,	1,	2000,	9000,	0,	0,	0,	0,	366,	5,	4,	3,	'1',	'1',	'1',	50,	'single_fee',	50,	'single_fee',	100,	1,	1,	'Single bed',	1,	1,	'Yes',	1,	'Yes',	'Yes',	'yes',	'Bankomat Ab Russia, Cheboksarsky Lane, Saint Petersburg, Russia',	181,	'isala',	'Tsentralnyy rayon',	'191186',	'madhya pradesh',	'59.93739910000001',	'30.3265717',	1,	1,	'2022-07-27 08:37:32',	'2022-07-29 09:09:27'),
(362,	30,	10,	877,	0,	'New Hasan Villa',	'3-roomMainImg-1656497288-spaceMainImg-1658925154.png',	'Lorem Ipsum is simply dummy text of the printing and typesetting industry. Lorem Ipsum has been the industry\'s standard dummy text ever since the 1500s, when an unknown printer took a galley of type and scrambled it to make a type specimen book. It has survived not only five centuries, but also the leap into electronic typesetting, remaining essentially',	'n',	NULL,	557,	1,	1,	0,	1,	356,	1,	2000,	9000,	0,	0,	0,	0,	366,	5,	4,	3,	NULL,	NULL,	NULL,	50,	'single_fee',	50,	'single_fee',	100,	1,	1,	'Single bed',	1,	1,	NULL,	1,	'Yes',	'Yes',	NULL,	'RNT Marg, Murai Mohalla, Chhawni, Indore, Madhya Pradesh, India',	101,	'Indore',	'Chhawni',	'452001',	'Madhya Pradesh',	'22.7097071',	'75.87578169999999',	1,	1,	'2022-07-27 08:37:41',	'2022-07-29 09:08:43'),
(367,	23,	10,	1,	1,	'Lower Space',	'pexels-pixabay-261395-spaceMainImg-1658925540.jpg',	'Lorem Ipsum is simply dummy text of the printing and typesetting industry. Lorem Ipsum has been the industry\'s standard dummy text ever since the 1500s, when an unknown printer took a galley of type and scrambled it to make a type specimen book. It has survived not only five centuries, but also the leap into electronic typesetting, remaining essentially',	'notes',	'Admin  Dashboard (2)-1658925540.pdf',	557,	1,	1,	0,	2147483647,	500,	1,	3000,	10000,	0,	0,	0,	0,	356,	2,	4,	3,	'1',	'1',	'1',	100,	'single_fee',	100,	'single_fee',	1,	1,	2,	'Single bed',	1,	1,	'Yes',	1,	'Yes',	'Yes',	'yes',	'Saudi German Hospital Dubai - Dubai - United Arab Emirates',	229,	'indore',	'Al Barsha',	'452001',	'Dubai',	'25.097098',	'55.184156',	1,	1,	'2022-07-27 12:39:00',	'2022-07-29 09:07:47'),
(374,	23,	10,	877,	0,	NULL,	'room_default_img.jpg',	'PROOOO DFSDFSFSFSF FDASFSFSFSAFSAFSAFDSFSDFSFSFFAAFFAFFAFFAFFAFSFD DFDSFSDFDSFSAFAFAFSAFAFFAF SDFDSFSFASFSAFSFDSAFFAFSAFSFSAFFSFAFASFS FSDAFSFSAFFSFAFSAFFASFDSFDFDSFDFDFDFDFDFDFDFDSAFSASAFDFSAFDSFDFDSAFSADF',	'NOTES',	NULL,	557,	1,	1,	0,	1,	500,	1,	3000,	10000,	0,	0,	0,	0,	256,	2,	4,	3,	NULL,	NULL,	NULL,	100,	'single_fee',	100,	'single_fee',	100,	1,	1,	'Single bed',	1,	1,	NULL,	1,	'Yes',	'Yes',	NULL,	NULL,	101,	'Indore',	'Chhawni',	NULL,	NULL,	NULL,	NULL,	0,	0,	'2022-07-28 09:25:01',	'2022-07-28 09:25:01'),
(375,	23,	10,	877,	0,	'New Avenue',	'pexels-elina-sazonova-1838554-spaceMainImg-1659005211.jpg',	'Lorem Ipsum is simply dummy text of the printing and typesetting industry. Lorem Ipsum has been the industry\'s standard dummy text ever since the 1500s, when an unknown printer took a galley of type and scrambled it to make a type specimen book. It has survived not only five centuries, but also the leap into electronic typesetting, remaining essentially',	'notes',	'Admin  Dashboard (2)-1659005211.pdf',	477,	1,	1,	1,	2147483647,	500,	1,	3000,	10000,	0,	0,	0,	0,	111,	2,	4,	4,	'1',	'1',	'1',	100,	'single_fee',	100,	'single_fee',	100,	1,	1,	'Bunk bed',	1,	1,	'Yes',	1,	'Yes',	'Yes',	'yes',	'Liverpool Street Station, London, UK',	230,	'Greater London',	NULL,	'EC2M 7QA',	'England',	'51.51925079999999',	'-0.0810913',	1,	1,	'2022-07-28 10:46:51',	'2022-07-29 09:07:24'),
(386,	23,	10,	1,	1,	NULL,	'room_default_img.jpg',	'pddfsafsadfaafkshafkhsajhfsafafafaghka pddfsafsadfaafkshafkhsajhfsafafafaghka pddfsafsadfaafkshafkhsajhfsafafafaghka pddfsafsadfaafkshafkhsajhfsafafafaghkapddfsafsadfaafkshafkhsajhfsafafafaghkavpddfsafsadfaafkshafkhsajhfsafafafaghkapddfsafsadfaafkshafkhsajhfsafafafaghkapddfsafsadfaafkshafkhsajhfsafafafaghka',	'pn',	NULL,	557,	1,	1,	0,	2147483647,	500,	1,	3000,	15000,	0,	0,	0,	0,	312,	2,	1,	3,	NULL,	NULL,	NULL,	500,	'single_fee',	500,	'single_fee',	5000,	1,	1,	'Single bed',	1,	1,	NULL,	1,	'Yes',	'Yes',	NULL,	NULL,	101,	'indore',	NULL,	NULL,	NULL,	NULL,	NULL,	0,	0,	'2022-07-29 09:28:47',	'2022-07-29 09:28:47'),
(390,	23,	10,	877,	0,	NULL,	'room_default_img.jpg',	'Lorem Ipsum is simply dummy text of the printing and typesetting industry. Lorem Ipsum has been the industry\'s standard dummy text ever since the 1500s, when an unknown printer took a galley of type and scrambled it to make a type specimen book. It has survived not only five centuries, but also the leap into electronic typesetting, remaining essentially',	'notes',	NULL,	477,	1,	1,	0,	2147483647,	500,	1,	3000,	10000,	0,	0,	0,	0,	111,	2,	4,	4,	NULL,	NULL,	NULL,	100,	'single_fee',	100,	'single_fee',	100,	1,	1,	'Bunk bed',	1,	1,	NULL,	1,	'Yes',	'Yes',	NULL,	NULL,	230,	'Greater London',	NULL,	NULL,	NULL,	NULL,	NULL,	0,	0,	'2022-07-29 10:56:53',	'2022-07-29 10:56:53'),
(392,	23,	10,	877,	0,	'sp4',	'pexels-pixabay-261395-spaceMainImg-1659158612.jpg',	'description dfsdafhsafhjksahfahslkfhslafhashfshalkjfhsajhfljkshfjksafkhsfljksafhasjlaalafafalfhsalhflashflahfljhasljfhlakfhlsjkahljksadhl v description dfsdafhsafhjksahfahslkfhslafhashfshalkjfhsajhfljkshfjksafkhsfljksafhasjlaalafafalfhsalhflashflahfljhasljfhlakfhlsjkahljksadhldescription dfsdafhsafhjksahfahslkfhslafhashfshalkjfhsajhfljkshfjksafkhsfljksafhasjlaalafafalfhsalhflashflahfljhasljfhlakfhlsjkahljksadhldescription dfsdafhsafhjksahfahslkfhslafhashfshalkjfhsajhfljkshfjksafkhsfljksafhasjlaalafafalfhsalhflashflahfljhasljfhlakfhlsjkahljksadhldescription dfsdafhsafhjksahfahslkfhslafhashfshalkjfhsajhfljkshfjksafkhsfljksafhasjlaalafafalfhsalhflashflahfljhasljfhlakfhlsjkahljksadhl',	'notes',	'Admin  Dashboard (2)-1659158612.pdf',	477,	1,	1,	1,	2147483647,	550,	3,	3000,	16000,	0,	NULL,	NULL,	NULL,	356,	5,	1,	3,	'1',	'1',	'1',	100,	'single_fee',	100,	'single_fee',	1000,	1,	1,	'Sofa',	1,	1,	'Yes',	1,	'Yes',	'Yes',	'yes',	'RNT Marg, Murai Mohalla, Chhawni, Indore, Madhya Pradesh, India',	101,	'Indore',	'Chhawni',	'452001',	'Madhya Pradesh',	'22.7097071',	'75.87578169999999',	1,	1,	'2022-07-30 05:23:32',	'2022-07-30 05:23:32'),
(393,	23,	10,	877,	0,	NULL,	'room_default_img.jpg',	'description dfsdafhsafhjksahfahslkfhslafhashfshalkjfhsajhfljkshfjksafkhsfljksafhasjlaalafafalfhsalhflashflahfljhasljfhlakfhlsjkahljksadhl v description dfsdafhsafhjksahfahslkfhslafhashfshalkjfhsajhfljkshfjksafkhsfljksafhasjlaalafafalfhsalhflashflahfljhasljfhlakfhlsjkahljksadhldescription dfsdafhsafhjksahfahslkfhslafhashfshalkjfhsajhfljkshfjksafkhsfljksafhasjlaalafafalfhsalhflashflahfljhasljfhlakfhlsjkahljksadhldescription dfsdafhsafhjksahfahslkfhslafhashfshalkjfhsajhfljkshfjksafkhsfljksafhasjlaalafafalfhsalhflashflahfljhasljfhlakfhlsjkahljksadhldescription dfsdafhsafhjksahfahslkfhslafhashfshalkjfhsajhfljkshfjksafkhsfljksafhasjlaalafafalfhsalhflashflahfljhasljfhlakfhlsjkahljksadhl',	'notes',	NULL,	477,	1,	1,	0,	2147483647,	550,	3,	3000,	16000,	0,	0,	0,	0,	356,	5,	1,	3,	NULL,	NULL,	NULL,	100,	'single_fee',	100,	'single_fee',	1000,	1,	1,	'Sofa',	1,	1,	NULL,	1,	'Yes',	'Yes',	NULL,	NULL,	101,	'Indore',	'Chhawni',	NULL,	NULL,	NULL,	NULL,	0,	0,	'2022-07-30 05:23:38',	'2022-07-30 05:23:38');

DROP TABLE IF EXISTS `space_amenities`;
CREATE TABLE `space_amenities` (
  `id` int(11) NOT NULL AUTO_INCREMENT,
  `space_id` int(11) NOT NULL,
  `amenity_id` int(11) NOT NULL,
  `status` int(11) NOT NULL,
  `created_at` datetime NOT NULL,
  `updated_at` timestamp NOT NULL DEFAULT CURRENT_TIMESTAMP ON UPDATE CURRENT_TIMESTAMP,
  PRIMARY KEY (`id`)
) ENGINE=InnoDB DEFAULT CHARSET=utf8 COLLATE=utf8_unicode_ci;


DROP TABLE IF EXISTS `space_bedroom_type`;
CREATE TABLE `space_bedroom_type` (
  `bedroom_type_id` int(11) NOT NULL AUTO_INCREMENT,
  `bedroom_name` varchar(255) COLLATE utf8_unicode_ci NOT NULL,
  `details` varchar(255) COLLATE utf8_unicode_ci DEFAULT NULL,
  `status` int(11) NOT NULL,
  `created_at` datetime NOT NULL,
  `updated_at` timestamp NOT NULL DEFAULT CURRENT_TIMESTAMP ON UPDATE CURRENT_TIMESTAMP,
  PRIMARY KEY (`bedroom_type_id`)
) ENGINE=InnoDB DEFAULT CHARSET=utf8 COLLATE=utf8_unicode_ci;

INSERT INTO `space_bedroom_type` (`bedroom_type_id`, `bedroom_name`, `details`, `status`, `created_at`, `updated_at`) VALUES
(1,	'Single',	'Single',	1,	'2022-06-07 08:39:16',	'2022-07-07 05:39:07'),
(2,	'Double',	'Double',	1,	'2022-06-07 08:39:42',	'2022-06-21 10:55:22'),
(3,	'Twin',	'Twin',	1,	'2022-06-07 08:40:04',	'2022-06-07 08:40:04'),
(4,	'Twin/Double',	'Twin/Double',	1,	'2022-06-07 08:40:48',	'2022-06-07 08:40:48'),
(5,	'Quadruple',	'Quadruple',	1,	'2022-06-07 08:42:07',	'2022-06-07 08:42:07'),
(6,	'Family',	'Family',	1,	'2022-06-07 08:42:19',	'2022-06-07 08:42:19'),
(7,	'Suite',	'Suite',	1,	'2022-06-07 08:42:35',	'2022-06-07 08:42:35'),
(8,	'Studio',	'Studio',	1,	'2022-06-07 08:42:48',	'2022-06-07 08:42:48'),
(9,	'Dormitory',	'Dormitory',	1,	'2022-06-07 08:43:18',	'2022-06-07 08:43:18');

DROP TABLE IF EXISTS `space_categories`;
CREATE TABLE `space_categories` (
  `scat_id` int(11) NOT NULL AUTO_INCREMENT,
  `category_name` varchar(255) COLLATE utf8_unicode_ci NOT NULL,
  `space_cat_image` varchar(255) COLLATE utf8_unicode_ci DEFAULT NULL,
  `details` varchar(255) COLLATE utf8_unicode_ci DEFAULT NULL,
  `status` int(11) NOT NULL DEFAULT '1',
  `created_at` datetime NOT NULL,
  `updated_at` timestamp NOT NULL DEFAULT CURRENT_TIMESTAMP ON UPDATE CURRENT_TIMESTAMP,
  PRIMARY KEY (`scat_id`)
) ENGINE=InnoDB DEFAULT CHARSET=utf8 COLLATE=utf8_unicode_ci;

INSERT INTO `space_categories` (`scat_id`, `category_name`, `space_cat_image`, `details`, `status`, `created_at`, `updated_at`) VALUES
(23,	'Apartment',	'party-halls-spaceCatImg-1659091753.jpg',	NULL,	1,	'2022-07-20 07:28:55',	'2022-07-29 10:49:13'),
(24,	'B & B',	'marriage-halls-spaceCatImg-1659091764.jpg',	NULL,	1,	'2022-07-20 07:29:07',	'2022-07-29 10:49:24'),
(25,	'Cabin',	'cocktail-venues-spaceCatImg-1659091775.jpg',	NULL,	1,	'2022-07-20 07:29:17',	'2022-07-29 10:49:35'),
(26,	'Condos',	'banquet-halls-spaceCatImg-1659091782.jpg',	NULL,	1,	'2022-07-20 07:29:24',	'2022-07-29 10:49:42'),
(27,	'Coworking space',	'party-halls (1)-spaceCatImg-1659091791.jpg',	NULL,	1,	'2022-07-20 07:29:32',	'2022-07-29 10:49:51'),
(28,	'Dorm',	'marriage-halls-spaceCatImg-1659091800.jpg',	NULL,	1,	'2022-07-20 07:29:40',	'2022-07-29 10:50:00'),
(29,	'House',	'cocktail-venues-spaceCatImg-1659091807.jpg',	NULL,	1,	'2022-07-20 07:29:46',	'2022-07-29 10:50:07'),
(30,	'Villa',	'banquet-halls-spaceCatImg-1659091815.jpg',	NULL,	1,	'2022-07-20 07:29:55',	'2022-07-29 10:50:15');

DROP TABLE IF EXISTS `space_custom_details`;
CREATE TABLE `space_custom_details` (
  `custom_id` int(11) NOT NULL AUTO_INCREMENT,
  `custom_label` varchar(255) CHARACTER SET utf8 NOT NULL,
  `custom_quantity` int(11) NOT NULL,
  `space_id` int(11) NOT NULL,
  `status` tinyint(2) NOT NULL DEFAULT '1',
  `created_at` datetime NOT NULL DEFAULT CURRENT_TIMESTAMP,
  `updated_at` timestamp NOT NULL DEFAULT CURRENT_TIMESTAMP,
  PRIMARY KEY (`custom_id`)
) ENGINE=InnoDB DEFAULT CHARSET=utf8 COLLATE=utf8_unicode_ci;

INSERT INTO `space_custom_details` (`custom_id`, `custom_label`, `custom_quantity`, `space_id`, `status`, `created_at`, `updated_at`) VALUES
(100,	'Water Purifier',	2,	272,	1,	'2022-07-25 10:39:32',	'2022-07-25 10:39:32'),
(101,	'Fan',	20,	272,	1,	'2022-07-25 10:39:32',	'2022-07-25 10:39:32'),
(102,	'Fridge',	9,	272,	1,	'2022-07-25 10:39:32',	'2022-07-25 10:39:32'),
(103,	'Exhaust Fan',	6,	272,	1,	'2022-07-25 10:39:32',	'2022-07-25 10:39:32'),
(104,	'Dining Table',	5,	272,	1,	'2022-07-25 10:39:32',	'2022-07-25 10:39:32'),
(105,	'Geyser',	5,	272,	1,	'2022-07-25 10:39:32',	'2022-07-25 10:39:32'),
(106,	'Stove',	5,	272,	1,	'2022-07-25 10:39:32',	'2022-07-25 10:39:32'),
(107,	'Light',	8,	272,	1,	'2022-07-25 10:39:32',	'2022-07-25 10:39:32'),
(108,	'Water Purifier',	2,	270,	1,	'2022-07-29 06:44:42',	'2022-07-29 06:44:42'),
(109,	'Fan',	3,	270,	1,	'2022-07-29 06:44:42',	'2022-07-29 06:44:42'),
(110,	'Fridge',	9,	270,	1,	'2022-07-29 06:44:42',	'2022-07-29 06:44:42'),
(125,	'Water Purifier',	2,	273,	1,	'2022-07-29 06:58:56',	'2022-07-29 06:58:56'),
(126,	'custom 890',	2,	375,	1,	'2022-07-29 09:07:24',	'2022-07-29 09:07:24'),
(127,	'custom 1',	2,	367,	1,	'2022-07-29 09:07:47',	'2022-07-29 09:07:47'),
(128,	'custom 1',	2,	362,	1,	'2022-07-29 09:08:43',	'2022-07-29 09:08:43'),
(129,	'sdf',	2,	361,	1,	'2022-07-29 09:09:27',	'2022-07-29 09:09:27'),
(130,	'Fan',	20,	361,	1,	'2022-07-29 09:09:27',	'2022-07-29 09:09:27'),
(131,	'Fridge',	9,	361,	1,	'2022-07-29 09:09:27',	'2022-07-29 09:09:27'),
(132,	'custom 1',	2,	323,	1,	'2022-07-29 09:10:04',	'2022-07-29 09:10:04'),
(133,	'Fan',	20,	323,	1,	'2022-07-29 09:10:04',	'2022-07-29 09:10:04');

DROP TABLE IF EXISTS `space_extra_option`;
CREATE TABLE `space_extra_option` (
  `ext_id` int(11) NOT NULL AUTO_INCREMENT,
  `ext_opt_name` varchar(255) CHARACTER SET utf8 NOT NULL,
  `ext_opt_price` int(11) NOT NULL,
  `ext_opt_type` varchar(255) CHARACTER SET utf8 NOT NULL,
  `space_id` int(11) NOT NULL,
  `status` tinyint(2) NOT NULL DEFAULT '1',
  `created_at` datetime NOT NULL DEFAULT CURRENT_TIMESTAMP,
  `updated_at` timestamp NOT NULL DEFAULT CURRENT_TIMESTAMP,
  PRIMARY KEY (`ext_id`)
) ENGINE=InnoDB DEFAULT CHARSET=utf8 COLLATE=utf8_unicode_ci;

INSERT INTO `space_extra_option` (`ext_id`, `ext_opt_name`, `ext_opt_price`, `ext_opt_type`, `space_id`, `status`, `created_at`, `updated_at`) VALUES
(106,	'room ext opt 12',	200,	'single_fee',	272,	1,	'2022-07-25 10:39:32',	'2022-07-25 10:39:32'),
(107,	'room ext opt 13',	101,	'single_fee',	272,	1,	'2022-07-25 10:39:32',	'2022-07-25 10:39:32'),
(108,	'room ext opt 14',	102,	'single_fee',	272,	1,	'2022-07-25 10:39:32',	'2022-07-25 10:39:32'),
(109,	'name1',	200,	'per_guest',	270,	1,	'2022-07-29 06:44:42',	'2022-07-29 06:44:42'),
(120,	'room ext 11',	200,	'single_fee',	273,	1,	'2022-07-29 06:58:56',	'2022-07-29 06:58:56'),
(122,	'Airport Pickup',	200,	'single_fee',	367,	1,	'2022-07-29 09:07:47',	'2022-07-29 09:07:47'),
(123,	'room ext 11',	100,	'single_fee',	362,	1,	'2022-07-29 09:08:43',	'2022-07-29 09:08:43'),
(124,	'room ext 11',	100,	'single_fee',	361,	1,	'2022-07-29 09:09:27',	'2022-07-29 09:09:27'),
(125,	'4003_wxtra',	200,	'single_fee',	323,	1,	'2022-07-29 09:10:04',	'2022-07-29 09:10:04'),
(126,	'Airport Pickup',	100,	'single_fee',	375,	1,	'2022-07-29 10:57:11',	'2022-07-29 10:57:11');

DROP TABLE IF EXISTS `space_features`;
CREATE TABLE `space_features` (
  `id` int(11) NOT NULL AUTO_INCREMENT,
  `space_id` int(11) NOT NULL,
  `space_feature_id` int(11) NOT NULL,
  `status` int(11) NOT NULL,
  `created_at` datetime NOT NULL,
  `updated_at` timestamp NOT NULL DEFAULT CURRENT_TIMESTAMP ON UPDATE CURRENT_TIMESTAMP,
  PRIMARY KEY (`id`)
) ENGINE=InnoDB DEFAULT CHARSET=utf8 COLLATE=utf8_unicode_ci;

INSERT INTO `space_features` (`id`, `space_id`, `space_feature_id`, `status`, `created_at`, `updated_at`) VALUES
(125,	272,	16,	1,	'2022-07-25 10:39:32',	'2022-07-25 10:39:32'),
(126,	272,	19,	1,	'2022-07-25 10:39:32',	'2022-07-25 10:39:32'),
(127,	272,	21,	1,	'2022-07-25 10:39:32',	'2022-07-25 10:39:32'),
(128,	272,	27,	1,	'2022-07-25 10:39:32',	'2022-07-25 10:39:32'),
(129,	272,	29,	1,	'2022-07-25 10:39:32',	'2022-07-25 10:39:32'),
(168,	270,	4,	1,	'2022-07-29 06:44:42',	'2022-07-29 06:44:42'),
(169,	270,	9,	1,	'2022-07-29 06:44:42',	'2022-07-29 06:44:42'),
(170,	270,	27,	1,	'2022-07-29 06:44:42',	'2022-07-29 06:44:42'),
(171,	297,	6,	1,	'2022-07-29 06:46:12',	'2022-07-29 06:46:12'),
(172,	297,	27,	1,	'2022-07-29 06:46:12',	'2022-07-29 06:46:12'),
(173,	297,	22,	1,	'2022-07-29 06:46:12',	'2022-07-29 06:46:12'),
(174,	297,	10,	1,	'2022-07-29 06:46:12',	'2022-07-29 06:46:12'),
(175,	297,	16,	1,	'2022-07-29 06:46:12',	'2022-07-29 06:46:12'),
(176,	297,	9,	1,	'2022-07-29 06:46:12',	'2022-07-29 06:46:12'),
(237,	273,	4,	1,	'2022-07-29 06:58:56',	'2022-07-29 06:58:56'),
(238,	273,	8,	1,	'2022-07-29 06:58:56',	'2022-07-29 06:58:56'),
(239,	273,	9,	1,	'2022-07-29 06:58:56',	'2022-07-29 06:58:56'),
(240,	273,	12,	1,	'2022-07-29 06:58:56',	'2022-07-29 06:58:56'),
(241,	273,	17,	1,	'2022-07-29 06:58:56',	'2022-07-29 06:58:56'),
(242,	273,	26,	1,	'2022-07-29 06:58:56',	'2022-07-29 06:58:56'),
(255,	367,	3,	1,	'2022-07-29 09:07:47',	'2022-07-29 09:07:47'),
(256,	367,	7,	1,	'2022-07-29 09:07:47',	'2022-07-29 09:07:47'),
(257,	367,	9,	1,	'2022-07-29 09:07:47',	'2022-07-29 09:07:47'),
(258,	367,	10,	1,	'2022-07-29 09:07:47',	'2022-07-29 09:07:47'),
(259,	367,	11,	1,	'2022-07-29 09:07:47',	'2022-07-29 09:07:47'),
(260,	367,	12,	1,	'2022-07-29 09:07:47',	'2022-07-29 09:07:47'),
(261,	367,	13,	1,	'2022-07-29 09:07:47',	'2022-07-29 09:07:47'),
(262,	367,	27,	1,	'2022-07-29 09:07:47',	'2022-07-29 09:07:47'),
(263,	362,	2,	1,	'2022-07-29 09:08:43',	'2022-07-29 09:08:43'),
(264,	362,	9,	1,	'2022-07-29 09:08:43',	'2022-07-29 09:08:43'),
(265,	362,	10,	1,	'2022-07-29 09:08:43',	'2022-07-29 09:08:43'),
(266,	362,	11,	1,	'2022-07-29 09:08:43',	'2022-07-29 09:08:43'),
(267,	362,	12,	1,	'2022-07-29 09:08:43',	'2022-07-29 09:08:43'),
(268,	362,	22,	1,	'2022-07-29 09:08:43',	'2022-07-29 09:08:43'),
(269,	362,	26,	1,	'2022-07-29 09:08:43',	'2022-07-29 09:08:43'),
(270,	361,	5,	1,	'2022-07-29 09:09:27',	'2022-07-29 09:09:27'),
(271,	361,	6,	1,	'2022-07-29 09:09:27',	'2022-07-29 09:09:27'),
(272,	361,	8,	1,	'2022-07-29 09:09:27',	'2022-07-29 09:09:27'),
(273,	361,	9,	1,	'2022-07-29 09:09:27',	'2022-07-29 09:09:27'),
(274,	361,	10,	1,	'2022-07-29 09:09:27',	'2022-07-29 09:09:27'),
(275,	361,	13,	1,	'2022-07-29 09:09:27',	'2022-07-29 09:09:27'),
(276,	361,	16,	1,	'2022-07-29 09:09:27',	'2022-07-29 09:09:27'),
(277,	361,	26,	1,	'2022-07-29 09:09:27',	'2022-07-29 09:09:27'),
(278,	323,	2,	1,	'2022-07-29 09:10:04',	'2022-07-29 09:10:04'),
(279,	323,	3,	1,	'2022-07-29 09:10:04',	'2022-07-29 09:10:04'),
(280,	323,	4,	1,	'2022-07-29 09:10:04',	'2022-07-29 09:10:04'),
(281,	323,	5,	1,	'2022-07-29 09:10:04',	'2022-07-29 09:10:04'),
(282,	323,	15,	1,	'2022-07-29 09:10:04',	'2022-07-29 09:10:04'),
(283,	323,	22,	1,	'2022-07-29 09:10:04',	'2022-07-29 09:10:04'),
(288,	375,	3,	1,	'2022-07-29 10:57:11',	'2022-07-29 10:57:11'),
(289,	375,	4,	1,	'2022-07-29 10:57:11',	'2022-07-29 10:57:11'),
(290,	375,	13,	1,	'2022-07-29 10:57:11',	'2022-07-29 10:57:11'),
(291,	375,	17,	1,	'2022-07-29 10:57:11',	'2022-07-29 10:57:11'),
(292,	375,	28,	1,	'2022-07-29 10:57:11',	'2022-07-29 10:57:11'),
(295,	392,	4,	1,	'2022-07-30 05:23:32',	'2022-07-30 05:23:32');

DROP TABLE IF EXISTS `space_features_list`;
CREATE TABLE `space_features_list` (
  `space_feature_id` int(11) NOT NULL AUTO_INCREMENT,
  `space_feature_name` varchar(255) COLLATE utf8_unicode_ci NOT NULL,
  `status` int(11) NOT NULL,
  `created_at` datetime NOT NULL,
  `updated_at` timestamp NOT NULL DEFAULT CURRENT_TIMESTAMP ON UPDATE CURRENT_TIMESTAMP,
  PRIMARY KEY (`space_feature_id`)
) ENGINE=InnoDB DEFAULT CHARSET=utf8 COLLATE=utf8_unicode_ci;

INSERT INTO `space_features_list` (`space_feature_id`, `space_feature_name`, `status`, `created_at`, `updated_at`) VALUES
(1,	'Air Conditioner',	1,	'2022-06-09 05:14:04',	'2022-06-09 05:14:04'),
(2,	'Bar / Restaurant',	1,	'2022-06-09 05:14:13',	'2022-06-23 09:54:13'),
(3,	'Breakfast Included',	1,	'2022-06-09 05:14:26',	'2022-06-09 05:14:26'),
(4,	'Doorman',	1,	'2022-06-09 05:14:34',	'2022-06-09 05:14:34'),
(5,	'Dryer',	1,	'2022-06-09 05:14:45',	'2022-06-09 05:14:45'),
(6,	'Elevator in Building',	1,	'2022-06-09 05:14:51',	'2022-06-09 05:14:51'),
(7,	'Essentials',	1,	'2022-06-09 05:15:01',	'2022-06-09 05:15:01'),
(8,	'Family/Kid Friendly',	1,	'2022-06-09 05:15:24',	'2022-06-09 05:16:02'),
(9,	'Fax',	1,	'2022-06-09 05:16:19',	'2022-06-09 05:16:19'),
(10,	'Free Parking on Premises',	1,	'2022-06-09 05:16:30',	'2022-06-09 05:16:30'),
(11,	'Gym',	1,	'2022-06-09 05:16:43',	'2022-06-09 05:16:43'),
(12,	'Hand Sanitizer',	1,	'2022-06-09 05:16:55',	'2022-06-09 05:16:55'),
(13,	'Heating',	1,	'2022-06-09 05:17:04',	'2022-06-09 05:17:04'),
(14,	'Hot Tub',	1,	'2022-06-09 05:17:11',	'2022-06-09 05:17:11'),
(15,	'Indoor Fireplace',	1,	'2022-06-09 05:17:21',	'2022-06-09 05:17:21'),
(16,	'Kitchen',	1,	'2022-06-09 05:17:30',	'2022-06-09 05:17:30'),
(17,	'Masks',	1,	'2022-06-09 05:17:39',	'2022-06-09 05:17:39'),
(18,	'Mineral Water',	1,	'2022-06-09 05:17:45',	'2022-06-09 05:17:45'),
(19,	'Non Smoking',	1,	'2022-06-09 05:17:54',	'2022-06-09 05:17:54'),
(20,	'Pets Allowed',	1,	'2022-06-09 05:18:02',	'2022-06-09 05:18:02'),
(21,	'Pool',	1,	'2022-06-09 05:18:14',	'2022-06-09 05:18:14'),
(22,	'Projector(s)',	1,	'2022-06-09 05:18:21',	'2022-06-09 05:18:21'),
(23,	'Sanitized facility',	1,	'2022-06-09 05:18:35',	'2022-06-09 05:18:35'),
(24,	'Scanner/Printer',	1,	'2022-06-09 05:18:44',	'2022-06-23 09:49:09'),
(25,	'Smoking Allowed',	1,	'2022-06-09 05:18:55',	'2022-06-09 05:18:55'),
(26,	'Suitable for Events',	1,	'2022-06-09 05:19:02',	'2022-06-09 05:19:02'),
(27,	'TV',	1,	'2022-06-09 05:19:13',	'2022-06-09 05:19:13'),
(28,	'Wheelchair Accessible',	1,	'2022-06-09 05:19:21',	'2022-06-09 05:19:21'),
(29,	'Wireless Internet',	1,	'2022-06-09 05:19:32',	'2022-06-09 05:19:32');

DROP TABLE IF EXISTS `space_gallery`;
CREATE TABLE `space_gallery` (
  `id` int(11) NOT NULL AUTO_INCREMENT,
  `space_id` int(11) NOT NULL,
  `image` varchar(255) COLLATE utf8_unicode_ci NOT NULL,
  `is_featured` int(11) NOT NULL DEFAULT '0' COMMENT '1=is_featured',
  `status` int(11) NOT NULL DEFAULT '1' COMMENT '"1" => default',
  `created_at` datetime NOT NULL,
  `updated_at` timestamp NOT NULL DEFAULT CURRENT_TIMESTAMP ON UPDATE CURRENT_TIMESTAMP,
  PRIMARY KEY (`id`),
  KEY `space_id` (`space_id`),
  CONSTRAINT `space_gallery_ibfk_1` FOREIGN KEY (`space_id`) REFERENCES `space` (`space_id`)
) ENGINE=InnoDB DEFAULT CHARSET=utf8 COLLATE=utf8_unicode_ci;

INSERT INTO `space_gallery` (`id`, `space_id`, `image`, `is_featured`, `status`, `created_at`, `updated_at`) VALUES
(446,	270,	'1658378949_pexels-donald-tong-189296-hotelMainImg-1656499675.jpg',	0,	1,	'2022-07-21 04:49:09',	'2022-07-21 04:49:09'),
(447,	270,	'1658378949_pexels-kaique-rocha-97904-hotelMainImg-1656566736.jpg',	0,	1,	'2022-07-21 04:49:09',	'2022-07-21 04:49:09'),
(448,	270,	'1658378949_pexels-pixabay-261395-hotelMainImg-1656742949.jpg',	0,	1,	'2022-07-21 04:49:09',	'2022-07-21 04:49:09'),
(449,	270,	'1658378949_Praia-hotelMainImg-1656681014.png',	0,	1,	'2022-07-21 04:49:09',	'2022-07-21 04:49:09'),
(450,	272,	'1658380881_photo-1429962714451-bb934ecdc4ec.jpg',	0,	1,	'2022-07-21 05:21:21',	'2022-07-21 05:21:21'),
(451,	272,	'1658380881_photo-1510633528987-29c041f7a672.jpg',	0,	1,	'2022-07-21 05:21:21',	'2022-07-21 05:21:21'),
(452,	272,	'1658380881_photo-1529636798458-92182e662485.jpg',	0,	1,	'2022-07-21 05:21:21',	'2022-07-21 05:21:21'),
(457,	273,	'1658406555_photo-1638474751432-d73571bba430.jpg',	0,	1,	'2022-07-21 12:29:15',	'2022-07-21 12:29:15'),
(458,	273,	'1658406555_photo-1641230539674-c9aae87f6e24.jpg',	0,	1,	'2022-07-21 12:29:15',	'2022-07-21 12:29:15'),
(481,	297,	'1658410629_photo-1429962714451-bb934ecdc4ec.jpg',	0,	1,	'2022-07-21 13:37:09',	'2022-07-21 13:37:09'),
(482,	297,	'1658410629_photo-1510633528987-29c041f7a672.jpg',	0,	1,	'2022-07-21 13:37:09',	'2022-07-21 13:37:09'),
(483,	297,	'1658410629_photo-1529636798458-92182e662485.jpg',	0,	1,	'2022-07-21 13:37:09',	'2022-07-21 13:37:09'),
(522,	323,	'1658739078_pexels-amar-saleem-70441.jpg',	0,	1,	'2022-07-25 08:51:18',	'2022-07-25 08:51:18'),
(523,	323,	'1658739078_pexels-deno-wang-11671086.jpg',	0,	1,	'2022-07-25 08:51:18',	'2022-07-25 08:51:18'),
(524,	323,	'1658739078_pexels-elina-sazonova-1838554.jpg',	0,	1,	'2022-07-25 08:51:18',	'2022-07-25 08:51:18'),
(525,	323,	'1658739078_pexels-pixabay-261395.jpg',	0,	1,	'2022-07-25 08:51:18',	'2022-07-25 08:51:18'),
(569,	361,	'1658911052_pexels-amar-saleem-70441.jpg',	0,	1,	'2022-07-27 08:37:32',	'2022-07-27 08:37:32'),
(570,	361,	'1658911052_pexels-deno-wang-11671086.jpg',	0,	1,	'2022-07-27 08:37:32',	'2022-07-27 08:37:32'),
(571,	361,	'1658911052_pexels-elina-sazonova-1838554.jpg',	0,	1,	'2022-07-27 08:37:32',	'2022-07-27 08:37:32'),
(572,	361,	'1658911052_pexels-pixabay-261395.jpg',	0,	1,	'2022-07-27 08:37:32',	'2022-07-27 08:37:32'),
(575,	362,	'1658925154_1655357028_MAIN_HEADER_SLIDER_2.jpg',	0,	1,	'2022-07-27 12:32:34',	'2022-07-27 12:32:34'),
(576,	367,	'1658925540_pexels-deno-wang-11671086.jpg',	0,	1,	'2022-07-27 12:39:00',	'2022-07-27 12:39:00'),
(577,	367,	'1658925540_pexels-elina-sazonova-1838554.jpg',	0,	1,	'2022-07-27 12:39:00',	'2022-07-27 12:39:00'),
(589,	375,	'1659005211_pexels-elina-sazonova-1838554.jpg',	0,	1,	'2022-07-28 10:46:51',	'2022-07-28 10:46:51'),
(590,	375,	'1659005211_pexels-deno-wang-11671086.jpg',	0,	1,	'2022-07-28 10:46:51',	'2022-07-28 10:46:51'),
(613,	392,	'1659158612_pexels-pixabay-261395.jpg',	0,	1,	'2022-07-30 05:23:32',	'2022-07-30 05:23:32'),
(614,	392,	'1659158612_pexels-amar-saleem-70441.jpg',	0,	1,	'2022-07-30 05:23:32',	'2022-07-30 05:23:32'),
(615,	392,	'1659158612_pexels-deno-wang-11671086.jpg',	0,	1,	'2022-07-30 05:23:32',	'2022-07-30 05:23:32'),
(616,	392,	'1659158612_pexels-elina-sazonova-1838554.jpg',	0,	1,	'2022-07-30 05:23:32',	'2022-07-30 05:23:32');

DROP TABLE IF EXISTS `space_sub_categories`;
CREATE TABLE `space_sub_categories` (
  `sub_cat_id` int(11) NOT NULL AUTO_INCREMENT,
  `sub_category_name` varchar(255) COLLATE utf8_unicode_ci NOT NULL,
  `details` varchar(255) COLLATE utf8_unicode_ci DEFAULT NULL,
  `status` int(11) NOT NULL DEFAULT '1',
  `created_at` datetime NOT NULL,
  `updated_at` timestamp NOT NULL DEFAULT CURRENT_TIMESTAMP ON UPDATE CURRENT_TIMESTAMP,
  PRIMARY KEY (`sub_cat_id`)
) ENGINE=InnoDB DEFAULT CHARSET=utf8 COLLATE=utf8_unicode_ci;

INSERT INTO `space_sub_categories` (`sub_cat_id`, `sub_category_name`, `details`, `status`, `created_at`, `updated_at`) VALUES
(10,	'Condos',	'Condos',	1,	'2022-07-16 09:55:22',	'2022-07-20 10:36:52'),
(11,	'Private Room with bath',	NULL,	1,	'2022-07-20 10:51:09',	'2022-07-20 11:03:08'),
(13,	'Lower Portion',	NULL,	1,	'2022-07-20 11:04:23',	'2022-07-26 10:27:36'),
(14,	'Upper Portion',	NULL,	1,	'2022-07-20 11:04:35',	'2022-07-27 06:06:32');

DROP TABLE IF EXISTS `tour_booking`;
CREATE TABLE `tour_booking` (
  `id` int(11) NOT NULL AUTO_INCREMENT,
  `tour_id` int(11) NOT NULL,
  `user_id` int(11) DEFAULT NULL,
  `total_amount` double DEFAULT NULL,
  `payment_id` varchar(255) COLLATE utf8_unicode_ci DEFAULT NULL,
  `payment_token` varchar(255) COLLATE utf8_unicode_ci DEFAULT NULL,
  `payer_id` varchar(255) COLLATE utf8_unicode_ci DEFAULT NULL,
  `payment_type` varchar(255) COLLATE utf8_unicode_ci NOT NULL,
  `payment_status` varchar(255) COLLATE utf8_unicode_ci NOT NULL,
  `booking_status` enum('pending','processing','canceled','confirmed') COLLATE utf8_unicode_ci NOT NULL,
  `created_at` datetime NOT NULL,
  `updated_at` timestamp NOT NULL DEFAULT CURRENT_TIMESTAMP ON UPDATE CURRENT_TIMESTAMP,
  PRIMARY KEY (`id`)
) ENGINE=InnoDB DEFAULT CHARSET=utf8 COLLATE=utf8_unicode_ci;

INSERT INTO `tour_booking` (`id`, `tour_id`, `user_id`, `total_amount`, `payment_id`, `payment_token`, `payer_id`, `payment_type`, `payment_status`, `booking_status`, `created_at`, `updated_at`) VALUES
(1,	54,	678,	2050,	'PAYID-MLR33DQ8J526278MA307715P',	'EC-80A10261HD8245451',	'ER72HMHPHXM3S',	'paypal',	'successful',	'pending',	'2022-07-29 11:03:57',	'2022-07-29 11:03:57');

DROP TABLE IF EXISTS `tour_booking_temp`;
CREATE TABLE `tour_booking_temp` (
  `id` int(11) NOT NULL AUTO_INCREMENT,
  `user_id` int(11) DEFAULT NULL,
  `payment_id` varchar(255) COLLATE utf8_unicode_ci DEFAULT NULL,
  `paccess_token` varchar(255) COLLATE utf8_unicode_ci DEFAULT NULL,
  `token_id` varchar(255) COLLATE utf8_unicode_ci DEFAULT NULL,
  `tour_id` int(11) DEFAULT NULL,
  `tour_start_date` date DEFAULT NULL,
  `tour_end_date` date DEFAULT NULL,
  `total_amount` datetime DEFAULT NULL,
  `created_at` datetime NOT NULL,
  `updated_at` timestamp NOT NULL DEFAULT CURRENT_TIMESTAMP ON UPDATE CURRENT_TIMESTAMP,
  PRIMARY KEY (`id`)
) ENGINE=InnoDB DEFAULT CHARSET=utf8 COLLATE=utf8_unicode_ci;

INSERT INTO `tour_booking_temp` (`id`, `user_id`, `payment_id`, `paccess_token`, `token_id`, `tour_id`, `tour_start_date`, `tour_end_date`, `total_amount`, `created_at`, `updated_at`) VALUES
(1,	NULL,	'PAYID-MLR33DQ8J526278MA307715P',	'A21AAKK24S8iMbd6P1U_fPLgPvuGWrpuhLr4sMtxhktUEqXjVULdj5rH4OV6_PTcUKblTyz2aKYiD_F3GaYU7QaSyuuROqw6A',	'EC-80A10261HD8245451',	54,	'2022-08-01',	'2022-08-05',	'2050-00-00 00:00:00',	'2022-07-29 10:59:26',	'2022-07-29 10:59:26'),
(2,	1,	'PAYID-MLR5OSQ63G32423FU085093W',	'A21AAK7ZbCYo9Gvd4JwTdnK9BkM-maPghvqOEfcp-vTCWAKKoKndfsdgKuw198HlYIHSZf0lHnQDnE-1jtMwbWbJ4aIEbrO8A',	'EC-33H21337BU011733A',	52,	'2022-08-10',	'2022-08-15',	'0000-00-00 00:00:00',	'2022-07-29 12:49:14',	'2022-07-29 12:49:14'),
(3,	NULL,	'PAYID-MLR5VLI73E18548DD103371K',	'A21AAKX4x0Jjnq3kTvEfcYc1AREYTaviYnG0Cr4Th8CP0LyWrKjI9njCl9VF7d9cBaDexRfhLDpGsp7-vjUqwujqW_lcfp8BQ',	'EC-7H258619RU523321X',	51,	'2022-08-01',	'2022-08-15',	'0000-00-00 00:00:00',	'2022-07-29 13:03:41',	'2022-07-29 13:03:41');

DROP TABLE IF EXISTS `tour_gallery`;
CREATE TABLE `tour_gallery` (
  `id` int(11) NOT NULL AUTO_INCREMENT,
  `tour_id` int(11) NOT NULL,
  `image` varchar(255) COLLATE utf8_unicode_ci NOT NULL,
  `status` int(11) NOT NULL,
  `created_at` datetime NOT NULL,
  `updated_at` timestamp NOT NULL DEFAULT CURRENT_TIMESTAMP ON UPDATE CURRENT_TIMESTAMP,
  PRIMARY KEY (`id`)
) ENGINE=InnoDB DEFAULT CHARSET=utf8 COLLATE=utf8_unicode_ci;

INSERT INTO `tour_gallery` (`id`, `tour_id`, `image`, `status`, `created_at`, `updated_at`) VALUES
(34,	17,	'1658380954_pexels-dsd-1829980.jpg',	1,	'2022-07-21 05:22:34',	'2022-07-21 05:22:34'),
(35,	17,	'1658380954_pexels-pixabay-87777.jpg',	1,	'2022-07-21 05:22:34',	'2022-07-21 05:22:34'),
(36,	17,	'1658380954_pexels-spoortesh-honey-3810915.jpg',	1,	'2022-07-21 05:22:34',	'2022-07-21 05:22:34'),
(37,	17,	'1658380954_pexels-streetwindy-2108831.jpg',	1,	'2022-07-21 05:22:34',	'2022-07-21 05:22:34'),
(38,	17,	'1658380954_pexels-sujit-hirapara-2297252.jpg',	1,	'2022-07-21 05:22:34',	'2022-07-21 05:22:34'),
(39,	18,	'1658383004_pexels-cottonbro-4427658.jpg',	1,	'2022-07-21 05:56:44',	'2022-07-21 05:56:44'),
(40,	18,	'1658383004_pexels-cottonbro-4428286.jpg',	1,	'2022-07-21 05:56:44',	'2022-07-21 05:56:44'),
(41,	18,	'1658383004_pexels-cottonbro-4429322.jpg',	1,	'2022-07-21 05:56:44',	'2022-07-21 05:56:44'),
(42,	18,	'1658383004_pexels-dsd-1829980.jpg',	1,	'2022-07-21 05:56:44',	'2022-07-21 05:56:44'),
(43,	18,	'1658383004_pexels-quang-nguyen-vinh-3355732.jpg',	1,	'2022-07-21 05:56:44',	'2022-07-21 05:56:44'),
(44,	18,	'1658383004_pexels-quang-nguyen-vinh-3355788.jpg',	1,	'2022-07-21 05:56:44',	'2022-07-21 05:56:44'),
(45,	18,	'1658383004_pexels-vincent-gerbouin-1174732.jpg',	1,	'2022-07-21 05:56:44',	'2022-07-21 05:56:44'),
(46,	19,	'1658386065_pexels-ankur-khandelwal-4851376.jpg',	1,	'2022-07-21 06:47:45',	'2022-07-21 06:47:45'),
(47,	19,	'1658386065_pexels-dsd-1829980.jpg',	1,	'2022-07-21 06:47:45',	'2022-07-21 06:47:45'),
(48,	19,	'1658386065_pexels-jeremy-bishop-2765871.jpg',	1,	'2022-07-21 06:47:45',	'2022-07-21 06:47:45'),
(49,	19,	'1658386065_pexels-oliver-sjstrm-1005417.jpg',	1,	'2022-07-21 06:47:45',	'2022-07-21 06:47:45'),
(50,	19,	'1658386065_pexels-ruchit-darji-5592828.jpg',	1,	'2022-07-21 06:47:45',	'2022-07-21 06:47:45'),
(51,	19,	'1658386065_pexels-sanket-barik-7846476.jpg',	1,	'2022-07-21 06:47:45',	'2022-07-21 06:47:45'),
(52,	19,	'1658386065_pexels-sanket-barik-7846481.jpg',	1,	'2022-07-21 06:47:45',	'2022-07-21 06:47:45'),
(53,	19,	'1658386065_pexels-sanket-barik-7846490.jpg',	1,	'2022-07-21 06:47:45',	'2022-07-21 06:47:45'),
(54,	19,	'1658386065_pexels-streetwindy-2108831.jpg',	1,	'2022-07-21 06:47:45',	'2022-07-21 06:47:45'),
(55,	20,	'1658388194_pexels-dsd-1829980.jpg',	1,	'2022-07-21 07:23:14',	'2022-07-21 07:23:14'),
(56,	20,	'1658388194_pexels-elle-hughes-1549196.jpg',	1,	'2022-07-21 07:23:14',	'2022-07-21 07:23:14'),
(57,	20,	'1658388194_pexels-imad-clicks-11019174.jpg',	1,	'2022-07-21 07:23:14',	'2022-07-21 07:23:14'),
(58,	20,	'1658388194_pexels-kirtan-creative-7965284.jpg',	1,	'2022-07-21 07:23:14',	'2022-07-21 07:23:14'),
(59,	20,	'1658388194_pexels-nikolaos-dimou-986828.jpg',	1,	'2022-07-21 07:23:14',	'2022-07-21 07:23:14'),
(60,	20,	'1658388194_pexels-sanket-barik-7846473.jpg',	1,	'2022-07-21 07:23:14',	'2022-07-21 07:23:14'),
(61,	20,	'1658388194_pexels-sanket-barik-7846490.jpg',	1,	'2022-07-21 07:23:14',	'2022-07-21 07:23:14'),
(110,	21,	'1658495938_pexels-aashish-bhardwaj-786946.jpg',	1,	'2022-07-22 13:18:58',	'2022-07-22 13:18:58'),
(111,	21,	'1658495938_pexels-ankur-khandelwal-4851376.jpg',	1,	'2022-07-22 13:18:58',	'2022-07-22 13:18:58'),
(112,	21,	'1658495938_pexels-cottonbro-4427658.jpg',	1,	'2022-07-22 13:18:58',	'2022-07-22 13:18:58'),
(113,	21,	'1658495938_pexels-dsd-1829980.jpg',	1,	'2022-07-22 13:18:58',	'2022-07-22 13:18:58'),
(114,	21,	'1658495938_pexels-imad-clicks-3974036.jpg',	1,	'2022-07-22 13:18:58',	'2022-07-22 13:18:58'),
(115,	21,	'1658495938_pexels-imad-clicks-7113986.jpg',	1,	'2022-07-22 13:18:58',	'2022-07-22 13:18:58'),
(116,	21,	'1658495938_pexels-imad-clicks-7113988.jpg',	1,	'2022-07-22 13:18:58',	'2022-07-22 13:18:58'),
(117,	21,	'1658495938_pexels-imad-clicks-9399791.jpg',	1,	'2022-07-22 13:18:58',	'2022-07-22 13:18:58'),
(118,	21,	'1658495938_pexels-imad-clicks-11019174.jpg',	1,	'2022-07-22 13:18:58',	'2022-07-22 13:18:58'),
(119,	21,	'1658495938_pexels-kirtan-creative-7965284.jpg',	1,	'2022-07-22 13:18:58',	'2022-07-22 13:18:58'),
(179,	50,	'1658812745_pexels-adrienn-1460145.jpg',	1,	'2022-07-26 05:19:05',	'2022-07-26 05:19:05'),
(180,	50,	'1658812745_pexels-boris-ulzibat-3093730.jpg',	1,	'2022-07-26 05:19:05',	'2022-07-26 05:19:05'),
(181,	50,	'1658812745_pexels-diana-titenko-3271945.jpg',	1,	'2022-07-26 05:19:05',	'2022-07-26 05:19:05'),
(182,	50,	'1658812745_pexels-dsd-1829980.jpg',	1,	'2022-07-26 05:19:05',	'2022-07-26 05:19:05'),
(183,	50,	'1658812745_pexels-elle-hughes-2954929.jpg',	1,	'2022-07-26 05:19:05',	'2022-07-26 05:19:05'),
(184,	50,	'1658812745_pexels-pixabay-34223.jpg',	1,	'2022-07-26 05:19:05',	'2022-07-26 05:19:05'),
(185,	50,	'1658812745_pexels-pixabay-462341.jpg',	1,	'2022-07-26 05:19:05',	'2022-07-26 05:19:05'),
(186,	50,	'1658812745_pexels-yovan-verma-2082103.jpg',	1,	'2022-07-26 05:19:05',	'2022-07-26 05:19:05'),
(187,	51,	'1658813964_pexels-alanna-gibson-11608112.jpg',	1,	'2022-07-26 05:39:24',	'2022-07-26 05:39:24'),
(188,	51,	'1658813964_pexels-gustavo-fring-4172928.jpg',	1,	'2022-07-26 05:39:24',	'2022-07-26 05:39:24'),
(189,	51,	'1658813964_pexels-john-simmons-8436835.jpg',	1,	'2022-07-26 05:39:24',	'2022-07-26 05:39:24'),
(190,	51,	'1658813964_pexels-karen-lark-boshoff-7006273.jpg',	1,	'2022-07-26 05:39:24',	'2022-07-26 05:39:24'),
(191,	51,	'1658813964_pexels-leif-bergerson-9580831.jpg',	1,	'2022-07-26 05:39:24',	'2022-07-26 05:39:24'),
(192,	51,	'1658813964_pexels-max-ravier-5873902.jpg',	1,	'2022-07-26 05:39:24',	'2022-07-26 05:39:24'),
(193,	52,	'1658814976_pexels-john-simmons-8436835.jpg',	1,	'2022-07-26 05:56:16',	'2022-07-26 05:56:16'),
(194,	52,	'1658814976_pexels-leif-bergerson-9580831.jpg',	1,	'2022-07-26 05:56:16',	'2022-07-26 05:56:16'),
(195,	52,	'1658814976_pexels-lina-mamone-1472612.jpg',	1,	'2022-07-26 05:56:16',	'2022-07-26 05:56:16'),
(196,	52,	'1658814976_pexels-pixabay-162031.jpg',	1,	'2022-07-26 05:56:16',	'2022-07-26 05:56:16'),
(197,	53,	'1658816190_pexels-asep-syaeful-bahri-5471778.jpg',	1,	'2022-07-26 06:16:30',	'2022-07-26 06:16:30'),
(198,	53,	'1658816190_pexels-bimal-ranabhat-2104882.jpg',	1,	'2022-07-26 06:16:30',	'2022-07-26 06:16:30'),
(199,	53,	'1658816190_pexels-mehmet-turgut-kirkgoz-5865861.jpg',	1,	'2022-07-26 06:16:30',	'2022-07-26 06:16:30'),
(200,	53,	'1658816190_pexels-wouter-de-jong-750895.jpg',	1,	'2022-07-26 06:16:30',	'2022-07-26 06:16:30'),
(201,	54,	'1658817303_pexels-asad-photo-maldives-1320686.jpg',	1,	'2022-07-26 06:35:03',	'2022-07-26 06:35:03'),
(202,	54,	'1658817303_pexels-asad-photo-maldives-1483053.jpg',	1,	'2022-07-26 06:35:03',	'2022-07-26 06:35:03'),
(203,	54,	'1658817303_pexels-asad-photo-maldives-3155724.jpg',	1,	'2022-07-26 06:35:03',	'2022-07-26 06:35:03'),
(250,	73,	'1658921823_1649150813_fd06191f-8c6c-436c-a3af-5f2a6a17184c.jpg',	1,	'2022-07-27 11:37:03',	'2022-07-27 11:37:03'),
(251,	73,	'1658921823_1649151380_decor 1.jpg',	1,	'2022-07-27 11:37:03',	'2022-07-27 11:37:03'),
(252,	73,	'1658921823_1649151380_decor_1.jpg',	1,	'2022-07-27 11:37:03',	'2022-07-27 11:37:03'),
(302,	87,	'1659157957_pexels-amar-saleem-70441.jpg',	1,	'2022-07-30 05:12:37',	'2022-07-30 05:12:37'),
(303,	87,	'1659157957_pexels-deno-wang-11671086.jpg',	1,	'2022-07-30 05:12:37',	'2022-07-30 05:12:37'),
(304,	87,	'1659157957_pexels-elina-sazonova-1838554.jpg',	1,	'2022-07-30 05:12:37',	'2022-07-30 05:12:37'),
(305,	87,	'1659157957_pexels-pixabay-261395.jpg',	1,	'2022-07-30 05:12:37',	'2022-07-30 05:12:37');

DROP TABLE IF EXISTS `tour_itinerary`;
CREATE TABLE `tour_itinerary` (
  `id` int(11) NOT NULL AUTO_INCREMENT,
  `tour_id` int(11) NOT NULL,
  `title` varchar(255) COLLATE utf8_unicode_ci DEFAULT NULL,
  `activities` text COLLATE utf8_unicode_ci,
  `trip_detail` text COLLATE utf8_unicode_ci,
  `status` int(11) NOT NULL,
  `created_at` datetime NOT NULL,
  `updated_at` timestamp NOT NULL DEFAULT CURRENT_TIMESTAMP ON UPDATE CURRENT_TIMESTAMP,
  PRIMARY KEY (`id`)
) ENGINE=InnoDB DEFAULT CHARSET=utf8 COLLATE=utf8_unicode_ci;

INSERT INTO `tour_itinerary` (`id`, `tour_id`, `title`, `activities`, `trip_detail`, `status`, `created_at`, `updated_at`) VALUES
(103,	18,	'Day 01 :: Get a flight from Indore to Goa',	NULL,	'[\"start for Hotel \\/ Resort in a Car. Same day check in and Tour rest and North Goa Tour\"]',	1,	'2022-07-22 12:34:47',	'2022-07-22 12:34:47'),
(104,	18,	'Day 02 :: Full Day South Goa visit by Car.',	NULL,	'[null]',	1,	'2022-07-22 12:34:47',	'2022-07-22 12:34:47'),
(105,	18,	'Day 03 :: Full Dudhsagar Waterfalls tour by Car',	NULL,	'[null]',	1,	'2022-07-22 12:34:47',	'2022-07-22 12:34:47'),
(106,	18,	'Day 04 :: Early Check out from the Hotel/Resort of Goa and then Local Goa Tour. Then Reach at Airport and get a flight for Indore',	NULL,	'[null]',	1,	'2022-07-22 12:34:47',	'2022-07-22 12:34:47'),
(107,	17,	'Day 01 :: Get a flight from Indore to Goa',	NULL,	'[\"beach\"]',	1,	'2022-07-22 12:35:29',	'2022-07-22 12:35:29'),
(112,	19,	'Day 1 - Manali',	NULL,	'[\"Transfer from New Delhi to Manali\",\"Sightseeing in Manali\",\"SNOW FLAKES RESORT & SPA\"]',	1,	'2022-07-22 12:37:34',	'2022-07-22 12:37:34'),
(113,	19,	'Day 2 - Manali',	NULL,	'[\"Sightseeing in Manali\"]',	1,	'2022-07-22 12:37:34',	'2022-07-22 12:37:34'),
(114,	19,	'Day 3 - Manali',	NULL,	'[\"Sightseeing in Manali\"]',	1,	'2022-07-22 12:37:34',	'2022-07-22 12:37:34'),
(115,	19,	'Day 4 - Manali',	NULL,	'[\"Sightseeing in Manali\"]',	1,	'2022-07-22 12:37:34',	'2022-07-22 12:37:34'),
(116,	19,	'Day 5 - Manali to New Delhi',	NULL,	'[\"Transfer from Manali to New Delhi\"]',	1,	'2022-07-22 12:37:34',	'2022-07-22 12:37:34'),
(152,	21,	'Day 1 - Arrival in Jammu',	NULL,	'[\"sighseing\"]',	1,	'2022-07-25 10:11:49',	'2022-07-25 10:11:49'),
(153,	21,	'Day 2 - Katra',	NULL,	'[\"Darshan at Vaishno Devi\"]',	1,	'2022-07-25 10:11:49',	'2022-07-25 10:11:49'),
(154,	21,	'Day 3 - Katra to Patnitop',	NULL,	'[\"Sightseeing in Katra and Patnitop\"]',	1,	'2022-07-25 10:11:49',	'2022-07-25 10:11:49'),
(155,	21,	'Day 4 - Patnitop to Pahalgam',	NULL,	'[\"Hotel Bombay Palace\"]',	1,	'2022-07-25 10:11:49',	'2022-07-25 10:11:49'),
(156,	21,	'Day 5 - Pahalgam',	NULL,	'[\"Tour of Aru & Betab Valley from Pahalgam\"]',	1,	'2022-07-25 10:11:49',	'2022-07-25 10:11:49'),
(157,	21,	'Day 6 - Pahalgam to Gulmarg',	NULL,	'[\"Gondola Ticket for Phase 1 of Cable Car Ride\"]',	1,	'2022-07-25 10:11:49',	'2022-07-25 10:11:49'),
(158,	21,	'Day 7 - Gulmarg to Srinagar',	NULL,	'[\"Sightseeing in Srinagar\"]',	1,	'2022-07-25 10:11:49',	'2022-07-25 10:11:49'),
(159,	21,	'Day 8 - Departure from Srinagar',	NULL,	'[\"journey\"]',	1,	'2022-07-25 10:11:49',	'2022-07-25 10:11:49'),
(240,	53,	'Day 1 - Arrival in Kathmandu',	NULL,	'[\"visit\"]',	1,	'2022-07-26 06:46:44',	'2022-07-26 06:46:44'),
(241,	53,	'Day 2 - Kathmandu',	NULL,	'[\"visit\"]',	1,	'2022-07-26 06:46:44',	'2022-07-26 06:46:44'),
(242,	53,	'Day 3 - Kathmandu',	NULL,	'[\"visit\"]',	1,	'2022-07-26 06:46:44',	'2022-07-26 06:46:44'),
(243,	53,	'Day 4 - Departure from Kathmandu',	NULL,	'[\"visit\"]',	1,	'2022-07-26 06:46:44',	'2022-07-26 06:46:44'),
(244,	52,	'Day 1 - Arrival in Dubai',	NULL,	'[\"visit\"]',	1,	'2022-07-26 06:47:59',	'2022-07-26 06:47:59'),
(245,	52,	'Day 2 - Dubai',	NULL,	'[\"visit\"]',	1,	'2022-07-26 06:47:59',	'2022-07-26 06:47:59'),
(246,	52,	'Day 3 - Dubai',	NULL,	'[\"visit\"]',	1,	'2022-07-26 06:47:59',	'2022-07-26 06:47:59'),
(247,	52,	'Day 4 - Dubai',	NULL,	'[\"visit\"]',	1,	'2022-07-26 06:47:59',	'2022-07-26 06:47:59'),
(248,	52,	'Day 5 - Dubai',	NULL,	'[\"visit\"]',	1,	'2022-07-26 06:47:59',	'2022-07-26 06:47:59'),
(249,	52,	'Day 6 - Departure from Dubai',	NULL,	'[\"transfer\"]',	1,	'2022-07-26 06:47:59',	'2022-07-26 06:47:59'),
(250,	51,	'Day 1 - Melbourne',	NULL,	'[\"a\"]',	1,	'2022-07-26 06:49:23',	'2022-07-26 06:49:23'),
(251,	51,	'Day 2 - Melbourne',	NULL,	'[\"a\"]',	1,	'2022-07-26 06:49:23',	'2022-07-26 06:49:23'),
(252,	51,	'Day 3 - Melbourne',	NULL,	'[\"a\"]',	1,	'2022-07-26 06:49:23',	'2022-07-26 06:49:23'),
(253,	51,	'Day 4 - Gold Coast',	NULL,	'[\"a\"]',	1,	'2022-07-26 06:49:23',	'2022-07-26 06:49:23'),
(254,	51,	'Day 5 - Gold Coast',	NULL,	'[\"a\"]',	1,	'2022-07-26 06:49:23',	'2022-07-26 06:49:23'),
(255,	51,	'Day 6 - Gold Coast',	NULL,	'[\"a\"]',	1,	'2022-07-26 06:49:23',	'2022-07-26 06:49:23'),
(256,	51,	'Day 7 - Cairns',	NULL,	'[\"a\"]',	1,	'2022-07-26 06:49:23',	'2022-07-26 06:49:23'),
(257,	51,	'Day 8 - Cairns',	NULL,	'[\"a\"]',	1,	'2022-07-26 06:49:23',	'2022-07-26 06:49:23'),
(258,	51,	'Day 9 - Cairns',	NULL,	'[\"a\"]',	1,	'2022-07-26 06:49:23',	'2022-07-26 06:49:23'),
(259,	51,	'Day 10 - Sydney',	NULL,	'[\"a\"]',	1,	'2022-07-26 06:49:23',	'2022-07-26 06:49:23'),
(260,	51,	'Day 11 - Sydney',	NULL,	'[\"a\"]',	1,	'2022-07-26 06:49:23',	'2022-07-26 06:49:23'),
(261,	50,	'Day 1 - Arrival in Paris',	NULL,	'[\"transfer\"]',	1,	'2022-07-26 06:50:03',	'2022-07-26 06:50:03'),
(262,	50,	'Day 2 - Paris',	NULL,	'[\"City Excursion of Paris, Visit to Eiffel Tower, River Seine Cruise\"]',	1,	'2022-07-26 06:50:03',	'2022-07-26 06:50:03'),
(263,	50,	'Day 3 - Paris',	NULL,	'[\"visit\"]',	1,	'2022-07-26 06:50:03',	'2022-07-26 06:50:03'),
(264,	50,	'Day 4 - Adelboden',	NULL,	'[\"visit\"]',	1,	'2022-07-26 06:50:03',	'2022-07-26 06:50:03'),
(265,	50,	'Day 5 - Adelboden',	NULL,	'[\"visit\"]',	1,	'2022-07-26 06:50:03',	'2022-07-26 06:50:03'),
(266,	50,	'Day 6 - Zurich',	NULL,	'[\"visit\"]',	1,	'2022-07-26 06:50:03',	'2022-07-26 06:50:03'),
(267,	50,	'Day 7 - Departure from Zurich',	NULL,	'[\"visit\"]',	1,	'2022-07-26 06:50:03',	'2022-07-26 06:50:03'),
(275,	20,	'Srinagar - 1 Night Stay',	NULL,	'[\"Check in to Hotel Milad Srinagar, 3 Star\",\"Checkout from Hotel in Srinagar\"]',	1,	'2022-07-26 09:19:22',	'2022-07-26 09:19:22'),
(276,	20,	'Gulmarg - 1 Night Stay',	NULL,	'[\"Check in to Hotel Gulmarg House, 3 Star\",\"Gondola Ticket for Phase 1 of Cable Car Ride\",\"Checkout from Hotel in Gulmarg\",\"Day Meals: Breakfast : Included at Hotel\"]',	1,	'2022-07-26 09:19:22',	'2022-07-26 09:19:22'),
(277,	20,	'Pahalgam - 2 Nights Stay',	NULL,	'[\"Check in to Hotel Bombay Palace, 3 Star\",\"Tour of Aru & Betab Valley from Pahalgam\",\"Day Meals: Breakfast : Included at Hotel\",\"Checkout from Hotel in Pahalgam\",\"Day Meals: Breakfast : Included at Hotel\"]',	1,	'2022-07-26 09:19:22',	'2022-07-26 09:19:22'),
(278,	20,	'Srinagar - 1 Night Stay',	NULL,	'[\"Sightseeing In Srinagar\",\"Check in to Hotel Milad Srinagar, 3 Star\",\"Day Meals: Breakfast : Included at Hotel\",\"Checkout from Hotel in Srinagar\"]',	1,	'2022-07-26 09:19:22',	'2022-07-26 09:19:22'),
(358,	73,	'day01 indore',	NULL,	'[\"test\",\"test0\",\"test8\"]',	1,	'2022-07-29 10:53:00',	'2022-07-29 10:53:00'),
(359,	73,	'day02 indore to dewas',	NULL,	'[\"tekari\",\"testi\"]',	1,	'2022-07-29 10:53:00',	'2022-07-29 10:53:00'),
(360,	73,	'day02 dewas',	NULL,	'[\"trtr\",\"eurewur\"]',	1,	'2022-07-29 10:53:00',	'2022-07-29 10:53:00'),
(361,	54,	'Day 1 - Arrival in Male',	NULL,	'[\"arrival\"]',	1,	'2022-07-29 10:58:04',	'2022-07-29 10:58:04'),
(362,	54,	'Day 2 - Maldives',	NULL,	'[\"visit\"]',	1,	'2022-07-29 10:58:04',	'2022-07-29 10:58:04'),
(363,	54,	'Day 3 - Maldives',	NULL,	'[\"visit\"]',	1,	'2022-07-29 10:58:04',	'2022-07-29 10:58:04'),
(364,	54,	'Day 4 - Maldives',	NULL,	'[\"visit\"]',	1,	'2022-07-29 10:58:04',	'2022-07-29 10:58:04'),
(365,	54,	'Day 5 - Departure from Male',	NULL,	'[\"departure\"]',	1,	'2022-07-29 10:58:04',	'2022-07-29 10:58:04'),
(368,	87,	'ttt',	NULL,	'[\"sss\"]',	1,	'2022-07-30 05:12:37',	'2022-07-30 05:12:37');

DROP TABLE IF EXISTS `tour_list`;
CREATE TABLE `tour_list` (
  `id` int(11) NOT NULL AUTO_INCREMENT,
  `vendor_id` int(11) DEFAULT NULL,
  `scout_id` int(11) DEFAULT NULL,
  `tour_code` varchar(255) COLLATE utf8_unicode_ci DEFAULT NULL,
  `tour_start_day` varchar(255) COLLATE utf8_unicode_ci DEFAULT NULL,
  `tour_start_date` date NOT NULL,
  `tour_end_date` date NOT NULL,
  `tour_feature_image` varchar(255) COLLATE utf8_unicode_ci NOT NULL,
  `tour_package_name` varchar(255) COLLATE utf8_unicode_ci NOT NULL,
  `tour_title` varchar(255) COLLATE utf8_unicode_ci DEFAULT NULL,
  `tour_type` varchar(255) COLLATE utf8_unicode_ci DEFAULT NULL,
  `tour_price` double DEFAULT NULL,
  `tour_days` varchar(255) COLLATE utf8_unicode_ci DEFAULT NULL,
  `tour_duration` varchar(255) COLLATE utf8_unicode_ci DEFAULT NULL,
  `tour_price_others` double DEFAULT NULL,
  `tour_locations` text COLLATE utf8_unicode_ci,
  `tour_services_includes` text COLLATE utf8_unicode_ci,
  `tour_services_not_includes` text COLLATE utf8_unicode_ci,
  `tour_activities` text COLLATE utf8_unicode_ci,
  `tour_payment_term` varchar(255) COLLATE utf8_unicode_ci DEFAULT NULL,
  `tour_description` text COLLATE utf8_unicode_ci,
  `booking_contact_no` varchar(255) COLLATE utf8_unicode_ci DEFAULT NULL,
  `tour_term_condition` text COLLATE utf8_unicode_ci,
  `tour_document` varchar(255) COLLATE utf8_unicode_ci DEFAULT NULL,
  `contact_name` varchar(255) COLLATE utf8_unicode_ci DEFAULT NULL,
  `contact_num` varchar(20) COLLATE utf8_unicode_ci DEFAULT NULL,
  `alternate_num` varchar(20) COLLATE utf8_unicode_ci DEFAULT NULL,
  `bank_name` varchar(255) COLLATE utf8_unicode_ci DEFAULT NULL,
  `account_holder` varchar(255) COLLATE utf8_unicode_ci DEFAULT NULL,
  `account_number` varchar(255) COLLATE utf8_unicode_ci DEFAULT NULL,
  `branch_name` varchar(255) COLLATE utf8_unicode_ci DEFAULT NULL,
  `jazz_cash` varchar(255) COLLATE utf8_unicode_ci DEFAULT NULL,
  `easypaisa` varchar(255) COLLATE utf8_unicode_ci DEFAULT NULL,
  `address` varchar(255) COLLATE utf8_unicode_ci DEFAULT NULL,
  `latitude` varchar(255) COLLATE utf8_unicode_ci DEFAULT NULL,
  `longitude` varchar(255) COLLATE utf8_unicode_ci DEFAULT NULL,
  `neighb_area` varchar(255) COLLATE utf8_unicode_ci DEFAULT NULL,
  `city` varchar(255) COLLATE utf8_unicode_ci DEFAULT NULL,
  `country_id` int(11) DEFAULT NULL,
  `booking_option` tinyint(2) DEFAULT NULL,
  `payment_mode` tinyint(4) DEFAULT NULL COMMENT '"0" =>Pay at Desk, "1"=>Full Payment, "2"=> Partial Payment ',
  `facebook` varchar(50) COLLATE utf8_unicode_ci DEFAULT NULL,
  `instagram` varchar(50) COLLATE utf8_unicode_ci DEFAULT NULL,
  `tiktok` varchar(50) COLLATE utf8_unicode_ci DEFAULT NULL,
  `tour_status` int(11) DEFAULT NULL,
  `created_at` datetime DEFAULT NULL,
  `updated_at` timestamp NULL DEFAULT NULL,
  PRIMARY KEY (`id`)
) ENGINE=InnoDB DEFAULT CHARSET=utf8 COLLATE=utf8_unicode_ci;

INSERT INTO `tour_list` (`id`, `vendor_id`, `scout_id`, `tour_code`, `tour_start_day`, `tour_start_date`, `tour_end_date`, `tour_feature_image`, `tour_package_name`, `tour_title`, `tour_type`, `tour_price`, `tour_days`, `tour_duration`, `tour_price_others`, `tour_locations`, `tour_services_includes`, `tour_services_not_includes`, `tour_activities`, `tour_payment_term`, `tour_description`, `booking_contact_no`, `tour_term_condition`, `tour_document`, `contact_name`, `contact_num`, `alternate_num`, `bank_name`, `account_holder`, `account_number`, `branch_name`, `jazz_cash`, `easypaisa`, `address`, `latitude`, `longitude`, `neighb_area`, `city`, `country_id`, `booking_option`, `payment_mode`, `facebook`, `instagram`, `tiktok`, `tour_status`, `created_at`, `updated_at`) VALUES
(17,	877,	557,	'CY123',	NULL,	'2022-07-26',	'2022-07-31',	'pexels-pixabay-87777-tourMainImg-1658380954.jpg',	'Chardham Yatra',	'Indore to Gangotri',	'standard',	12000,	'6',	NULL,	NULL,	'Uttrakhand',	'Entry tickets and maintenance charges',	'Lunch',	NULL,	NULL,	'duration-12N/13D',	'7419874562',	'a) The request for name change will be treated as a fresh booking where confirmation will be subject to availability. Please note all bookings confirmed are non-transferable and will invite a cancellation charge as applicable.',	NULL,	'Rajesh sharma',	'9874556478',	'4564645645',	'ICICI BANK',	'Test Account',	'787895544445777',	'Indore Main Branch',	'456486456546',	'45654456456456',	'rnt road',	NULL,	NULL,	NULL,	'indore',	99,	2,	0,	NULL,	NULL,	NULL,	1,	'2022-07-21 05:22:34',	'2022-07-21 05:22:34'),
(18,	877,	557,	'GV123',	NULL,	'2022-07-31',	'2022-08-03',	'pexels-cottonbro-4428286-tourMainImg-1658383004.jpg',	'GOA VACATIONS',	'GOA VACATIONS',	'standard',	9950,	'4',	NULL,	NULL,	'Indore, South Goa, North Goa, Goa',	'Transportation from Indore to Goa and Goa to Indore\nPickup and Drop from Goa Airport/Railway Station/Volvo Stand to Hotel\nWelcome Drink on Arrival\nAccommodation on twin/double sharing basis\nBed Tea, Breakfast and Dinner\nAll Sight seeing By Personal Non Sharing Taxi\nIncluding all Parking Charges, Toll Tax, Green Tax and Driver Stay\nAll applicable taxes, entry fee and driver allowance',	NULL,	NULL,	NULL,	'Launching of Goa Vacations flight package of 03 Nights & 04 Days tour Ex Indore for your leisure vacation at beaches of Goa including sightseeing of North & South Goa.',	'7419874562',	'a) The request for name change will be treated as a fresh booking where confirmation will be subject to availability. Please note all bookings confirmed are non-transferable and will invite a cancellation charge as applicable.\nb) Changes and Cancellation by RoadNStay prior to your departure - The journeys are planned well in advance. We reserve the right to make changes to the programmed if necessary at any point of time. We reserve the right to cancel the departure or amend the same due to certain operational reasons and conditions. Most changes made by us would be minor, but on certain occasions there could be a possibility of making a significant change. A change is defined as significant if it involves a change of destination or date of departure. In such an eventuality, we would inform you as soon as possible and provide you with the following solutions: \n\n1. Or accepting the cancellation where you will receive a refund of the payment remitted to us. However, there will be no refund for any service such as pre/post accommodation, airline tickets, excursions, and extensions etc. that have been booked by you and/or your Travel Agent. \nc) In case of a \'force majeure\' situation due to which a departure has to be cancelled, we regret there would be no refund of the money paid to us or reimbursement of any additional expenses incurred by you as a result of our cancellation/ change. \n\n \n\n100% payment at the time of booking will be required.\n\nOn completion of the booking and payment formalities, a confirmation tour voucher will be generated.\nYou will have to pay all bank charges.\nIn case of cash payment of INR 25000/- or above, the Pan Card copy of the client is required.',	NULL,	'Manish kumar ji',	'7489582547',	NULL,	NULL,	'Test Account First',	'9789456123XXX',	'Indore Main Branch',	'4564564567889',	'849456464564',	'rnt road',	NULL,	NULL,	NULL,	'indore',	99,	2,	1,	NULL,	NULL,	NULL,	1,	'2022-07-21 05:56:44',	'2022-07-21 05:56:44'),
(19,	877,	557,	'ML789',	NULL,	'2022-08-01',	'2022-08-05',	'pexels-ruchit-darji-5592828-tourMainImg-1658386065.jpg',	'Manali',	'Getaway to Manali from Delhi',	'standard',	22385,	'5',	NULL,	NULL,	'Manali, Delhi',	'5 TRANSFERS\n5 ACTIVITIES',	'Package price does not include Gala dinner charges applicable on Christmas and New Year\'s Eve',	NULL,	NULL,	'Manali - 4 Nights Stay',	'7418795874',	'Standard check-in time at the hotel is normally 2:00 pm and check-out is 11:00 am. An early check-in, or a late check-out is solely based on the discretion of the hotel.\nA maximum of 3 adults are allowed in one room. The third occupant shall be provided a mattress/rollaway bed.\nThe itinerary is fixed and cannot be modified. Transportation shall be provided as per the itinerary and will not be at disposal. For any paid activity which is non-operational due to any unforeseen reason, we will process refund & same should reach the guest within 30 days of processing the refund.\nAlso, for any activity which is complimentary and not charged to MMT & guest, no refund will be processed.\nAC will not be functional anywhere in cool or hilly areas.\nEntrance fee, parking and guide charges are not included in the packages.\nIf your flights involve a combination of different airlines, you may have to collect your luggage on arrival at the connecting hub and register it again while checking in for the onward journey to your destination.\nBooking rates are subject to change without prior notice.\nAirline seats and hotel rooms are subject to availability at the time of booking.\nPricing of the booking is based on the age of the passengers. Please make sure you enter the correct age of passengers at the time of booking. Passengers furnishing incorrect age details may incur penalty at the time of travelling.\nIn case of unavailability in the listed hotels, arrangement for an alternate accommodation will be made in a hotel of similar standard.\nIn case your package needs to be cancelled due to any natural calamity, weather conditions etc. MakeMyTrip shall strive to give you the maximum possible refund subject to the agreement made with our trade partners/vendors.\nMMT reserves the right to modify the itinerary at any point, due to reasons including but not limited to: Force Majeure events, strikes, fairs, festivals, weather conditions, traffic problems, overbooking of hotels / flights, cancellation / re-routing of flights, closure of /entry restrictions at a place of visit, etc. While we will do our best to make suitable alternate arrangements, we would not be held liable for any refunds/compensation claims arising out of this.\nCertain hotels may ask for a security deposit during check-in, which is refundable at check-out subject to the hotel?s policy.',	NULL,	'Ramesh Kumar',	'7895846544',	'9874563210',	'Test Bank',	'Test Account First',	'9789456123XXX',	'Indore Main Branch',	'45454574877',	'54454545554',	'rnt road',	NULL,	NULL,	NULL,	'indore',	99,	2,	1,	NULL,	NULL,	NULL,	1,	'2022-07-21 06:47:45',	'2022-07-21 06:47:45'),
(20,	877,	557,	'FKV147',	NULL,	'2022-08-01',	'2022-08-06',	'pexels-sanket-barik-7846490-tourMainImg-1658388194.jpg',	'Fabulous Kashmir Vacation',	'Kashmir Vacation',	'standard',	29000,	'6',	NULL,	NULL,	'Srinagar, Gulmarg, Pahalgam, Srinagar',	'Tour Manager Assistance',	NULL,	NULL,	NULL,	'5 DAY PLAN\n1 HOTEL\n5 TRANSFERS\n5 ACTIVITIES',	'9685741458',	'Standard check-in time at the hotel is normally 2:00 pm and check-out is 11:00 am. An early check-in, or a late check-out is solely based on the discretion of the hotel.\nA maximum of 3 adults are allowed in one room. The third occupant shall be provided a mattress/rollaway bed.\nThe itinerary is fixed and cannot be modified. Transportation shall be provided as per the itinerary and will not be at disposal.For any paid activity which is non-operational due to any unforeseen reason, we will process refund & same should reach the guest within 30 days of processing the refund.\nAt most hotels in Kashmir, a room heater (if required) is available on request and on a direct payment basis.\nThe houseboats in Kashmir operate in a different way than those in Kerala. All houseboats on Dal Lake are stationary and offer amazing views of the lake and the surroundings. Accommodation in the quaint houseboats of Kashmir is purely for the experience. Unlike hotels, houseboats are faced with certain limitations like 24x7 electricity and water supply, a television in each room, etc.\nAs per govt. orders, pre',	NULL,	'kamal thakur',	'9874525844',	'9874563210',	'ICICI BANK',	'Test Name',	'787895544445777',	'Indore Main Branch',	'545454598989',	'564545454545',	'rnt road',	NULL,	NULL,	NULL,	'indore',	99,	NULL,	1,	NULL,	NULL,	NULL,	1,	'2022-07-21 07:23:14',	'2022-07-21 07:23:14'),
(21,	877,	557,	'DLF78',	NULL,	'2022-08-03',	'2022-08-10',	'pexels-ankur-khandelwal-4851376-tourMainImg-1658495938.jpg',	'vaisnodevi with kashmir',	'Indore to vaishno devi',	'standard',	51000,	'8',	NULL,	NULL,	'Jammu, Katra, Patnitop, Pahalgam, Gulmarg, Srinagar',	NULL,	NULL,	NULL,	NULL,	'8 DAY PLAN\n2 FLIGHTS\n5 HOTELS\n7 TRANSFERS\n9 ACTIVITIES',	'7419874562',	'Standard check-in time at the hotel is normally 2:00 pm and check-out is 11:00 am. An early check-in, or a late check-out is solely based on the discretion of the hotel.\nA maximum of 3 adults are allowed in one room. The third occupant shall be provided a mattress/rollaway bed.\nThe itinerary is fixed and cannot be modified. Transportation shall be provided as per the itinerary and will not be at disposal.For any paid activity which is non-operational due to any unforeseen reason, we will process refund & same should reach the guest within 30 days of processing the refund.\nAlso, for any activity which is complimentary and not charged to MMT & guest, no refund will be processed.\nAC will not be functional anywhere in cool or hilly areas.\nEntrance fee, parking and guide charges are not included in the packages.\nIf your flights involve a combination of different airlines, you may have to collect your luggage on arrival at the connecting hub and register it again while checking in for the onward journey to your destination.\nBooking rates are subject to change without prior notice.\nAirline seats and hotel rooms are subject to availability at the time of booking.\nPricing of the booking is based on the age of the passengers. Please make sure you enter the correct age of passengers at the time of booking. Passengers furnishing incorrect age details may incur penalty at the time of travelling.\nIn case of unavailability in the listed hotels, arrangement for an alternate accommodation will be made in a hotel of similar standard.\nIn case your package needs to be cancelled due to any natural calamity, weather conditions etc. MakeMyTrip shall strive to give you the maximum possible refund subject to the agreement made with our trade partners/vendors.\nMMT reserves the right to modify the itinerary at any point, due to reasons including but not limited to: Force Majeure events, strikes, fairs, festivals, weather conditions, traffic problems, overbooking of hotels / flights, cancellation / re-routing of flights, closure of /entry restrictions at a place of visit, etc. While we will do our best to make suitable alternate arrangements, we would not be held liable for any refunds/compensation claims arising out of this.\nCertain hotels may ask for a security deposit during check-in, which is refundable at check-out subject to the hotel?s policy.\nThe booking price does not include: Expenses of personal nature, such as laundry, telephone calls, room service, alcoholic beverages, mini bar charges, tips, portage, camera fees etc.\nAny other items not mentioned under Inclusions are not included in the cost of the booking.\nThe package price doesn?t include special dinner or mandatory charges at time levied by the hotels especially during New Year and Christmas or any special occasions. MakeMyTrip shall try to communicate the same while booking the package. However MakeMyTrip may not have this information readily available all the time.\nCost of deviation and cost of extension of the validity on your ticket is not included.\nFor queries regarding cancellations and refunds, please refer to our Cancellation Policy.',	NULL,	'pandit ramkrishan ji',	'7894562584',	NULL,	'ICICI BANK',	'Test Account',	'9789456123XXX',	'Indore Main Branch',	'415454545544545',	'7878888888888',	'rnt road',	NULL,	NULL,	NULL,	'indore',	99,	2,	0,	NULL,	NULL,	NULL,	1,	'2022-07-21 08:25:21',	'2022-07-21 08:25:21'),
(50,	877,	557,	'PD147',	NULL,	'2022-08-09',	'2022-08-15',	'pexels-pixabay-462341-tourMainImg-1658812745.jpg',	'Paris Departure!',	'India to france',	'standard',	190000,	'7',	NULL,	NULL,	'New Delhi\nParis\nAdelboden\nZurich',	'Included services',	'Not Included services',	NULL,	NULL,	'7 DAY PLAN\n2 FLIGHTS\n3 HOTELS\n2 TRANSFERS\n2 ACTIVITIES',	'7412583698',	'Please note that VISA cost is not included in the package. Make my trip provides visa assistance only.\nPlease note that once your booking is confirmed, you will receive an e-mail as well as an SMS on your registered mobile number confirming your booking. However, if you would like to get in touch with us please call us on 0124-4859749. We are open from 8:00 am to 8:00 pm, seven days a week.\nPlease expect to receive your vouchers 72 hours before your departure date (subject to full payment of your package cost)\nPlease note that these packages are customizable, which means that you will be able to make changes to the itinerary/activity if you so desire. The final payment will be calculated as per the activities reflecting on the website which will be outlined in the confirmatory e-mail sent to you.\nPersonal expenses such as laundry, telephone calls, room service, alcoholic beverages, mini bar etc., are not included.\nIn case your package needs to be cancelled due to any natural calamity, weather conditions etc. RoadNStay shall strive to give you the maximum possible refund subject to the agreement made with our trade partners/vendors.\nIf payment is not made as per the schedule provided in the first booking confirmation e-mail, RoadNStay reserves the right to cancel the booking after attempting to get in touch with you. Refunds would be as per the package cancellation policy.\nThe passenger names in the booking form should be exactly as per passports. RoadNStay will not bear any liability for the name change fee, if incorrect names and ages have been added at the time of booking.\nPlease note that if your package includes a flight which is a low cost carrier (Like Air Asia, Scoot Airlines, Air Arabia, Jetstar, Fly Dubai, Thai AirAsia, Air India Express, Tiger Airways, Vueling, Delta, Ryan Air, Pegasus, Indigo Etc) then baggage and meals will not be included in the package untill specified in the booking. Baggage and meals can be added as per your requirement at an additional cost depending on the airlines and destination. Our Travel Expert will attempt to get in touch with you within 24-hours after the booking has been confirmed for any addition required.\nPlease ensure that baggage and any other upgrade requirements (if any) are given to our Travel Expert latest by 5 days before the date of departure.\nStandard check-in time at the hotel is normally 3:00 pm and check-out is 11:00 am. An early check-in, or a late check-out is solely based on the discretion of the hotel.\nIn case the selected hotel is unavailable for booking, an alternate arrangement will be offered to the customer in another hotel of a similar category.\nCertain hotels abroad may ask for a security deposit during check-in, which is refundable at check-out subject to the hotels policy.\nPlease note that Day at Leisure essentially implies that no sightseeing activities have been included for that day\nKindly be on time for your activities, tours and transfers as stipulated in the handover vouchers (reporting time). International countries are quite strict about following a schedule, else you will miss your services and no refund will be provided.\nThe package price does not include special dinner or mandatory charges at time levied by the hotels especially during New Year and Christmas or any special occasions. RoadNStay shall try to communicate the same while booking the package. However RoadNStay may not have this information readily available all the time.\nFor queries regarding cancellations and refunds, please refer to our Cancellation Policy.\nDisputes, if any, shall be subject to the exclusive jurisdiction of the courts in New Delhi.\n\n\nClosed Sightseeings due to COVID',	NULL,	's k vyas',	'9874562584',	NULL,	NULL,	NULL,	NULL,	NULL,	NULL,	NULL,	'Paris, France',	'48.856614',	'2.3522219',	'Paris',	'Paris',	73,	2,	1,	NULL,	NULL,	NULL,	1,	'2022-07-26 05:19:05',	'2022-07-26 05:19:05'),
(51,	877,	557,	'SA147',	NULL,	'2022-08-01',	'2022-08-15',	'pexels-max-ravier-5873902-tourMainImg-1658813964.jpg',	'Special Australian',	'Special Australian Holiday',	'standard',	225000,	'15',	NULL,	NULL,	'Melbourne, Gold Coast, Cairns, Sydney, Canberra',	'Drinks',	'Breakfast, Lunch, Dinner',	NULL,	NULL,	'16 DAY PLAN\n5 HOTELS\n22 ACTIVITIES',	'7414253698',	'Please note that once your booking is confirmed, you will receive an e-mail as well as an SMS on your registered mobile number confirming your booking. However, if you would like to get in touch with us please call us on 0124-4859749. We are open from 8:00 am to 8:00 pm, seven days a week.\nPlease expect to receive your vouchers 72 hours before your departure date (subject to full payment of your package cost)\nPlease note that these packages are customizable, which means that you will be able to make changes to the itinerary/activity if you so desire. The final payment will be calculated as per the activities reflecting on the website which will be outlined in the confirmatory e-mail sent to you.\nPersonal expenses such as laundry, telephone calls, room service, alcoholic beverages, mini bar etc., are not included.\nIn case your package needs to be cancelled due to any natural calamity, weather conditions etc. RoadNStay shall strive to give you the maximum possible refund subject to the agreement made with our trade partners/vendors.\nIf payment is not made as per the schedule provided in the first booking confirmation e-mail, RoadNStay reserves the right to cancel the booking after attempting to get in touch with you. Refunds would be as per the package cancellation policy.\nThe passenger names in the booking form should be exactly as per passports. RoadNStay will not bear any liability for the name change fee, if incorrect names and ages have been added at the time of booking.\nPlease note that if your package includes a flight which is a low cost carrier (Air Asia, Scoot Airlines, Air Arabia, Jetstar, Fly Dubai, Thai AirAsia, Air India Express, Tiger Airways) then baggage will not be included in the package. Baggage can be added as per your requirement at an additional cost depending on the airlines and destination.',	NULL,	'r s',	'7412583698',	NULL,	NULL,	NULL,	NULL,	NULL,	NULL,	NULL,	'Australia',	'-25.274398',	'133.775136',	'undefined',	'melbourne',	13,	2,	0,	NULL,	NULL,	NULL,	1,	'2022-07-26 05:39:24',	'2022-07-26 05:39:24'),
(52,	877,	557,	'DS256',	NULL,	'2022-08-10',	'2022-08-15',	'pexels-john-simmons-8436835-tourMainImg-1658814976.jpg',	'Dubai Special',	'Dubai',	'standard',	52250,	'6',	NULL,	NULL,	'Dubai',	'drink',	'breakfast, lunch, dinner',	NULL,	NULL,	'6 DAY PLAN\n2 FLIGHTS\n1 HOTEL\n2 TRANSFERS\n3 ACTIVITIES',	'7412589874',	'Please note that once your booking is confirmed, you will receive an e-mail as well as an SMS on your registered mobile number confirming your booking. However, if you would like to get in touch with us please call us on 0124-4859749. We are open from 8:00 am to 8:00 pm, seven days a week.\nPlease expect to receive your vouchers 72 hours before your departure date (subject to full payment of your package cost)\nPlease note that these packages are customizable, which means that you will be able to make changes to the itinerary/activity if you so desire. The final payment will be calculated as per the activities reflecting on the website which will be outlined in the confirmatory e-mail sent to you.',	NULL,	'kamal patel',	'7425984758',	NULL,	NULL,	NULL,	NULL,	NULL,	NULL,	NULL,	'Dubai - United Arab Emirates',	'25.2048493',	'55.2707828',	'Dubai',	'dubai',	224,	2,	0,	NULL,	NULL,	NULL,	1,	'2022-07-26 05:56:16',	'2022-07-26 05:56:16'),
(53,	877,	557,	'SBK147258',	NULL,	'2022-08-01',	'2022-08-04',	'pexels-mehmet-turgut-kirkgoz-5865861-tourMainImg-1658816190.jpg',	'Short Break in Kathmandu',	'Short Break in Kathmandu',	'standard',	25000,	'4',	NULL,	NULL,	'Kathmandu',	'drinks',	'breakfast, lunch, dinner',	NULL,	NULL,	'4 DAY PLAN\n2 FLIGHTS\n1 HOTEL\n1 ACTIVITY',	'7414987458',	'Standard check-in time at the hotel is normally 1:00 pm and check-out is 11:00 am. An early check-in, or a late check-out is solely based on the discretion of the hotel.\nA maximum of 3 adults are allowed in one room. The third occupant shall be provided a mattress/rollaway bed.\nThe itinerary is fixed and cannot be modified. Transportation shall be provided as per the itinerary and will not be at disposal.\nAC will not be functional anywhere in cool or hilly areas.\nEntrance fee to the monuments and guide charges are not included in the packages.\nThe old currency of INR 1000 and INR 500 are banned in Nepal. They are no longer a valid tender currency in the country. If anyone is found possessing them, they can be punished as per the law of the land. Hence no one should carry these notes.\nFor only Indian Nationals, a passport with a minimum 6 months validity from the date of return or an Indian voter ID card is a must.\nAadhar cards can be used as valid documents for Indian Nationals above the age of 65, who are travelling to Nepal. The guests must carry a copy of the below notification.\nFor adults, a valid Indian passport or a voter ID card issued by the Government of India is the only legitimate document required for their travel to Nepal.\nFor children below the age of 18 years, the school or college id will be enough for travel to Nepal. The id should reflect the traveller?s photograph, school or college name, date of birth as well as the class in which the student is studying. We request that this information gets checked with the Indian Immigration Authorities at the guest\'s end too. This information stands good while writing this mail. Do keep yourself updated on Nepal travel news for any changes. This information is correct as of today and cannot be held liable just in case anyone is not allowed to board or the Govt. of India changes the regulations. For children below 4 years, please carry a birth certificate and a school id as well.\nThe rates provided in packages are valid for Indian Nationals only. Do cross-check with your travel specialist for rates available for Foreign Nationals.\nIf your flights involve a combination of different airlines, you may have to collect your luggage on arrival at the connecting hub and register it again while checking in for the onward journey to your destination.\nBooking rates are subject to change without prior notice.\nAirline seats and hotel rooms are subject to availability at the time of booking.',	NULL,	'ramshyam ji',	'1472586364',	NULL,	NULL,	NULL,	NULL,	NULL,	NULL,	NULL,	'Kathmandu, Nepal',	'27.7172453',	'85.3239605',	'Kathmandu',	'Kathmandu',	149,	2,	1,	NULL,	NULL,	NULL,	1,	'2022-07-26 06:16:30',	'2022-07-26 06:16:30'),
(54,	877,	557,	'IJ14756',	NULL,	'2022-08-01',	'2022-08-05',	'pexels-asad-photo-maldives-1320686-tourMainImg-1658817303.jpg',	'island journey',	'maldives',	'standard',	50000,	'5',	NULL,	NULL,	'Maldives',	'drinks',	'brekfast, lunch, dinner',	'location',	NULL,	'5 DAY PLAN\n2 FLIGHTS\n2 FLIGHTS\n2 ACTIVITIES',	'7412587895',	'Please expect to receive your vouchers 72 hours before your departure date (subject to full payment of your package cost)\nPlease note that these packages are customizable, which means that you will be able to make changes to the itinerary/activity if you so desire. The final payment will be calculated as per the activities reflecting on the website which will be outlined in the confirmatory e-mail sent to you.\nPersonal expenses such as laundry, telephone calls, room service, alcoholic beverages, mini bar etc., are not included.\nIn case your package needs to be cancelled due to any natural calamity, weather conditions etc.  RoadNStay shall strive to give you the maximum possible refund subject to the agreement made with our trade partners/vendors.\nIf payment is not made as per the schedule provided in the first booking confirmation e-mail, RoadNStay reserves the right to cancel the booking after attempting to get in touch with you. Refunds would be as per the package cancellation policy.\nThe passenger names in the booking form should be exactly as per passports.  RoadNStay  will not bear any liability for the name change fee, if incorrect names and ages have been added at the time of booking.',	NULL,	'karan k',	'1472583699',	NULL,	NULL,	NULL,	NULL,	NULL,	NULL,	NULL,	'Maldive Islands, Maldives',	'3.25',	'73',	'undefined',	'Faafu Atoll',	98,	2,	0,	NULL,	NULL,	NULL,	1,	'2022-07-26 06:35:03',	'2022-07-26 06:35:03'),
(73,	834,	477,	'DYHT123',	NULL,	'2022-07-27',	'2022-08-03',	'1649150813_fd06191f-8c6c-436c-a3af-5f2a6a17184c-tourMainImg-1658921823.jpg',	'test',	'Test Tour 27july',	'standard',	20000,	'7',	NULL,	5999,	'indore-bhopal-dewas',	NULL,	NULL,	'sideseen,test-',	NULL,	'Test Tour',	'86283463285',	'Test',	NULL,	'Test name',	'765437686787',	'51275474871',	'test',	'htest',	'76327436284',	'indore',	'6456435868345',	'3746327467823',	'Indore, Madhya Pradesh, India',	'22.7195687',	'75.8577258',	'Indore',	'Indore',	99,	2,	0,	NULL,	NULL,	NULL,	1,	'2022-07-27 11:37:03',	'2022-07-27 11:37:03'),
(87,	877,	557,	'TourCode',	NULL,	'2022-07-30',	'2022-08-01',	'pexels-pixabay-261395-tourMainImg-1659157957.jpg',	'tourPackage',	'gtoh',	'standard',	15000,	'4',	NULL,	10000,	'tourlocation',	NULL,	NULL,	'tourActivites',	NULL,	'tourdescription',	'9874525874',	'ttc',	'/tmp/php7X06t2',	'jklmnopp',	'9874562587',	NULL,	'oakkk',	'9874562574',	'741XXXXXXX475',	'DAVV',	'66666',	'455555',	'RNT Marg, Murai Mohalla, Chhawni, Indore, Madhya Pradesh, India',	'22.7097071',	'75.87578169999999',	'Murai Mohalla',	'Indore',	99,	2,	1,	NULL,	NULL,	NULL,	1,	'2022-07-30 05:12:37',	'2022-07-30 05:12:37');

DROP TABLE IF EXISTS `users`;
CREATE TABLE `users` (
  `id` int(11) NOT NULL AUTO_INCREMENT,
  `user_type` varchar(30) NOT NULL,
  `first_name` varchar(255) DEFAULT NULL,
  `last_name` varchar(255) DEFAULT NULL,
  `email` varchar(255) NOT NULL,
  `contact_number` varchar(20) DEFAULT NULL,
  `password` varchar(255) NOT NULL,
  `role_id` int(11) DEFAULT NULL COMMENT '"1" => Admin, "2" => User, "3" => Scout, "4" => Vendor/Service Provider',
  `is_verify_email` tinyint(4) DEFAULT '0',
  `is_verify_contact` tinyint(4) DEFAULT '0',
  `my_referral_code` varchar(255) DEFAULT NULL,
  `user_referral_id` varchar(255) DEFAULT NULL,
  `wallet_balance` float DEFAULT '0',
  `profile_pic` varchar(255) DEFAULT NULL,
  `resume` varchar(255) DEFAULT NULL,
  `gender` varchar(255) DEFAULT NULL,
  `user_plan` int(11) DEFAULT NULL,
  `user_language` varchar(50) DEFAULT NULL,
  `user_categories` varchar(300) DEFAULT NULL,
  `user_company_name` varchar(150) DEFAULT NULL,
  `user_company_number` varchar(50) DEFAULT NULL,
  `user_company_address` varchar(200) DEFAULT NULL,
  `notification` int(11) DEFAULT NULL,
  `activation_code` varchar(200) DEFAULT NULL,
  `dob` date DEFAULT NULL,
  `user_country` varchar(255) DEFAULT '99',
  `state_id` varchar(255) CHARACTER SET utf8 DEFAULT NULL,
  `user_city` varchar(30) DEFAULT NULL,
  `postal_code` int(11) DEFAULT NULL,
  `latitude` varchar(255) DEFAULT NULL,
  `longitude` varchar(255) DEFAULT NULL,
  `address` text,
  `ship_id` int(11) DEFAULT NULL,
  `shipping_price` float(10,2) DEFAULT NULL,
  `shipping_currency` varchar(255) DEFAULT NULL,
  `parent_id` int(11) DEFAULT NULL,
  `social_id` text,
  `register_by` varchar(255) DEFAULT NULL,
  `website` varchar(200) DEFAULT NULL,
  `about` text,
  `device_id` varchar(255) DEFAULT NULL,
  `device_token` varchar(255) DEFAULT NULL,
  `device_type` varchar(255) DEFAULT NULL,
  `vrfn_code` varchar(255) DEFAULT NULL,
  `card_status` tinyint(4) DEFAULT NULL,
  `status` tinyint(4) DEFAULT '1',
  `job-status` tinyint(4) DEFAULT NULL,
  `user_rec_promo` int(11) DEFAULT NULL,
  `user_rec_outdoor_promo` int(11) DEFAULT NULL,
  `user_signup_method` varchar(255) DEFAULT NULL,
  `auth_check` int(11) DEFAULT NULL,
  `sms_check` int(11) DEFAULT NULL,
  `act_link` varchar(50) DEFAULT NULL,
  `last_login` datetime DEFAULT NULL,
  `is_online` int(11) DEFAULT NULL,
  `publishonhome` smallint(6) DEFAULT NULL,
  `toprated` smallint(6) DEFAULT NULL,
  `user_profile_pic` varchar(255) DEFAULT NULL,
  `businessID` varchar(255) DEFAULT NULL,
  `social_login` int(11) DEFAULT NULL,
  `created_at` datetime DEFAULT NULL,
  `updated_at` timestamp NULL DEFAULT NULL,
  `remember_token` varchar(255) DEFAULT NULL,
  `braintree_token` longtext,
  `guest_login` int(10) unsigned DEFAULT NULL,
  `purches_for` varchar(255) DEFAULT NULL,
  `otp` varchar(255) DEFAULT NULL,
  PRIMARY KEY (`id`)
) ENGINE=InnoDB DEFAULT CHARSET=latin1;

INSERT INTO `users` (`id`, `user_type`, `first_name`, `last_name`, `email`, `contact_number`, `password`, `role_id`, `is_verify_email`, `is_verify_contact`, `my_referral_code`, `user_referral_id`, `wallet_balance`, `profile_pic`, `resume`, `gender`, `user_plan`, `user_language`, `user_categories`, `user_company_name`, `user_company_number`, `user_company_address`, `notification`, `activation_code`, `dob`, `user_country`, `state_id`, `user_city`, `postal_code`, `latitude`, `longitude`, `address`, `ship_id`, `shipping_price`, `shipping_currency`, `parent_id`, `social_id`, `register_by`, `website`, `about`, `device_id`, `device_token`, `device_type`, `vrfn_code`, `card_status`, `status`, `job-status`, `user_rec_promo`, `user_rec_outdoor_promo`, `user_signup_method`, `auth_check`, `sms_check`, `act_link`, `last_login`, `is_online`, `publishonhome`, `toprated`, `user_profile_pic`, `businessID`, `social_login`, `created_at`, `updated_at`, `remember_token`, `braintree_token`, `guest_login`, `purches_for`, `otp`) VALUES
(336,	'service_provider',	'service',	'provider',	'rahulservpro@gmail.com',	'3453453450',	'$2y$10$waQDdN.xm59bmVv2x9EWKepMkjSjvGCeUpB.3Kf97/PwW/ke.n9ze',	4,	1,	0,	'YVVyZGE4Rm8wY2FPWnN3Q2oyd09mUT09',	NULL,	0,	'avatar5-1657169063.png',	NULL,	NULL,	NULL,	NULL,	NULL,	NULL,	NULL,	NULL,	NULL,	NULL,	NULL,	'99',	'madhya pradesh',	'indore',	452009,	NULL,	NULL,	'Rajendra Nagar',	NULL,	NULL,	NULL,	NULL,	NULL,	'web',	NULL,	NULL,	NULL,	NULL,	NULL,	'kK40jc',	NULL,	1,	NULL,	NULL,	NULL,	NULL,	NULL,	NULL,	NULL,	NULL,	NULL,	NULL,	NULL,	NULL,	NULL,	NULL,	'2022-05-25 11:41:12',	'2022-06-20 05:24:45',	NULL,	NULL,	NULL,	NULL,	NULL),
(346,	'normal_user',	'rahul',	'solanki',	'user@gmail.com',	'0942509544',	'$2y$10$.gRna0rWr.gSaYQ4wkL4gO1jXdAOIbNy2mezz9TmKTi/REVoBFiMy',	2,	0,	0,	NULL,	NULL,	0,	'bmw-1654599938.png',	NULL,	NULL,	NULL,	NULL,	NULL,	NULL,	NULL,	NULL,	NULL,	NULL,	NULL,	'99',	'madhya pradesh',	'indore',	452001,	NULL,	NULL,	'Rajendra Nagar',	NULL,	NULL,	NULL,	NULL,	NULL,	NULL,	NULL,	NULL,	NULL,	NULL,	NULL,	NULL,	NULL,	1,	NULL,	NULL,	NULL,	NULL,	NULL,	NULL,	NULL,	NULL,	NULL,	NULL,	NULL,	NULL,	NULL,	NULL,	'2022-05-26 08:22:09',	'2022-06-22 10:41:55',	NULL,	NULL,	NULL,	NULL,	NULL),
(347,	'normal_user',	'vivek',	'demo',	'vivek@gmail.com',	'1234577899',	'$2y$10$cfKorP8.CE6arkxNyVFFouHvKLpYIuWSBN7wpdvc6Az7K8XIxlJTi',	2,	0,	0,	NULL,	NULL,	0,	NULL,	NULL,	NULL,	NULL,	NULL,	NULL,	NULL,	NULL,	NULL,	NULL,	NULL,	NULL,	'99',	'madhya pradesh',	'indore',	NULL,	NULL,	NULL,	'Rajendra Nagar',	NULL,	NULL,	NULL,	NULL,	NULL,	NULL,	NULL,	NULL,	NULL,	NULL,	NULL,	NULL,	NULL,	1,	NULL,	NULL,	NULL,	NULL,	NULL,	NULL,	NULL,	NULL,	NULL,	NULL,	NULL,	NULL,	NULL,	NULL,	'2022-05-26 13:10:02',	'2022-05-28 06:56:21',	NULL,	NULL,	NULL,	NULL,	NULL),
(348,	'normal_user',	'viveksd',	'demo',	'vevie@gmail.com',	'1231324562',	'$2y$10$ljLea3bBvsYVpWH3xfE4DeGZKkgPW8tO8/wWe7tDy4apdzhWGm7Qq',	2,	0,	0,	NULL,	NULL,	0,	NULL,	NULL,	NULL,	NULL,	NULL,	NULL,	NULL,	NULL,	NULL,	NULL,	NULL,	NULL,	'99',	'madhya pradesh',	'indore',	NULL,	NULL,	NULL,	'Rajendra Nagar',	NULL,	NULL,	NULL,	NULL,	NULL,	NULL,	NULL,	NULL,	NULL,	NULL,	NULL,	NULL,	NULL,	1,	NULL,	NULL,	NULL,	NULL,	NULL,	NULL,	NULL,	NULL,	NULL,	NULL,	NULL,	NULL,	NULL,	NULL,	'2022-05-26 13:11:22',	'2022-05-26 07:41:22',	NULL,	NULL,	NULL,	NULL,	NULL),
(351,	'normal_user',	'nakul',	'demo',	'nakulsuhane@gmail.com',	'9993776089',	'$2y$10$d35Lv45BGe7igztuFOUJouYWJAYjjZc3aer0CAMRHvBWRAZsQc8vO',	2,	0,	0,	NULL,	NULL,	0,	'1649150813_fd06191f-8c6c-436c-a3af-5f2a6a17184c-1653648938.jpg',	NULL,	NULL,	NULL,	NULL,	NULL,	NULL,	NULL,	NULL,	NULL,	NULL,	NULL,	'99',	'madhya pradesh',	'indore',	45454545,	NULL,	NULL,	'Rajendra Nagar',	NULL,	NULL,	NULL,	NULL,	NULL,	NULL,	NULL,	NULL,	NULL,	NULL,	NULL,	NULL,	NULL,	1,	NULL,	NULL,	NULL,	NULL,	NULL,	NULL,	NULL,	NULL,	NULL,	NULL,	NULL,	NULL,	NULL,	NULL,	'2022-05-27 10:47:25',	'2022-06-07 10:16:33',	NULL,	NULL,	NULL,	NULL,	NULL),
(352,	'service_provider',	'Votive tech',	'demo',	'votive.techs@gmail.com',	'1231231234',	'$2y$10$DrJ/97AfkWzYzgP66hEK5uqE67w2gmtQcWeYgJE6X1E9yd0Cyv1se',	4,	0,	0,	NULL,	NULL,	0,	NULL,	NULL,	NULL,	NULL,	NULL,	NULL,	NULL,	NULL,	NULL,	NULL,	NULL,	NULL,	'99',	'madhya pradesh',	'indore',	NULL,	NULL,	NULL,	'Rajendra Nagar',	NULL,	NULL,	NULL,	NULL,	NULL,	NULL,	NULL,	NULL,	NULL,	NULL,	NULL,	NULL,	NULL,	1,	NULL,	NULL,	NULL,	NULL,	NULL,	NULL,	NULL,	NULL,	NULL,	NULL,	NULL,	NULL,	NULL,	NULL,	'2022-05-27 11:08:02',	'2022-05-27 11:08:02',	NULL,	NULL,	NULL,	NULL,	NULL),
(353,	'service_provider',	'new vendor',	'demo',	'vendor2@gmail.com',	'3131021230',	'$2y$10$WiyOS7gEw5gCigyA80oscOGurqTCOnLU1F0x3Y.AOLV.9ncmqb3uO',	4,	0,	0,	NULL,	NULL,	0,	NULL,	NULL,	NULL,	NULL,	NULL,	NULL,	NULL,	NULL,	NULL,	NULL,	NULL,	NULL,	'99',	'madhya pradesh',	'indore',	NULL,	NULL,	NULL,	'Rajendra Nagar',	NULL,	NULL,	NULL,	NULL,	NULL,	NULL,	NULL,	NULL,	NULL,	NULL,	NULL,	NULL,	NULL,	1,	NULL,	NULL,	NULL,	NULL,	NULL,	NULL,	NULL,	NULL,	NULL,	NULL,	NULL,	NULL,	NULL,	NULL,	'2022-05-27 13:26:33',	'2022-05-28 07:48:22',	NULL,	NULL,	NULL,	NULL,	NULL),
(354,	'normal_user',	'Muhammad Khalid',	'demo',	'mkakhi@yahoo.com',	'0503589372',	'$2y$10$IBJySupEyRUT4rRrKx5fuOuO/kNkLvgb1PGQU1x/yquog0Nt38gT6',	2,	0,	0,	NULL,	NULL,	0,	NULL,	NULL,	NULL,	NULL,	NULL,	NULL,	NULL,	NULL,	NULL,	NULL,	NULL,	NULL,	'99',	'madhya pradesh',	'indore',	NULL,	NULL,	NULL,	'Rajendra Nagar',	NULL,	NULL,	NULL,	NULL,	NULL,	NULL,	NULL,	NULL,	NULL,	NULL,	NULL,	NULL,	NULL,	1,	NULL,	NULL,	NULL,	NULL,	NULL,	NULL,	NULL,	NULL,	NULL,	NULL,	NULL,	NULL,	NULL,	NULL,	'2022-05-27 20:36:30',	'2022-05-27 20:36:30',	NULL,	NULL,	NULL,	NULL,	NULL),
(477,	'scout',	'Swayam',	'demo',	'scout@gmail.com',	'09425095449',	'$2y$10$qBKV3v2DLktHo4xBehGiE.lLbuz0YRF913QHqNtrcYKTe7hLm8OxC',	3,	1,	0,	'T0dCTkttMXl0MXFnUmJjb28wN1RjQT09',	NULL,	0,	NULL,	NULL,	NULL,	NULL,	NULL,	NULL,	NULL,	NULL,	NULL,	NULL,	NULL,	NULL,	'99',	'madhya pradesh',	'indore',	NULL,	NULL,	NULL,	'Rajendra Nagar',	NULL,	NULL,	NULL,	NULL,	NULL,	'web',	NULL,	NULL,	NULL,	NULL,	NULL,	'yFv0op',	NULL,	1,	NULL,	NULL,	NULL,	NULL,	NULL,	NULL,	NULL,	NULL,	NULL,	NULL,	NULL,	NULL,	NULL,	NULL,	'2022-06-09 10:38:27',	'2022-07-15 10:55:25',	NULL,	NULL,	NULL,	NULL,	NULL),
(484,	'service_provider',	'spfn',	'demo',	'spfn@gmail.com',	'9874563214',	'$2y$10$w2rLUrh9Z/26TKnCBHO3u.gR.JGZrPqp5LNoGvjbg1LmuPRPOlPZq',	4,	1,	0,	'eXFoTHU5bFdIcG1sMkdQTFJjYkVCdz09',	NULL,	0,	NULL,	NULL,	NULL,	NULL,	NULL,	NULL,	NULL,	NULL,	NULL,	NULL,	NULL,	NULL,	'99',	'madhya pradesh',	'indore',	NULL,	NULL,	NULL,	'Rajendra Nagar',	NULL,	NULL,	NULL,	NULL,	NULL,	'web',	NULL,	NULL,	NULL,	NULL,	NULL,	'nqRA5N',	NULL,	1,	NULL,	NULL,	NULL,	NULL,	NULL,	NULL,	NULL,	NULL,	NULL,	NULL,	NULL,	NULL,	NULL,	NULL,	'2022-06-10 05:32:47',	'2022-06-14 13:25:49',	NULL,	NULL,	NULL,	NULL,	NULL),
(557,	'scout',	'asc',	'sdsd',	'asc@gmail.com',	'3692581474',	'$2y$10$NMkamgWsYjkbTzx6vSBmmu8Egw7Hb64sNfzSW58PCFmoHETmIrBTS',	3,	1,	0,	'bGpiK211SjNVWENVK29WR2xkUWgrQT09',	NULL,	0,	NULL,	NULL,	NULL,	NULL,	NULL,	NULL,	NULL,	NULL,	NULL,	NULL,	NULL,	NULL,	'99',	'madhya pradesh',	'indore',	NULL,	NULL,	NULL,	'Rajendra Nagar',	NULL,	NULL,	NULL,	NULL,	NULL,	'web',	NULL,	NULL,	NULL,	NULL,	NULL,	'quZetW',	NULL,	1,	NULL,	NULL,	NULL,	NULL,	NULL,	NULL,	NULL,	NULL,	NULL,	NULL,	NULL,	NULL,	NULL,	NULL,	'2022-06-15 12:01:42',	'2022-07-29 10:54:14',	NULL,	NULL,	NULL,	NULL,	NULL),
(615,	'normal_user',	'ankit',	'demo',	'votiveankit@yopmail.com',	'9425095332',	'$2y$10$Jw8FvWrqKdASeJrsyxPIJOMFjbxo/bzSkcQNSt/RuLZx9NVas3fvu',	2,	0,	0,	'ZjZxZ3FIWGJsQmFIQ05aa3VKekRlUT09',	'',	0,	'http://votivelaravel.in/roadNstays/resources/assets/images/blank_user.jpg',	NULL,	NULL,	NULL,	NULL,	NULL,	NULL,	NULL,	NULL,	NULL,	NULL,	NULL,	'99',	'madhya pradesh',	'indore',	NULL,	NULL,	NULL,	'Rajendra Nagar',	NULL,	NULL,	NULL,	NULL,	NULL,	'web',	NULL,	NULL,	'0',	'0',	'0',	'S73y8D',	NULL,	1,	NULL,	NULL,	NULL,	NULL,	NULL,	NULL,	NULL,	NULL,	NULL,	NULL,	NULL,	NULL,	NULL,	NULL,	'2022-06-23 05:24:43',	'2022-06-23 05:24:43',	NULL,	NULL,	NULL,	NULL,	NULL),
(627,	'normal_user',	'ankit',	'test',	'votiveankit1@yopmail.com',	'9425095331',	'$2y$10$X6VzSjzM72R/YQkxUH2Qj.KkCanNV.ASJ/hrf68PhGxsTOp6hDke2',	2,	1,	0,	'ZzZxbkpNYklqcEpveVRNQnpVWkF6UT09',	'',	0,	'http://votivelaravel.in/roadNstays/resources/assets/images/blank_user.jpg',	NULL,	NULL,	NULL,	NULL,	NULL,	NULL,	NULL,	NULL,	NULL,	NULL,	NULL,	'99',	'madhya pradesh',	'indore',	NULL,	NULL,	NULL,	'Rajendra Nagar',	NULL,	NULL,	NULL,	NULL,	NULL,	'web',	NULL,	NULL,	'adad',	'adad',	'ada',	'Z4c6zV',	NULL,	1,	NULL,	NULL,	NULL,	NULL,	NULL,	NULL,	NULL,	NULL,	NULL,	NULL,	NULL,	NULL,	NULL,	NULL,	'2022-06-23 07:03:00',	'2022-06-23 07:03:00',	NULL,	NULL,	NULL,	NULL,	NULL),
(637,	'normal_user',	'ankit',	'test',	'votivemobile.ankit@gmail.com',	'94250235651',	'$2y$10$03iG.JCAxHX62byXe.TvAukz9J.aF61NdRSgTzqY11wd6FqVj7soe',	2,	1,	0,	'VkJmZ3kwQ2ZsNFMzUE4rL0FsSFNrQT09',	'',	0,	'http://votivelaravel.in/roadNstays/public/uploads/profile_image/1656149554.jpg',	NULL,	NULL,	NULL,	NULL,	NULL,	NULL,	NULL,	NULL,	NULL,	NULL,	NULL,	'99',	'madhya pradesh',	'indore',	NULL,	NULL,	NULL,	'Rajendra Nagar',	NULL,	NULL,	NULL,	NULL,	NULL,	'web',	NULL,	NULL,	'ss',	'ss',	'Ios',	'fGUO0w',	NULL,	1,	NULL,	NULL,	NULL,	NULL,	NULL,	NULL,	NULL,	NULL,	NULL,	NULL,	NULL,	NULL,	NULL,	NULL,	'2022-06-23 09:39:39',	'2022-06-23 12:28:30',	NULL,	NULL,	NULL,	NULL,	'5401'),
(641,	'normal_user',	'neha',	'test',	'votivephp.neha@gmail.com',	'942502356532',	'$2y$10$yhCpJO8pursNXnNzakLPmuDlzoaioaCYUVI5KwOkx1yIoFUnTWdBO',	2,	1,	0,	'ZThvZHJFSk1ycy8ydkZ4cHlXMEVVdz09',	'',	0,	'http://votivelaravel.in/roadNstays/public/uploads/profile_image/1656063127.jpeg',	NULL,	NULL,	NULL,	NULL,	NULL,	NULL,	NULL,	NULL,	NULL,	NULL,	NULL,	'99',	'madhya pradesh',	'indore',	NULL,	NULL,	NULL,	'Rajendra Nagar',	NULL,	NULL,	NULL,	NULL,	NULL,	'web',	NULL,	NULL,	'dsf',	'cxcv',	'dfdf',	'2kBJbM',	NULL,	1,	NULL,	NULL,	NULL,	NULL,	NULL,	NULL,	NULL,	NULL,	NULL,	NULL,	NULL,	NULL,	NULL,	NULL,	'2022-06-24 05:47:56',	'2022-06-24 10:39:25',	NULL,	NULL,	NULL,	NULL,	NULL),
(645,	'normal_user',	'neha',	'mandloi',	'votivephp.neha679@gmail.com',	'234156590',	'$2y$10$LDOHwFfaKAbkkpVbOUxp4eOAAVR7wdACXfeKWoKM3L5932SHzlsiK',	2,	1,	0,	'azF4UVhRTEI5SXFXRHFRTElmSWZOZz09',	'',	0,	'http://votivelaravel.in/roadNstays/public/uploads/profile_image/1656067497.jpg',	NULL,	NULL,	NULL,	NULL,	NULL,	NULL,	NULL,	NULL,	NULL,	NULL,	NULL,	'99',	'madhya pradesh',	'indore',	NULL,	NULL,	NULL,	'Rajendra Nagar',	NULL,	NULL,	NULL,	NULL,	NULL,	'web',	NULL,	NULL,	'cvvcx',	'vcvcv',	'ccxvc',	'LDLcit',	NULL,	1,	NULL,	NULL,	NULL,	NULL,	NULL,	NULL,	NULL,	NULL,	NULL,	NULL,	NULL,	NULL,	NULL,	NULL,	'2022-06-24 10:44:58',	'2022-06-24 10:46:43',	NULL,	NULL,	NULL,	NULL,	NULL),
(649,	'normal_user',	'nakul',	'Votive',	'votive.mrk1@gmail.com',	'9993776088',	'$2y$10$8qW6frLZo19LxIWqCduJK.UZSznGwXvAMolkfNUBYQke8VXDymp/W',	2,	1,	0,	NULL,	NULL,	0,	NULL,	NULL,	NULL,	NULL,	NULL,	NULL,	NULL,	NULL,	NULL,	NULL,	NULL,	NULL,	'99',	'madhya pradesh',	'indore',	NULL,	NULL,	NULL,	'Rajendra Nagar',	NULL,	NULL,	NULL,	NULL,	NULL,	NULL,	NULL,	NULL,	'ss',	'ss',	'Ios',	NULL,	NULL,	1,	NULL,	NULL,	NULL,	NULL,	NULL,	NULL,	NULL,	NULL,	NULL,	NULL,	NULL,	NULL,	NULL,	NULL,	'2022-06-24 10:54:14',	'2022-06-28 10:35:43',	NULL,	NULL,	NULL,	NULL,	NULL),
(678,	'normal_user',	'test',	'buyer',	'votivephp.nehaojha-buyer@gmail.com',	'408-651-5221',	'0e7517141fb53f21ee439b355b5a1d0a',	2,	1,	0,	NULL,	NULL,	0,	NULL,	NULL,	NULL,	NULL,	NULL,	NULL,	NULL,	NULL,	NULL,	NULL,	NULL,	NULL,	'99',	'madhya pradesh',	'indore',	NULL,	NULL,	NULL,	'Rajendra Nagar',	NULL,	NULL,	NULL,	NULL,	NULL,	'paypal',	NULL,	NULL,	NULL,	NULL,	NULL,	NULL,	NULL,	1,	NULL,	NULL,	NULL,	NULL,	NULL,	NULL,	NULL,	NULL,	NULL,	NULL,	NULL,	NULL,	NULL,	NULL,	'2022-06-28 11:49:00',	'2022-06-28 11:49:00',	NULL,	NULL,	NULL,	NULL,	NULL),
(689,	'normal_user',	'facilitator',	'account',	'deepaksahucwa-facilitator@gmail.com',	'408-582-1562',	'0e7517141fb53f21ee439b355b5a1d0a',	2,	1,	0,	NULL,	NULL,	0,	NULL,	NULL,	NULL,	NULL,	NULL,	NULL,	NULL,	NULL,	NULL,	NULL,	NULL,	NULL,	'99',	'madhya pradesh',	'indore',	NULL,	NULL,	NULL,	'Rajendra Nagar',	NULL,	NULL,	NULL,	NULL,	NULL,	'paypal',	NULL,	NULL,	NULL,	NULL,	NULL,	NULL,	NULL,	1,	NULL,	NULL,	NULL,	NULL,	NULL,	NULL,	NULL,	NULL,	NULL,	NULL,	NULL,	NULL,	NULL,	NULL,	'2022-06-30 13:07:14',	'2022-06-30 13:07:14',	NULL,	NULL,	NULL,	NULL,	NULL),
(712,	'normal_user',	'krishna',	'patel',	'votivedesigner.krishna@gmail.com',	'9575487052',	'$2y$10$4ZzYLkTXVhJibZq7Mnu8WOiHlkGWpNAnAVAnypRnLGpUdZijCJ/g2',	2,	0,	0,	NULL,	NULL,	0,	'1a-1656928730.jpg',	NULL,	NULL,	NULL,	NULL,	NULL,	NULL,	NULL,	NULL,	NULL,	NULL,	NULL,	'99',	'madhya pradesh',	'indore',	NULL,	NULL,	NULL,	'Rajendra Nagar',	NULL,	NULL,	NULL,	NULL,	NULL,	NULL,	NULL,	NULL,	NULL,	NULL,	NULL,	NULL,	NULL,	1,	NULL,	NULL,	NULL,	NULL,	NULL,	NULL,	NULL,	NULL,	NULL,	NULL,	NULL,	NULL,	NULL,	NULL,	'2022-07-02 06:26:07',	'2022-07-02 11:43:47',	NULL,	NULL,	NULL,	NULL,	NULL),
(754,	'normal_user',	'devid',	'dhawan',	'votivedeepak.php@gmail.com',	'8978987898',	'$2y$10$KC92IWcngGCJ6qqUg1gXv.AsU3ifvjSH6SdOOdR9r1iQ8EP6KPtRa',	2,	1,	0,	'YTFJbDIrYldKdUFDckhZL09GYTBQQT09',	'',	0,	'http://votivelaravel.in/roadNstays/resources/assets/images/blank_user.jpg',	NULL,	NULL,	NULL,	NULL,	NULL,	NULL,	NULL,	NULL,	NULL,	NULL,	NULL,	'99',	NULL,	NULL,	NULL,	NULL,	NULL,	NULL,	NULL,	NULL,	NULL,	NULL,	NULL,	'web',	NULL,	NULL,	'123',	'14566',	'android',	'MPOi9m',	NULL,	1,	NULL,	NULL,	NULL,	NULL,	NULL,	NULL,	NULL,	NULL,	NULL,	NULL,	NULL,	NULL,	NULL,	NULL,	'2022-07-07 06:17:46',	'2022-07-07 06:17:46',	NULL,	NULL,	NULL,	NULL,	NULL),
(755,	'normal_user',	'devid',	'dhawan',	'votivedeepak123.php@gmail.com',	'8978974147',	'$2y$10$2YISriK2evnRiTBIsAdYzedswm1yFbS5njB8edZ.i4uLMZy//qnhO',	2,	1,	0,	'eDJZZHlVRGpZalAyeklOOU1UUnRIdz09',	'',	0,	'http://votivelaravel.in/roadNstays/resources/assets/images/blank_user.jpg',	NULL,	NULL,	NULL,	NULL,	NULL,	NULL,	NULL,	NULL,	NULL,	NULL,	NULL,	'99',	NULL,	NULL,	NULL,	NULL,	NULL,	NULL,	NULL,	NULL,	NULL,	NULL,	NULL,	'web',	NULL,	NULL,	'123',	'14566',	'android',	'ypJIOP',	NULL,	1,	NULL,	NULL,	NULL,	NULL,	NULL,	NULL,	NULL,	NULL,	NULL,	NULL,	NULL,	NULL,	NULL,	NULL,	'2022-07-07 06:20:07',	'2022-07-07 06:20:07',	NULL,	NULL,	NULL,	NULL,	NULL),
(789,	'normal_user',	'devid',	'dhawan',	'votivedeepak1.php@gmail.com',	'8978974447',	'$2y$10$lw9LeJtpgX/ywPDuhM2Pnu0SuOf41sqfklgesuoS6GagLbitlbmga',	2,	1,	0,	'UEJzUlEzcTdKWC9jYmIyTVJ1YlFpZz09',	'',	0,	'http://votivelaravel.in/roadNstays/resources/assets/images/blank_user.jpg',	NULL,	NULL,	NULL,	NULL,	NULL,	NULL,	NULL,	NULL,	NULL,	NULL,	NULL,	'99',	NULL,	NULL,	NULL,	NULL,	NULL,	NULL,	NULL,	NULL,	NULL,	NULL,	NULL,	'web',	NULL,	NULL,	'123',	'14566',	'android',	'1PJJ5t',	NULL,	1,	NULL,	NULL,	NULL,	NULL,	NULL,	NULL,	NULL,	NULL,	NULL,	NULL,	NULL,	NULL,	NULL,	NULL,	'2022-07-08 06:01:52',	'2022-07-08 06:01:52',	NULL,	NULL,	NULL,	NULL,	NULL),
(790,	'normal_user',	'devid',	'dhawan',	'votivedeepak11.php@gmail.com',	'8978971117',	'$2y$10$sh3/paT.wVQk.F848BtgzewDd4hVBMMPGvnyqVsnuv7OS82M/wocq',	2,	1,	0,	'TGNieGJTdzM4ZFJmK2lUK202LzhtUT09',	'',	0,	'https://votivetechnologies.in/roadNstays/resources/assets/images/blank_user.jpg',	NULL,	NULL,	NULL,	NULL,	NULL,	NULL,	NULL,	NULL,	NULL,	NULL,	NULL,	'99',	NULL,	NULL,	NULL,	NULL,	NULL,	NULL,	NULL,	NULL,	NULL,	NULL,	NULL,	'web',	NULL,	NULL,	'123',	'14566',	'android',	'TdOCHQ',	NULL,	1,	NULL,	NULL,	NULL,	NULL,	NULL,	NULL,	NULL,	NULL,	NULL,	NULL,	NULL,	NULL,	NULL,	NULL,	'2022-07-08 06:02:23',	'2022-07-08 06:02:23',	NULL,	NULL,	NULL,	NULL,	NULL),
(791,	'normal_user',	'devid',	'dhawan',	'votivedeepak110.php@gmail.com',	'8978978817',	'$2y$10$021kPZF26DUzhfYu/8FBoOQIc3.aSgBxGQBSBe9kRSGxRuWXGe4fq',	2,	1,	0,	'dmd5QjRzQ0lqd0lWYlljbk9DU2dYdz09',	'',	0,	'https://votivetechnologies.in/roadNstays/resources/assets/images/blank_user.jpg',	NULL,	NULL,	NULL,	NULL,	NULL,	NULL,	NULL,	NULL,	NULL,	NULL,	NULL,	'99',	NULL,	NULL,	NULL,	NULL,	NULL,	NULL,	NULL,	NULL,	NULL,	NULL,	NULL,	'web',	NULL,	NULL,	'123',	'14566',	'android',	'bh3Pm7',	NULL,	1,	NULL,	NULL,	NULL,	NULL,	NULL,	NULL,	NULL,	NULL,	NULL,	NULL,	NULL,	NULL,	NULL,	NULL,	'2022-07-08 06:05:28',	'2022-07-08 06:05:28',	NULL,	NULL,	NULL,	NULL,	NULL),
(819,	'normal_user',	'Pushpendra',	'Jha',	'pushpendrajha88@gmail.com',	'9179004123',	'$2y$10$7Y7QGobXjBeOVOWCNYKrkOFfPPUPDCTcsL5hBCXN2Zg0d09Ig3rVe',	2,	0,	0,	NULL,	NULL,	0,	'13-i-day-15-1502781235_1632378217-1657519719.jpg',	NULL,	NULL,	NULL,	NULL,	NULL,	NULL,	NULL,	NULL,	NULL,	NULL,	NULL,	'99',	'Madhya Pradesh',	'Indore',	452001,	NULL,	NULL,	'Indore',	NULL,	NULL,	NULL,	NULL,	NULL,	NULL,	NULL,	NULL,	NULL,	NULL,	NULL,	NULL,	NULL,	1,	NULL,	NULL,	NULL,	NULL,	NULL,	NULL,	NULL,	NULL,	NULL,	NULL,	NULL,	NULL,	NULL,	NULL,	'2022-07-11 06:06:08',	'2022-07-11 06:06:08',	NULL,	NULL,	NULL,	NULL,	NULL),
(832,	'normal_user',	'rahul',	'solanki',	'votivephp.rahulraj@gmail.com',	'9425095440',	'$2y$10$3CoeSsM2iMZhB/JGB2WuB.dBs/TzOFAy72fdOZB7TLOdQSaYxWqxC',	2,	1,	0,	NULL,	NULL,	0,	NULL,	NULL,	NULL,	NULL,	NULL,	NULL,	NULL,	NULL,	NULL,	NULL,	NULL,	NULL,	'99',	NULL,	NULL,	NULL,	NULL,	NULL,	NULL,	NULL,	NULL,	NULL,	NULL,	NULL,	NULL,	NULL,	NULL,	NULL,	NULL,	NULL,	'',	NULL,	1,	NULL,	NULL,	NULL,	NULL,	NULL,	NULL,	NULL,	NULL,	NULL,	NULL,	NULL,	NULL,	NULL,	NULL,	'2022-07-12 09:53:45',	'2022-07-12 09:54:35',	NULL,	NULL,	NULL,	NULL,	NULL),
(833,	'service_provider',	'rahul solanki',	'rahul solanki',	'votivephp.rahul@gmail.com',	'9425095440',	'$2y$10$eR3wnYu0BGkjZgekUnssXOVRuaXhPOEmYsuG7mJD/CrzkGh4vmWSq',	4,	1,	0,	NULL,	NULL,	0,	NULL,	NULL,	NULL,	NULL,	NULL,	NULL,	NULL,	NULL,	NULL,	NULL,	NULL,	NULL,	'99',	NULL,	NULL,	NULL,	NULL,	NULL,	NULL,	NULL,	NULL,	NULL,	NULL,	NULL,	NULL,	NULL,	NULL,	NULL,	NULL,	NULL,	'',	NULL,	1,	NULL,	NULL,	NULL,	NULL,	NULL,	NULL,	NULL,	NULL,	NULL,	NULL,	NULL,	NULL,	NULL,	NULL,	'2022-07-12 10:05:14',	'2022-07-12 10:26:21',	NULL,	NULL,	NULL,	NULL,	NULL),
(834,	'service_provider',	'Pushpendra',	'Jha',	'votivephppushpendra@gmail.com',	'9179004123',	'$2y$10$ckRPMs1uuAB77Os.KV9Whe.pPVUVCe7iuRxTJBZ9IJpWbwbNc84US',	4,	1,	0,	NULL,	NULL,	0,	NULL,	NULL,	NULL,	NULL,	NULL,	NULL,	NULL,	NULL,	NULL,	NULL,	NULL,	NULL,	'99',	NULL,	NULL,	NULL,	NULL,	NULL,	NULL,	NULL,	NULL,	NULL,	NULL,	NULL,	NULL,	NULL,	NULL,	NULL,	NULL,	NULL,	'',	NULL,	1,	NULL,	NULL,	NULL,	NULL,	NULL,	NULL,	NULL,	NULL,	NULL,	NULL,	NULL,	NULL,	NULL,	NULL,	'2022-07-12 10:09:51',	'2022-07-14 13:20:39',	NULL,	NULL,	NULL,	NULL,	NULL),
(837,	'normal_user',	'srb',	'sahu',	'votivetester.saurabh@gmail.com',	'9874562585',	'$2y$10$AL2yru1D8rwRN/WkzV5/PuHtr3j9qX/xf/4ZHf1Ly67FnJezCTyLe',	2,	0,	0,	NULL,	NULL,	0,	'pexels-deno-wang-11671086-1659100316.jpg',	NULL,	NULL,	NULL,	NULL,	NULL,	NULL,	NULL,	NULL,	NULL,	NULL,	NULL,	'99',	'madhya pradesh',	'indore',	452001,	NULL,	NULL,	'rnt road',	NULL,	NULL,	NULL,	NULL,	NULL,	NULL,	NULL,	NULL,	NULL,	NULL,	NULL,	NULL,	NULL,	1,	NULL,	NULL,	NULL,	NULL,	NULL,	NULL,	NULL,	NULL,	NULL,	NULL,	NULL,	NULL,	NULL,	NULL,	'2022-07-13 05:03:05',	'2022-07-25 12:16:27',	NULL,	NULL,	NULL,	NULL,	'7174'),
(877,	'service_provider',	'saurabh',	'sahu',	'ssnothinginlife@gmail.com',	'9874562584',	'$2y$10$1Bfqpt6bBVZwVJWrxzUcROU4P7Gfv.AXYqfQdWPg1TM0wGnuz4CUq',	4,	0,	0,	NULL,	NULL,	0,	'pexels-elina-sazonova-1838554-1659092302.jpg',	NULL,	NULL,	NULL,	NULL,	NULL,	NULL,	NULL,	NULL,	NULL,	NULL,	NULL,	'99',	'madhya pradesh',	'indore',	452001,	NULL,	NULL,	'rnt road',	NULL,	NULL,	NULL,	NULL,	NULL,	NULL,	NULL,	NULL,	NULL,	NULL,	NULL,	NULL,	NULL,	1,	NULL,	NULL,	NULL,	NULL,	NULL,	NULL,	NULL,	NULL,	NULL,	NULL,	NULL,	NULL,	NULL,	NULL,	'2022-07-16 06:16:02',	'2022-07-25 12:15:50',	NULL,	NULL,	NULL,	NULL,	NULL),
(934,	'service_provider',	'Ayesha',	'Zahid',	'ayeshazahid913@gmail.com',	'0123456789',	'$2y$10$fWGx89OUWgk7Qu64gDZFmOMEeloGibkva2z1piPcLxdJf9RpUZSeS',	4,	1,	0,	'M3ZMdE9qZVlvMnJpV1d5RlUwcWNQUT09',	NULL,	0,	NULL,	NULL,	NULL,	NULL,	NULL,	NULL,	NULL,	NULL,	NULL,	NULL,	NULL,	NULL,	'162',	NULL,	'lahore',	NULL,	NULL,	NULL,	'lahore',	NULL,	NULL,	NULL,	NULL,	NULL,	'web',	NULL,	NULL,	NULL,	NULL,	NULL,	'TYRTli',	NULL,	1,	NULL,	NULL,	NULL,	NULL,	NULL,	NULL,	NULL,	NULL,	NULL,	NULL,	NULL,	NULL,	NULL,	NULL,	'2022-07-26 10:58:01',	'2022-07-26 10:58:01',	NULL,	NULL,	NULL,	NULL,	NULL),
(938,	'normal_user',	NULL,	NULL,	'ayesharoadnstay@gmail.com',	'0123566895',	'$2y$10$DEdt0vNDqk8BGccNrOMpFOScxlok9tKIs5d3rSeCY1XaSeIhiis9K',	2,	0,	0,	NULL,	NULL,	0,	NULL,	NULL,	NULL,	NULL,	NULL,	NULL,	NULL,	NULL,	NULL,	NULL,	NULL,	NULL,	'99',	NULL,	NULL,	NULL,	NULL,	NULL,	NULL,	NULL,	NULL,	NULL,	NULL,	NULL,	NULL,	NULL,	NULL,	NULL,	NULL,	NULL,	NULL,	NULL,	1,	NULL,	NULL,	NULL,	NULL,	NULL,	NULL,	NULL,	NULL,	NULL,	NULL,	NULL,	NULL,	NULL,	NULL,	'2022-07-26 19:42:53',	'2022-07-26 19:42:53',	NULL,	NULL,	NULL,	NULL,	NULL),
(962,	'service_provider',	'z',	'x',	'z@x',	'7412583697',	'$2y$10$MGFsDfj0tQn9GDKsrKBI0OBc2TAzMA0WWNRT/ycAOuhzM35mtxEGu',	4,	1,	0,	'RlJwTGxTWjdWNm9tNGVxQVczd2VSZz09',	NULL,	0,	NULL,	NULL,	NULL,	NULL,	NULL,	NULL,	NULL,	NULL,	NULL,	NULL,	NULL,	NULL,	'99',	NULL,	'indore',	NULL,	NULL,	NULL,	'rnt',	NULL,	NULL,	NULL,	NULL,	NULL,	'web',	NULL,	NULL,	NULL,	NULL,	NULL,	'6MRvMq',	NULL,	1,	NULL,	NULL,	NULL,	NULL,	NULL,	NULL,	NULL,	NULL,	NULL,	NULL,	NULL,	NULL,	NULL,	NULL,	'2022-07-30 05:03:47',	'2022-07-30 05:03:47',	NULL,	NULL,	NULL,	NULL,	NULL);

DROP TABLE IF EXISTS `users1`;
CREATE TABLE `users1` (
  `id` bigint(20) unsigned NOT NULL AUTO_INCREMENT,
  `name` varchar(255) COLLATE utf8mb4_unicode_ci NOT NULL,
  `email` varchar(255) COLLATE utf8mb4_unicode_ci NOT NULL,
  `email_verified_at` timestamp NULL DEFAULT NULL,
  `password` varchar(255) COLLATE utf8mb4_unicode_ci NOT NULL,
  `remember_token` varchar(100) COLLATE utf8mb4_unicode_ci DEFAULT NULL,
  `created_at` timestamp NULL DEFAULT NULL,
  `updated_at` timestamp NULL DEFAULT NULL,
  PRIMARY KEY (`id`),
  UNIQUE KEY `users_email_unique` (`email`)
) ENGINE=InnoDB DEFAULT CHARSET=utf8mb4 COLLATE=utf8mb4_unicode_ci;

INSERT INTO `users1` (`id`, `name`, `email`, `email_verified_at`, `password`, `remember_token`, `created_at`, `updated_at`) VALUES
(1,	'Admin',	'admin1@gmail.com',	NULL,	'$2y$10$Rm5FC2i6utcbScNomUg2mO0PzaoOYZ.ni5z4Zd1/9T5.Qs3I/1eiO',	NULL,	'2022-05-19 05:56:14',	'2022-05-19 05:56:14'),
(2,	'Admin',	'admin@gmail.com',	NULL,	'$2y$10$2m7C0Bp9Usm9up6wZU.ee.jU9lsLFHJvzAcNQ2d7iWHZuwe/buZ1K',	NULL,	'2022-05-19 01:13:31',	'2022-05-19 01:13:31');

DROP TABLE IF EXISTS `vendors`;
CREATE TABLE `vendors` (
  `id` bigint(20) unsigned NOT NULL AUTO_INCREMENT,
  `name` varchar(255) COLLATE utf8mb4_unicode_ci NOT NULL,
  `email` varchar(255) COLLATE utf8mb4_unicode_ci NOT NULL,
  `email_verified_at` timestamp NULL DEFAULT NULL,
  `password` varchar(255) COLLATE utf8mb4_unicode_ci NOT NULL,
  `remember_token` varchar(100) COLLATE utf8mb4_unicode_ci DEFAULT NULL,
  `created_at` timestamp NULL DEFAULT NULL,
  `updated_at` timestamp NULL DEFAULT NULL,
  PRIMARY KEY (`id`),
  UNIQUE KEY `admin_email_unique` (`email`)
) ENGINE=InnoDB DEFAULT CHARSET=utf8mb4 COLLATE=utf8mb4_unicode_ci;

INSERT INTO `vendors` (`id`, `name`, `email`, `email_verified_at`, `password`, `remember_token`, `created_at`, `updated_at`) VALUES
(1,	'Rahul Vendor',	'vendor@gmail.com',	NULL,	'$2y$10$Fx3agFuck9jKNbH9FQyMTet9bMhW60ta18O.J0E1/hed.g79mA0jC',	NULL,	'2022-05-19 01:44:25',	'2022-05-19 01:44:25');

-- 2022-07-30 05:23:54
